Id,ContractNumber,Status,StartDate,EndDate,CustomerSignedDate,BillingStreet,BillingCity,BillingState,BillingPostalCode,BillingCountry,Description,CreatedDate,ContractTerm,AccountId,Pricebook2Id
800nuuzOKHeqKwYYBI,CTR-00000001,Activated,2026-01-04,2029-12-14,2026-01-03,9852 Watson Lake Suite 992,Northhaven,CA,82976,United States,Synthetic commercial agreement for products and services.,2025-10-07T09:49:21Z,48,001aRI7kJhlvTf0QY9,01sJqGPflRJqwqCPRW
80080H3xoC3J7C4QC7,CTR-00000002,Draft,2022-06-19,2025-06-03,2022-06-12,88135 Jones Mount,Willow Harbor,WA,70278,United States,Synthetic commercial agreement for products and services.,2022-05-12T22:11:37Z,36,001ClNAQA1Xn4fUINT,01sJqGPflRJqwqCPRW
800zATKURG1GyvwICD,CTR-00000003,Expired,2021-05-20,2025-04-29,2021-05-12,60310 White Parks Apt. 180,Alder Bay,CO,49358,United States,Synthetic commercial agreement for products and services.,2021-03-15T12:27:27Z,48,00180qOlX8UtZ7HQTK,01sQ4LtuJF9K1vlMFT
8001LkXFbGoaJPdIB9,CTR-00000004,Activated,2026-01-25,2029-01-09,2026-01-24,32594 Timothy Dam,Alder Bay,NC,49737,United States,Synthetic commercial agreement for products and services.,2025-11-09T00:11:15Z,36,0011qafIoKOaGWeA3A,01sf902KvuoXgXtOGX
800dkaw6CfGALmZACU,CTR-00000005,Activated,2024-03-25,2026-03-15,2024-03-12,4490 Timothy Pass,Lake Briar,WA,29716,United States,Synthetic commercial agreement for products and services.,2024-01-01T04:24:39Z,24,0011Ah4A4sWSLAjA4O,01sJqGPflRJqwqCPRW
800NbbYTi4ZGZCwQKZ,CTR-00000006,Activated,2024-06-20,2025-06-15,2024-06-17,976 Cooper Row,Cedar Crossing,CA,66838,United States,Synthetic commercial agreement for products and services.,2024-05-13T10:23:57Z,12,001Ivgehi2RhpxmIXK,01sQ4LtuJF9K1vlMFT
800bUW6Ak8jmWLPY6R,CTR-00000007,In Approval Process,2024-09-30,2026-09-20,2024-09-17,19352 Nicholas Meadow Suite 105,Northhaven,CA,62425,United States,Synthetic commercial agreement for products and services.,2024-07-04T06:11:55Z,24,001ev39cBq0xejNIY0,01sf902KvuoXgXtOGX
800pdRvmMT62G8OAUJ,CTR-00000008,Activated,2023-03-08,2024-03-02,2023-02-23,6376 Kathryn Divide,Northhaven,MA,47373,United States,Synthetic commercial agreement for products and services.,2023-02-02T01:39:31Z,12,00152hx60eiLsO2QGQ,01sJqGPflRJqwqCPRW
800WzBbamb8GTqVQ1C,CTR-00000009,Expired,2023-04-03,2025-03-23,2023-03-30,14636 Thomas Fords Apt. 103,Northhaven,OR,94130,United States,Synthetic commercial agreement for products and services.,2023-01-24T03:25:49Z,24,001SDonDyKHRDRwYPS,
800HnP1eXrmyldDIW2,CTR-00000010,Draft,2022-11-28,2025-11-12,2022-11-19,69615 Bell Canyon Suite 428,Lake Briar,TX,94830,United States,Synthetic commercial agreement for products and services.,2022-10-22T08:30:24Z,36,001FUJDI7PYzDeCQBR,01sQ4LtuJF9K1vlMFT
800Hra3ltpziM6lICV,CTR-00000011,Expired,2021-08-15,2024-07-30,2021-08-01,4016 Frank Point,Alder Bay,CA,42024,United States,Synthetic commercial agreement for products and services.,2021-07-15T23:13:02Z,36,001b6p7wMuocXZFIKR,01sJqGPflRJqwqCPRW
800bBdb4IylBi9uIFG,CTR-00000012,In Approval Process,2021-10-09,2022-10-04,2021-10-03,23808 Darrell Courts Suite 365,Northhaven,TX,18756,United States,Synthetic commercial agreement for products and services.,2021-09-21T17:47:40Z,12,001aJFstC9yWgafQNG,01sf902KvuoXgXtOGX
800TDg4eAVdXb61I6Z,CTR-00000013,In Approval Process,2026-02-18,2030-01-28,2026-02-14,378 Bass Run,Willow Harbor,NC,49990,United States,Synthetic commercial agreement for products and services.,2025-11-27T07:40:07Z,48,001yVmlwCnpWY0fA4W,01sJqGPflRJqwqCPRW
8003R3lowrusGp3QO2,CTR-00000014,Activated,2026-07-31,2029-07-15,2026-07-27,4257 Phelps Pine Suite 448,Willow Harbor,OR,96776,United States,Synthetic commercial agreement for products and services.,2026-05-22T12:50:17Z,36,001Ivgehi2RhpxmIXK,01sf902KvuoXgXtOGX
8005TfwTaKJRMeqYSD,CTR-00000015,Activated,2022-01-23,2024-01-13,2022-01-18,508 Campbell Fork,Cedar Crossing,WA,55879,United States,Synthetic commercial agreement for products and services.,2021-11-10T09:07:57Z,24,001Ee8rMt958Fh9Y0A,01sJqGPflRJqwqCPRW
800rBeZ6rfybwaFIWA,CTR-00000016,In Approval Process,2023-01-15,2025-12-30,2023-01-09,6098 Adams Walk Apt. 544,Northhaven,WA,76375,United States,Synthetic commercial agreement for products and services.,2022-12-31T02:37:57Z,36,001Y7WfxpecwwzUQ8R,01sJqGPflRJqwqCPRW
800kockSrUGlb2QALM,CTR-00000017,Expired,2025-02-01,2027-01-22,2025-01-26,752 Julie Ways,Summit Glen,TX,27931,United States,Synthetic commercial agreement for products and services.,2024-11-08T00:34:03Z,24,001ZIcBit9DhXpUAPA,01sQ4LtuJF9K1vlMFT
800CzxUbTu2VpkaANO,CTR-00000018,In Approval Process,2024-01-13,2025-01-07,2024-01-01,6718 Marks Hills Apt. 974,Northhaven,OR,43288,United States,Synthetic commercial agreement for products and services.,2023-12-21T19:50:52Z,12,001ViLIuvoOkEvIYR2,01sf902KvuoXgXtOGX
800RGVUPad0BN8kAMG,CTR-00000019,Draft,2025-01-26,2028-01-11,2025-01-14,161 Brad Flat,Willow Harbor,CO,87968,United States,Synthetic commercial agreement for products and services.,2024-12-27T03:27:27Z,36,001r2Zt5bJoZh5cI46,01sQ4LtuJF9K1vlMFT
800nUdo9OcX1889IBC,CTR-00000020,Activated,2021-12-05,2023-11-25,2021-11-30,6981 Little Passage Suite 311,Summit Glen,CO,20485,United States,Synthetic commercial agreement for products and services.,2021-11-06T09:55:05Z,24,001JTximtecXZZ0IK7,01sf902KvuoXgXtOGX
800xrloepD6l9xhY8I,CTR-00000021,Activated,2022-08-07,2023-08-02,2022-08-05,832 Davila Common Apt. 665,Alder Bay,MA,16112,United States,Synthetic commercial agreement for products and services.,2022-06-27T07:49:33Z,12,001ClNAQA1Xn4fUINT,01sf902KvuoXgXtOGX
8000PJp9yvn57VuQXG,CTR-00000022,Draft,2022-11-03,2025-10-18,2022-10-23,99411 Oconnor Pike Suite 245,Northhaven,NC,89063,United States,Synthetic commercial agreement for products and services.,2022-09-28T06:41:25Z,36,001DbG9gnZEl0ZPAAY,01sf902KvuoXgXtOGX
800TPWCqF9gFCDbYMI,CTR-00000023,Activated,2025-02-14,2028-01-30,2025-02-09,31355 Baxter Cliffs Apt. 222,Lake Briar,CA,42361,United States,Synthetic commercial agreement for products and services.,2024-12-07T19:42:06Z,36,001ViLIuvoOkEvIYR2,01sf902KvuoXgXtOGX
8007o0C2iKsy0FYIR5,CTR-00000024,Draft,2026-02-17,2031-01-22,2026-02-09,561 Hill Mountains,Willow Harbor,OR,82238,United States,Synthetic commercial agreement for products and services.,2025-12-28T21:24:00Z,60,001G40EGKjt7p96I7T,
800c9Ss6mA1hSENQB0,CTR-00000025,In Approval Process,2022-03-12,2024-03-01,2022-03-04,762 Cody Shoals,Northhaven,OR,26206,United States,Synthetic commercial agreement for products and services.,2022-01-27T06:34:08Z,24,001j7iSsvqojgmCYMF,01sf902KvuoXgXtOGX
800nULrd1gB72zHQST,CTR-00000026,Expired,2024-01-25,2026-01-14,2024-01-20,475 Dalton Greens,Lake Briar,WA,11086,United States,Synthetic commercial agreement for products and services.,2023-11-24T06:50:37Z,24,,01sQ4LtuJF9K1vlMFT
800OYKhktEVxibyIWR,CTR-00000027,In Approval Process,2022-08-06,2025-07-21,2022-08-02,46189 Stewart Cliff,Willow Harbor,OR,10439,United States,Synthetic commercial agreement for products and services.,2022-06-23T22:33:55Z,36,00134kztbICJD2tYCZ,01sf902KvuoXgXtOGX
8007w3vo8zs96xnQUO,CTR-00000028,Activated,2023-07-12,2025-07-01,2023-07-04,45356 Bradley Estate,Lake Briar,OR,96662,United States,Synthetic commercial agreement for products and services.,2023-06-08T16:27:05Z,24,001yQSD3rwvt3ZBAV9,01sJqGPflRJqwqCPRW
800rDKBvHRWNHCRQSP,CTR-00000029,Activated,2021-11-28,2024-11-12,2021-11-19,32317 Michelle Orchard,Alder Bay,CO,20236,United States,Synthetic commercial agreement for products and services.,2021-11-04T23:18:31Z,36,001Cf0Zp88DAw7JQGL,01sf902KvuoXgXtOGX
800QxMVsNQ8IKBGQ8C,CTR-00000030,Draft,2021-09-03,2026-08-08,2021-08-25,8322 Morgan Island Suite 440,Cedar Crossing,MA,48547,United States,Synthetic commercial agreement for products and services.,2021-06-15T20:02:16Z,60,001wOS4RTezb6AxY4U,
800IBNGcu9jdg6aY22,CTR-00000031,Draft,2025-06-06,2029-05-16,2025-06-04,28791 Allison Keys,Willow Harbor,OR,55609,United States,Synthetic commercial agreement for products and services.,2025-03-12T06:10:01Z,48,001ev39cBq0xejNIY0,01sJqGPflRJqwqCPRW
800PNfDT8vGy2TIA2A,CTR-00000032,Draft,2024-04-24,2026-04-14,2024-04-10,56650 Darren Corner,Summit Glen,TX,75013,United States,Synthetic commercial agreement for products and services.,2024-04-05T12:39:26Z,24,001upirIJhb5AGBA5J,01sQ4LtuJF9K1vlMFT
800RGzoGVNcuQYDI8E,CTR-00000033,In Approval Process,2022-11-05,2025-10-20,2022-10-25,99652 Kelsey Row,Lake Briar,NC,57563,United States,Synthetic commercial agreement for products and services.,2022-08-07T05:58:12Z,36,0018MjZShtig55PAG6,01sf902KvuoXgXtOGX
800WvqcgCiPOHLYY7Y,CTR-00000034,Draft,2022-09-09,2025-08-24,2022-09-05,415 Joel Village,Cedar Crossing,NC,59857,United States,Synthetic commercial agreement for products and services.,2022-06-11T14:05:16Z,36,001JTximtecXZZ0IK7,01sJqGPflRJqwqCPRW
800PCzsrEzQF5eJITV,CTR-00000035,Activated,2022-01-22,2025-01-06,2022-01-15,750 Diana Parkways,Summit Glen,CA,93502,United States,Synthetic commercial agreement for products and services.,2021-11-19T18:09:56Z,36,001TgK7Trt797foQCB,01sf902KvuoXgXtOGX
800HeaTKHGyIgFTQUX,CTR-00000036,Activated,2022-08-04,2024-07-24,2022-07-30,21767 Robert Springs,Alder Bay,NC,16600,United States,Synthetic commercial agreement for products and services.,2022-07-01T08:24:48Z,24,0010WdqUBYu4EriIM6,01sJqGPflRJqwqCPRW
800BsjYCuFtC0bqQNB,CTR-00000037,Activated,2025-12-08,2029-11-17,2025-12-02,369 Bishop Spurs Suite 246,Lake Briar,CO,49775,United States,Synthetic commercial agreement for products and services.,2025-11-02T04:59:04Z,48,001kBV5ho7M1GOwA4E,01sQ4LtuJF9K1vlMFT
800JionEv43ghMIAAH,CTR-00000038,Activated,2025-11-12,2028-10-27,2025-10-31,168 Phillip Cape,Alder Bay,OR,31164,United States,Synthetic commercial agreement for products and services.,2025-09-09T22:38:27Z,36,001mmu9iYNsqBnfYFC,01sQ4LtuJF9K1vlMFT
800s3ryY0AeyBfXYBJ,CTR-00000039,In Approval Process,2026-03-24,2028-03-13,2026-03-21,075 Gomez Street,Summit Glen,MA,56513,United States,Synthetic commercial agreement for products and services.,2026-02-11T20:31:16Z,24,001wOS4RTezb6AxY4U,01sf902KvuoXgXtOGX
800SwBY0Xzfjb31I9R,CTR-00000040,Draft,2024-09-15,2028-08-25,2024-09-11,139 Farrell Dam Apt. 487,Alder Bay,NC,79726,United States,Synthetic commercial agreement for products and services.,2024-07-28T09:23:08Z,48,001ViLIuvoOkEvIYR2,01sQ4LtuJF9K1vlMFT
800Gs3mrYlw15wsAB7,CTR-00000041,Activated,2021-05-08,2023-04-28,2021-04-30,719 Michael Ridges,Alder Bay,MA,38955,United States,Synthetic commercial agreement for products and services.,2021-04-02T05:11:23Z,24,001EocC12jSBhyyIOU,01sf902KvuoXgXtOGX
800kpf2eIHo94KVAPG,CTR-00000042,Draft,2024-05-03,2028-04-12,2024-04-27,511 Phillips Grove,Northhaven,CA,10559,United States,Synthetic commercial agreement for products and services.,2024-03-21T11:40:54Z,48,001kgFF0qALhnGGYD4,01sJqGPflRJqwqCPRW
800P8ANseyf1VOnAMT,CTR-00000043,Expired,2024-08-11,2025-08-06,2024-08-09,0395 Richardson Spur Suite 641,Willow Harbor,TX,57468,United States,Synthetic commercial agreement for products and services.,2024-06-14T17:26:08Z,12,001PygtS3FHgKj8Q8G,01sJqGPflRJqwqCPRW
800GUxm38HwDtYvY9H,CTR-00000044,In Approval Process,2022-04-15,2025-03-30,2022-04-10,23979 Guerra Avenue Suite 611,Northhaven,WA,47596,United States,Synthetic commercial agreement for products and services.,2022-02-01T13:00:30Z,36,001U2E3Mrt3KZlKQE7,01sQ4LtuJF9K1vlMFT
800SXJvNh5rbgrhA4C,CTR-00000045,In Approval Process,2021-01-30,2025-01-09,2021-01-18,584 Brian Turnpike,Alder Bay,MA,73056,United States,Synthetic commercial agreement for products and services.,2021-01-21T04:39:32Z,48,001MfuiALipgsrAIEL,01sQ4LtuJF9K1vlMFT
800R8kJjrZFsrVrQ65,CTR-00000046,In Approval Process,2025-03-03,2027-02-21,2025-02-19,41406 Charles Tunnel Apt. 759,Northhaven,NC,26151,United States,Synthetic commercial agreement for products and services.,2025-01-11T02:20:32Z,24,001lpuGrFmSTBnuY0M,01sQ4LtuJF9K1vlMFT
800vZk6n4FMj4FkQXM,CTR-00000047,Draft,2022-09-15,2026-08-25,2022-09-02,0326 Thompson Vista Apt. 234,Lake Briar,WA,64069,United States,Synthetic commercial agreement for products and services.,2022-07-01T09:44:07Z,48,001G40EGKjt7p96I7T,
800PRqHYLmpd1BlA99,CTR-00000048,Activated,2022-01-05,2026-12-10,2022-01-01,10235 Peter Divide Suite 056,Alder Bay,WA,55686,United States,Synthetic commercial agreement for products and services.,2021-12-26T09:19:24Z,60,001C3SilogoPTPGIWX,01sQ4LtuJF9K1vlMFT
80079x86qqMK8rBI1W,CTR-00000049,Draft,2022-07-14,2024-07-03,2022-07-12,600 Danielle Heights,Cedar Crossing,MA,94476,United States,Synthetic commercial agreement for products and services.,2022-07-02T08:20:16Z,24,001KKAmmyUimvp7AGR,01sf902KvuoXgXtOGX
800dQ5vvReLRwMsY9D,CTR-00000050,Expired,2022-10-17,2023-10-12,2022-10-07,359 Brown Expressway Apt. 023,Summit Glen,MA,32648,United States,Synthetic commercial agreement for products and services.,2022-09-30T02:26:19Z,12,001Ivgehi2RhpxmIXK,01sf902KvuoXgXtOGX
800hkGgUCoOa2G6ABA,CTR-00000051,Expired,2024-02-05,2028-01-15,2024-01-24,316 Hensley Rapids Apt. 822,Northhaven,NC,85614,United States,Synthetic commercial agreement for products and services.,2024-01-18T23:01:02Z,48,001XFpYyxD2bjtqY54,01sQ4LtuJF9K1vlMFT
80012mZOYFXyz8KQEI,CTR-00000052,In Approval Process,2024-07-17,2028-06-26,2024-07-08,29350 Watkins Crossing Apt. 448,Willow Harbor,TX,94305,United States,Synthetic commercial agreement for products and services.,2024-06-08T04:15:51Z,48,001K8KFXGzOosWAASK,01sJqGPflRJqwqCPRW
800ffoNlU824GOMIGZ,CTR-00000053,Activated,2025-05-31,2027-05-21,2025-05-20,582 Hamilton Lock Apt. 393,Lake Briar,TX,78302,United States,Synthetic commercial agreement for products and services.,2025-04-01T22:51:24Z,24,001b6YbqymKD3ZDA0A,
8006rVKG4mAxYqpQ2Y,CTR-00000054,Activated,2024-01-08,2025-01-02,2024-01-01,515 Zimmerman Tunnel Apt. 316,Cedar Crossing,OR,19285,United States,Synthetic commercial agreement for products and services.,2023-12-26T17:23:22Z,12,0014WYoiYbOMlUgQDX,01sQ4LtuJF9K1vlMFT
800mYaFG358SfVvAZT,CTR-00000055,Activated,2026-05-21,2028-05-10,2026-05-12,5075 Hudson Hill Apt. 803,Lake Briar,CA,31645,United States,Synthetic commercial agreement for products and services.,2026-02-28T16:18:33Z,24,001WPEcjxhamiNXYYJ,01sJqGPflRJqwqCPRW
800Xx5FQgFz5fJ9YDO,CTR-00000056,Activated,2021-04-15,2023-04-05,2021-04-11,42248 Watson Mountains,Summit Glen,OR,73137,United States,Synthetic commercial agreement for products and services.,2021-02-09T05:18:31Z,24,001JcZQ7uhRMVxxILW,01sf902KvuoXgXtOGX
800h85RmJ9X26a9Q72,CTR-00000057,Expired,2022-09-18,2023-09-13,2022-09-08,02321 Crystal Underpass,Cedar Crossing,OR,24133,United States,Synthetic commercial agreement for products and services.,2022-08-06T16:25:29Z,12,001BH0vNAlwEWFXALI,01sf902KvuoXgXtOGX
800OaHM0k0z9703II9,CTR-00000058,Draft,2025-03-30,2028-03-14,2025-03-23,71819 Jason Street,Northhaven,CA,36036,United States,Synthetic commercial agreement for products and services.,2025-01-05T08:41:18Z,36,001EocC12jSBhyyIOU,
800z269R6ifpeYRQJR,CTR-00000059,Expired,2021-06-09,2022-06-04,2021-06-02,455 Keith Tunnel,Summit Glen,CO,58137,United States,Synthetic commercial agreement for products and services.,2021-05-26T22:09:31Z,12,001GikJVQQYFMgSI6M,01sQ4LtuJF9K1vlMFT
800n4tz6aaLIhBDI9E,CTR-00000060,Draft,2025-11-23,2030-10-28,2025-11-18,997 Bennett Mountains,Willow Harbor,TX,58388,United States,Synthetic commercial agreement for products and services.,2025-10-26T02:03:46Z,60,001vnn1W5RPN0LPYO8,01sf902KvuoXgXtOGX
80080r54gGj9ZoLIUE,CTR-00000061,Activated,2025-02-01,2027-01-22,2025-01-28,10679 Vasquez Corners Suite 498,Alder Bay,TX,14125,United States,Synthetic commercial agreement for products and services.,2024-11-28T22:01:12Z,24,001bEjr0cyFC7SBAXL,01sf902KvuoXgXtOGX
800c6BRUBx43sUQYKZ,CTR-00000062,In Approval Process,2024-05-15,2028-04-24,2024-05-03,626 Garner Extension Suite 709,Northhaven,OR,65872,United States,Synthetic commercial agreement for products and services.,2024-04-09T17:12:31Z,48,001wXq5LbckG7u9AEU,01sJqGPflRJqwqCPRW
800nieQ0jVSen1xQX9,CTR-00000063,Expired,2025-01-12,2027-12-28,2025-01-06,1931 Nathan Springs Apt. 677,Alder Bay,CO,13500,United States,Synthetic commercial agreement for products and services.,2024-10-15T11:29:13Z,36,001DbpAGYxaJeBJQYG,
800gpmIVGZfFMWtQB0,CTR-00000064,Draft,2024-03-06,2027-02-19,2024-03-01,1733 Paula Row,Summit Glen,OR,26870,United States,Synthetic commercial agreement for products and services.,2024-01-25T09:38:54Z,36,001lY6NBb5ge9JhIW4,01sf902KvuoXgXtOGX
8003A3BuNnxSFvBQTE,CTR-00000065,In Approval Process,2021-07-04,2022-06-29,2021-06-24,923 Bryant Gardens,Lake Briar,MA,80705,United States,Synthetic commercial agreement for products and services.,2021-04-17T17:35:18Z,12,001wXq5LbckG7u9AEU,01sf902KvuoXgXtOGX
800JbetXUHfNI4mI5R,CTR-00000066,Draft,2026-01-23,2027-01-18,2026-01-18,395 Spencer Village Suite 196,Lake Briar,CO,88805,United States,Synthetic commercial agreement for products and services.,2025-11-16T17:45:07Z,12,001vYy7997Ekj5pAHO,01sQ4LtuJF9K1vlMFT
800pnXvYUO3vvULIKE,CTR-00000067,Expired,2024-05-04,2025-04-29,2024-04-25,3595 Joel Harbor Suite 152,Alder Bay,TX,32575,United States,Synthetic commercial agreement for products and services.,2024-02-20T23:44:03Z,12,001OLEw0xIyryQpQ2X,
800D3E2vLxuopTnQDJ,CTR-00000068,Expired,2021-12-09,2022-12-04,2021-12-05,050 Thomas Spur,Alder Bay,WA,68538,United States,Synthetic commercial agreement for products and services.,2021-09-21T08:09:16Z,12,001wp2Q6PkIMrfFY6U,01sQ4LtuJF9K1vlMFT
800WGmMAqFXhoiTIUV,CTR-00000069,In Approval Process,2025-01-23,2026-01-18,2025-01-09,300 Ford Camp,Lake Briar,CO,80621,United States,Synthetic commercial agreement for products and services.,2024-12-16T09:12:10Z,12,001qP46mGWsPnuOQ5R,01sJqGPflRJqwqCPRW
8006fkwd6p0jkIbQQ3,CTR-00000070,Activated,2021-07-01,2024-06-15,2021-06-26,9158 Ryan Rest,Lake Briar,CO,61582,United States,Synthetic commercial agreement for products and services.,2021-05-08T12:05:24Z,36,001U9TwW1ZhV64GITA,01sJqGPflRJqwqCPRW
800Fe8BbQcuOWcpQK3,CTR-00000071,Expired,2025-09-04,2029-08-14,2025-09-03,4126 Barry Loop,Summit Glen,TX,70019,United States,Synthetic commercial agreement for products and services.,2025-07-07T07:15:48Z,48,001ULaAYdBnWIytQCT,01sJqGPflRJqwqCPRW
8008x8Y4DvSqLVxYNZ,CTR-00000072,Draft,2022-07-19,2026-06-28,2022-07-16,82802 Taylor Oval,Summit Glen,OR,15318,United States,Synthetic commercial agreement for products and services.,2022-05-26T01:51:10Z,48,001dVg5Hd2ux7OeY11,01sQ4LtuJF9K1vlMFT
800Ri92ZuhhsDG3QCY,CTR-00000073,Activated,2024-02-19,2028-01-29,2024-02-16,66635 Cox Fall,Lake Briar,CO,86928,United States,Synthetic commercial agreement for products and services.,2024-01-30T04:21:00Z,48,001JX719udcxa4uA9H,01sQ4LtuJF9K1vlMFT
800bqRPbeTRLrxiYTF,CTR-00000074,Draft,2025-09-18,2030-08-23,2025-09-06,276 Watkins Shoal Apt. 991,Alder Bay,CA,32023,United States,Synthetic commercial agreement for products and services.,2025-07-03T01:58:23Z,60,001MMbrZQQUkCyfI5Q,01sJqGPflRJqwqCPRW
800ENiXZkrXgqEXQ70,CTR-00000075,In Approval Process,2021-11-06,2023-10-27,2021-10-29,46937 Cheryl Mills,Summit Glen,MA,53735,United States,Synthetic commercial agreement for products and services.,2021-09-25T16:58:12Z,24,001pTLwbTFSx0AVIHA,01sJqGPflRJqwqCPRW
800wj7XLPA8ArM5A54,CTR-00000076,In Approval Process,2022-06-19,2024-06-08,2022-06-08,131 Fisher Skyway,Lake Briar,OR,25183,United States,Synthetic commercial agreement for products and services.,2022-04-01T16:22:00Z,24,001BjMFM5mN692fQ0D,01sJqGPflRJqwqCPRW
800yvXK4DCxcbU3QSU,CTR-00000077,In Approval Process,2021-11-21,2023-11-11,2021-11-16,02282 Cameron Points,Lake Briar,NC,20024,United States,Synthetic commercial agreement for products and services.,2021-11-01T12:33:52Z,24,001OPKDJQJag0BvIDS,01sJqGPflRJqwqCPRW
800Vchmt8SLcmOuQZL,CTR-00000078,Draft,2022-11-02,2024-10-22,2022-10-25,25191 Gonzalez Village,Willow Harbor,MA,45008,United States,Synthetic commercial agreement for products and services.,2022-08-27T00:52:22Z,24,001ygA3FAG75gTTAXO,01sf902KvuoXgXtOGX
8003p1BnTizCOqyYDH,CTR-00000079,In Approval Process,2024-12-03,2029-11-07,2024-11-22,2397 Christopher Groves Apt. 708,Cedar Crossing,WA,12179,United States,Synthetic commercial agreement for products and services.,2024-10-01T16:22:21Z,60,001FzQ1Vu9hM4AsIVS,
800QQECfyhfqKDkAK3,CTR-00000080,In Approval Process,2025-01-15,2027-12-31,2025-01-06,0174 Bell Village Suite 661,Summit Glen,MA,93903,United States,Synthetic commercial agreement for products and services.,2024-12-14T00:13:54Z,36,001UhwyHPMFM5liAM5,01sJqGPflRJqwqCPRW
8004rrOafJgU22mIN0,CTR-00000081,Expired,2025-03-18,2027-03-08,2025-03-17,409 Collins Squares,Cedar Crossing,WA,71563,United States,Synthetic commercial agreement for products and services.,2025-02-26T10:25:06Z,24,001M2rDfuFzN9SZI6R,01sJqGPflRJqwqCPRW
800tIubHBWGcvAVAOL,CTR-00000082,Activated,2022-07-29,2023-07-24,2022-07-27,02069 Jessica Heights,Summit Glen,OR,34445,United States,Synthetic commercial agreement for products and services.,2022-06-14T12:39:45Z,12,001G40EGKjt7p96I7T,01sQ4LtuJF9K1vlMFT
800oDZfQbPleqfzAVE,CTR-00000083,Activated,2022-01-28,2023-01-23,2022-01-17,1665 Kathryn Port Apt. 911,Northhaven,TX,48619,United States,Synthetic commercial agreement for products and services.,2022-01-05T23:17:10Z,12,001QMRyBoOV9ydJAFR,01sQ4LtuJF9K1vlMFT
800aawsTVoY6sIFIQ3,CTR-00000084,Draft,2026-08-26,2030-08-05,2026-08-22,401 Green Grove Apt. 943,Northhaven,OR,88958,United States,Synthetic commercial agreement for products and services.,2026-06-08T17:49:24Z,48,0013e2Rh2QW4yB5YBM,01sQ4LtuJF9K1vlMFT
800U1LCxrkesQnQYUX,CTR-00000085,Expired,2021-07-12,2024-06-26,2021-07-02,576 Kimberly Meadows,Summit Glen,CA,89315,United States,Synthetic commercial agreement for products and services.,2021-06-10T17:22:13Z,36,0014xFF5q1fi7GwQMP,01sJqGPflRJqwqCPRW
800uHuxUph9dreSQO6,CTR-00000086,In Approval Process,2023-11-24,2028-10-28,2023-11-17,158 Cassie Port Apt. 602,Summit Glen,WA,28841,United States,Synthetic commercial agreement for products and services.,2023-10-05T23:22:52Z,60,001DbG9gnZEl0ZPAAY,
8008286qYFOz13HY8P,CTR-00000087,Activated,2024-09-25,2028-09-04,2024-09-17,415 Barnes Spurs Apt. 105,Northhaven,TX,39980,United States,Synthetic commercial agreement for products and services.,2024-08-17T11:28:32Z,48,001IDl2DWYpmmF7QG7,01sf902KvuoXgXtOGX
800js73kXjd65LSIPW,CTR-00000088,Expired,2025-11-07,2026-11-02,2025-10-30,9024 Dickerson Plains,Northhaven,TX,54124,United States,Synthetic commercial agreement for products and services.,2025-08-23T07:57:27Z,12,0018haifivYezP7QUH,01sQ4LtuJF9K1vlMFT
800fClpZjl7fMSxA6B,CTR-00000089,Activated,2024-09-25,2027-09-10,2024-09-11,29316 Hodge Shoal,Cedar Crossing,CA,37452,United States,Synthetic commercial agreement for products and services.,2024-08-27T02:04:13Z,36,001kpkteJ4XLaaYQTV,01sQ4LtuJF9K1vlMFT
800ERaDc72wWsv2YV1,CTR-00000090,Draft,2024-10-13,2028-09-22,2024-10-02,2883 Austin Throughway Apt. 727,Lake Briar,WA,87525,United States,Synthetic commercial agreement for products and services.,2024-08-13T05:48:29Z,48,001DbG9gnZEl0ZPAAY,01sf902KvuoXgXtOGX
8009E5uvBM7CkE8ING,CTR-00000091,Draft,2025-06-01,2026-05-27,2025-05-24,332 Jeffrey Ramp,Lake Briar,CA,29981,United States,Synthetic commercial agreement for products and services.,2025-04-15T00:51:28Z,12,001Rc1LJzjoerNoYJJ,01sf902KvuoXgXtOGX
800cG8TKCjK2EGfA29,CTR-00000092,Draft,2024-07-07,2028-06-16,2024-07-02,93283 Moses Stravenue,Summit Glen,CA,90443,United States,Synthetic commercial agreement for products and services.,2024-04-12T00:06:45Z,48,00180qOlX8UtZ7HQTK,01sf902KvuoXgXtOGX
8003CaHfckhbB34QPY,CTR-00000093,In Approval Process,2026-03-02,2029-02-14,2026-03-01,715 Harris Lane Apt. 666,Cedar Crossing,WA,59192,United States,Synthetic commercial agreement for products and services.,2026-02-08T12:47:00Z,36,001FChipDL8FyVaQQG,01sf902KvuoXgXtOGX
800TTuku3jUZCA3YXQ,CTR-00000094,In Approval Process,2022-04-23,2024-04-12,2022-04-19,1768 James Cape,Summit Glen,NC,83802,United States,Synthetic commercial agreement for products and services.,2022-04-07T07:53:22Z,24,00134G8VQW0MQTYI8N,01sJqGPflRJqwqCPRW
800q5eHXZTQReDFQSB,CTR-00000095,Expired,2023-02-03,2026-01-18,2023-02-02,47103 Isaac Tunnel,Cedar Crossing,OR,23055,United States,Synthetic commercial agreement for products and services.,2022-12-23T04:29:18Z,36,001JTximtecXZZ0IK7,01sf902KvuoXgXtOGX
800PautxQ8EMxicIAU,CTR-00000096,Draft,2021-09-08,2025-08-18,2021-08-29,931 Angela Light Suite 113,Summit Glen,TX,71416,United States,Synthetic commercial agreement for products and services.,2021-08-18T05:50:46Z,48,001UztNJY1B3mZVQ88,01sQ4LtuJF9K1vlMFT
800VBUvut5fQsV9YLK,CTR-00000097,Draft,2023-08-01,2025-07-21,2023-07-28,412 Tyler Viaduct Suite 669,Alder Bay,TX,45910,United States,Synthetic commercial agreement for products and services.,2023-07-16T02:21:49Z,24,001LInXZfFVYqWIIEB,01sJqGPflRJqwqCPRW
800D3JsFxKY4wsHAVV,CTR-00000098,In Approval Process,2023-10-03,2025-09-22,2023-09-22,3293 Angela Mount Suite 972,Alder Bay,CA,35474,United States,Synthetic commercial agreement for products and services.,2023-07-15T07:02:22Z,24,0014xFF5q1fi7GwQMP,01sf902KvuoXgXtOGX
800Jy2Fn9zw9YOfA42,CTR-00000099,Expired,2023-01-24,2026-01-08,2023-01-21,78528 Samantha Divide,Northhaven,TX,95200,United States,Synthetic commercial agreement for products and services.,2023-01-15T15:38:22Z,36,001vuI7W5NKUSqVAGG,01sf902KvuoXgXtOGX
800VfORiuLKbts6Q0B,CTR-00000100,Activated,2021-07-05,2024-06-19,2021-06-30,3033 Richard Highway Apt. 079,Lake Briar,MA,56706,United States,Synthetic commercial agreement for products and services.,2021-06-18T23:27:14Z,36,0019laP52dnqWh3AF4,01sJqGPflRJqwqCPRW
800kC19Ckx0CP9oIY2,CTR-00000101,Activated,2024-04-20,2025-04-15,2024-04-10,214 Underwood Grove,Summit Glen,OR,82774,United States,Synthetic commercial agreement for products and services.,2024-01-28T00:44:36Z,12,001n3aMHCveux7aI17,01sJqGPflRJqwqCPRW
800KUYdDeWCoKD1ABD,CTR-00000102,In Approval Process,2023-11-18,2027-10-28,2023-11-04,25139 Farley Via,Cedar Crossing,OR,36292,United States,Synthetic commercial agreement for products and services.,2023-11-10T16:47:53Z,48,0016z7B3rnZB3aZYDJ,01sf902KvuoXgXtOGX
800rh1eUCczpRsCIIK,CTR-00000103,Activated,2021-10-10,2022-10-05,2021-09-27,29530 Valencia Port Suite 929,Alder Bay,CA,44146,United States,Synthetic commercial agreement for products and services.,2021-09-27T11:32:29Z,12,0015fdr3n38vtS2Q4V,01sQ4LtuJF9K1vlMFT
800cglw2UdkqG4hYIT,CTR-00000104,Draft,2025-09-11,2027-09-01,2025-08-30,336 Charles Alley Apt. 185,Alder Bay,CA,71795,United States,Synthetic commercial agreement for products and services.,2025-08-22T05:40:03Z,24,001X5lK5MbsgblUIV7,01sQ4LtuJF9K1vlMFT
8008AyQLFsQnn38I2V,CTR-00000105,Draft,2022-11-13,2026-10-23,2022-11-06,694 Whitney Glens Apt. 859,Alder Bay,CO,76612,United States,Synthetic commercial agreement for products and services.,2022-11-05T12:12:28Z,48,001L6QQcpJ1qXB2Y62,01sf902KvuoXgXtOGX
800gBZe76g4OEQ0IXH,CTR-00000106,Expired,2026-01-23,2028-01-13,2026-01-09,9778 Dunn Fall,Summit Glen,MA,11378,United States,Synthetic commercial agreement for products and services.,2025-12-09T05:57:55Z,24,001C3SilogoPTPGIWX,01sJqGPflRJqwqCPRW
800rBFkFivPQUURQ3R,CTR-00000107,Expired,2023-05-09,2027-04-18,2023-04-28,61681 Brown Gardens Suite 842,Summit Glen,WA,80663,United States,Synthetic commercial agreement for products and services.,2023-02-14T05:48:46Z,48,001LDvrdIgxRUc4IID,01sf902KvuoXgXtOGX
8008VR87WA8PEdGIS6,CTR-00000108,Activated,2023-02-07,2026-01-22,2023-01-29,6258 Garrison Streets Suite 962,Summit Glen,MA,30056,United States,Synthetic commercial agreement for products and services.,2022-11-20T17:59:24Z,36,001OH94vlTF3MI8Y08,01sJqGPflRJqwqCPRW
8001A0YxOIDqmM3I1W,CTR-00000109,In Approval Process,2023-07-03,2027-06-12,2023-06-24,031 Rose Track,Summit Glen,CA,15613,United States,Synthetic commercial agreement for products and services.,2023-05-29T06:55:39Z,48,001C3SilogoPTPGIWX,01sf902KvuoXgXtOGX
800xsJpCzfdiyvBQOH,CTR-00000110,Draft,2025-10-05,2029-09-14,2025-09-26,945 Mathis Garden Apt. 513,Northhaven,OR,97165,United States,Synthetic commercial agreement for products and services.,2025-08-18T03:07:44Z,48,001K0CnPI0KA5TEY6P,01sQ4LtuJF9K1vlMFT
800Pbi6UKl34sm0QBA,CTR-00000111,Draft,2025-10-17,2026-10-12,2025-10-04,87685 Austin Summit Apt. 423,Lake Briar,CA,70978,United States,Synthetic commercial agreement for products and services.,2025-10-08T06:24:00Z,12,001RiZCg1UERbAvQWO,01sJqGPflRJqwqCPRW
800AwWPeihzglYQA2K,CTR-00000112,Draft,2021-08-25,2025-08-04,2021-08-17,27952 Smith Creek,Alder Bay,MA,71381,United States,Synthetic commercial agreement for products and services.,2021-07-27T10:39:24Z,48,001dbHSEev61SnuI4N,01sJqGPflRJqwqCPRW
800EHbPe95GURhHIN4,CTR-00000113,Activated,2022-11-09,2026-10-19,2022-11-06,810 Adams Motorway,Alder Bay,OR,27276,United States,Synthetic commercial agreement for products and services.,2022-10-13T08:54:57Z,48,001b6L8DlV1y2PzQXZ,01sJqGPflRJqwqCPRW
800WsA4UO7i536gQU0,CTR-00000114,Draft,2023-07-23,2024-07-17,2023-07-17,656 Charles Way,Northhaven,CO,70867,United States,Synthetic commercial agreement for products and services.,2023-07-07T20:04:16Z,12,001b6p7wMuocXZFIKR,01sJqGPflRJqwqCPRW
800t4VXBMhRUnyXYCF,CTR-00000115,Expired,2023-07-17,2025-07-06,2023-07-15,14945 Penny Branch,Lake Briar,MA,67775,United States,Synthetic commercial agreement for products and services.,2023-05-14T11:42:46Z,24,001h3qGmTCLTLLkQZJ,01sf902KvuoXgXtOGX
80031dCtyQYQzndYWG,CTR-00000116,Activated,2025-04-17,2030-03-22,2025-04-15,6171 Michelle Forest Apt. 610,Alder Bay,OR,14113,United States,Synthetic commercial agreement for products and services.,2025-03-02T10:01:23Z,60,001smmPkB9oOSZnIQW,01sf902KvuoXgXtOGX
800EPnK1VHx1mX0YSI,CTR-00000117,Activated,2021-11-16,2025-10-26,2021-11-05,68588 Kelly Grove Apt. 929,Cedar Crossing,MA,30700,United States,Synthetic commercial agreement for products and services.,2021-09-10T04:51:40Z,48,001FvdsL8UlrHiPQB9,01sQ4LtuJF9K1vlMFT
800ml0TKvUPnZMyAZB,CTR-00000118,Activated,2023-04-08,2024-04-02,2023-04-02,691 Buckley Ville Suite 223,Lake Briar,NC,95598,United States,Synthetic commercial agreement for products and services.,2023-03-18T21:45:25Z,12,001qD5B1fJ8KUKBIVO,01sQ4LtuJF9K1vlMFT
8002S8IXQSxskRIQ2Z,CTR-00000119,Activated,2025-01-12,2029-12-17,2025-01-04,761 Ryan Summit,Lake Briar,WA,48381,United States,Synthetic commercial agreement for products and services.,2024-11-21T05:51:34Z,60,001FHyBhLc8CzxgIVO,01sQ4LtuJF9K1vlMFT
8004N5me67X1UnjY4Z,CTR-00000120,Expired,2022-12-22,2026-12-01,2022-12-10,99466 Misty Centers Suite 727,Alder Bay,MA,13217,United States,Synthetic commercial agreement for products and services.,2022-11-16T18:34:14Z,48,001bEjr0cyFC7SBAXL,
800F1qhUfGAYfh4IIW,CTR-00000121,Activated,2021-08-29,2023-08-19,2021-08-21,24152 Kyle Lakes,Summit Glen,OR,71377,United States,Synthetic commercial agreement for products and services.,2021-07-17T07:38:21Z,24,001Jp0rdHFWnaMvI7G,01sf902KvuoXgXtOGX
800YdrAEHNvlZMqICG,CTR-00000122,Draft,2025-03-01,2026-02-24,2025-02-18,527 Thomas Alley Apt. 294,Alder Bay,CA,98387,United States,Synthetic commercial agreement for products and services.,2024-12-20T00:07:49Z,12,001JTximtecXZZ0IK7,01sJqGPflRJqwqCPRW
800O3YNvNipydL6IQT,CTR-00000123,Activated,2023-07-01,2027-06-10,2023-06-25,372 Long Orchard,Cedar Crossing,NC,79826,United States,Synthetic commercial agreement for products and services.,2023-05-14T21:50:22Z,48,0014rAjCuliftUBIPG,01sJqGPflRJqwqCPRW
800Jt8rd6YeuRdAA9A,CTR-00000124,In Approval Process,2023-08-09,2027-07-19,2023-08-01,5721 Tina Via,Northhaven,MA,49244,United States,Synthetic commercial agreement for products and services.,2023-07-01T05:44:44Z,48,,01sQ4LtuJF9K1vlMFT
80029icpuli0p45QKF,CTR-00000125,Draft,2023-06-13,2026-05-28,2023-06-09,50769 Mendez Station,Willow Harbor,TX,54974,United States,Synthetic commercial agreement for products and services.,2023-04-27T14:20:50Z,36,001Ql5gfswhLAUiIZH,01sf902KvuoXgXtOGX
800SEW2a9JZeHZ4QK9,CTR-00000126,In Approval Process,2022-08-07,2023-08-02,2022-08-05,85062 Hopkins Key,Lake Briar,NC,66943,United States,Synthetic commercial agreement for products and services.,2022-05-12T04:52:41Z,12,001wXq5LbckG7u9AEU,01sf902KvuoXgXtOGX
800Bk0w40T92krwYR5,CTR-00000127,Activated,2022-06-09,2026-05-19,2022-06-05,875 Cooper Orchard,Cedar Crossing,CO,30848,United States,Synthetic commercial agreement for products and services.,2022-04-07T10:37:31Z,48,0015F3Mg4glglAzQRW,01sJqGPflRJqwqCPRW
800AG4LFg7Sz8mAIYN,CTR-00000128,Expired,2025-09-02,2028-08-17,2025-09-01,75186 Pennington Common,Willow Harbor,OR,22917,United States,Synthetic commercial agreement for products and services.,2025-07-07T05:15:36Z,36,001EocC12jSBhyyIOU,01sJqGPflRJqwqCPRW
800E9ScLmkJcC2pAX5,CTR-00000129,Expired,2021-07-26,2026-06-30,2021-07-25,67093 Kim Knolls,Northhaven,WA,88031,United States,Synthetic commercial agreement for products and services.,2021-06-10T06:03:48Z,60,001rpVRMvKUYUnZQWY,01sQ4LtuJF9K1vlMFT
800HuOwXRx4FGWlI1O,CTR-00000130,Draft,2022-02-01,2025-01-16,2022-01-26,627 Mitchell Motorway Suite 523,Alder Bay,CA,75275,United States,Synthetic commercial agreement for products and services.,2021-11-26T15:51:38Z,36,001LT9I3sxXG212YUI,01sf902KvuoXgXtOGX
800nEzeWjRDTX6SYUM,CTR-00000131,Draft,2021-06-30,2024-06-14,2021-06-29,28138 Perez Point Suite 234,Summit Glen,TX,44359,United States,Synthetic commercial agreement for products and services.,2021-04-15T12:48:34Z,36,0014BI0PTpGJAb4ICJ,01sQ4LtuJF9K1vlMFT
8005cBwa2u29TaTY1C,CTR-00000132,In Approval Process,2025-05-14,2030-04-18,2025-05-10,37286 Brian Land Apt. 105,Northhaven,CO,23698,United States,Synthetic commercial agreement for products and services.,2025-02-25T01:42:43Z,60,001j6nRokzRlCs1Y07,01sQ4LtuJF9K1vlMFT
8000JMMeXtw0A46QP1,CTR-00000133,Activated,2024-01-14,2027-12-24,2024-01-12,7023 Mario Green,Lake Briar,CA,81555,United States,Synthetic commercial agreement for products and services.,2023-10-19T10:48:01Z,48,001Ts4G5LvwmAxUY42,01sf902KvuoXgXtOGX
80028IW8F9poVcVYB4,CTR-00000134,Activated,2025-08-10,2028-07-25,2025-08-01,821 Jack Port Suite 261,Alder Bay,WA,71057,United States,Synthetic commercial agreement for products and services.,2025-07-03T15:03:04Z,36,001PUaO8FLbQ5tuY7R,01sQ4LtuJF9K1vlMFT
80039yp08WU9HVvA16,CTR-00000135,Draft,2024-07-04,2027-06-19,2024-06-29,37759 Theresa Parks,Summit Glen,OR,89503,United States,Synthetic commercial agreement for products and services.,2024-04-27T00:50:21Z,36,001r2Zt5bJoZh5cI46,01sf902KvuoXgXtOGX
800qzC4jUnExQq3ATZ,CTR-00000136,In Approval Process,2022-10-22,2027-09-26,2022-10-20,78125 Rivera Harbors,Summit Glen,CO,76103,United States,Synthetic commercial agreement for products and services.,2022-07-27T02:42:49Z,60,001SDonDyKHRDRwYPS,01sJqGPflRJqwqCPRW
8000Q53UMKyIsRsAS2,CTR-00000137,Activated,2024-02-15,2027-01-30,2024-02-07,308 Tammy Shores,Lake Briar,NC,38786,United States,Synthetic commercial agreement for products and services.,2024-01-30T23:23:59Z,36,001I4vmxErKOgEQQME,01sJqGPflRJqwqCPRW
800LWz4izczPU7LIEX,CTR-00000138,Expired,2023-02-23,2027-02-02,2023-02-19,517 Jennifer Estate,Willow Harbor,CA,42944,United States,Synthetic commercial agreement for products and services.,2023-01-31T21:13:39Z,48,001lpuGrFmSTBnuY0M,
800M9JcRqVGWCc8YCF,CTR-00000139,In Approval Process,2024-10-15,2026-10-05,2024-10-08,645 Alexandra Skyway,Willow Harbor,CO,66920,United States,Synthetic commercial agreement for products and services.,2024-09-28T02:04:49Z,24,001PygtS3FHgKj8Q8G,01sJqGPflRJqwqCPRW
800O8Ra0PxdA5AwQR9,CTR-00000140,In Approval Process,2023-06-14,2027-05-24,2023-06-10,96461 Eaton Prairie,Cedar Crossing,MA,53287,United States,Synthetic commercial agreement for products and services.,2023-03-24T22:07:47Z,48,001tvKQbYklnB9tY2P,01sJqGPflRJqwqCPRW
800jNtlpEknZTDqYRB,CTR-00000141,Activated,2023-02-17,2026-02-01,2023-02-08,207 Nathaniel Loaf Apt. 071,Lake Briar,CA,29113,United States,Synthetic commercial agreement for products and services.,2022-11-20T22:32:56Z,36,00134G8VQW0MQTYI8N,01sQ4LtuJF9K1vlMFT
800UuAJBnXDz811QU5,CTR-00000142,Draft,2024-10-23,2026-10-13,2024-10-19,13672 Lindsey Inlet Apt. 344,Northhaven,TX,12969,United States,Synthetic commercial agreement for products and services.,2024-08-24T21:38:41Z,24,001vnn1W5RPN0LPYO8,01sf902KvuoXgXtOGX
800XZr1FHvqHp3dY71,CTR-00000143,Expired,2022-06-29,2025-06-13,2022-06-26,72981 Lin Knoll Apt. 103,Lake Briar,TX,36222,United States,Synthetic commercial agreement for products and services.,2022-06-15T15:13:07Z,36,001CXiPlYrfwSgoQU2,01sf902KvuoXgXtOGX
800MIMumbEtEkyeQ6X,CTR-00000144,Expired,2025-05-09,2030-04-13,2025-05-02,363 Harper Parkways,Willow Harbor,WA,34489,United States,Synthetic commercial agreement for products and services.,2025-02-23T09:43:38Z,60,001wOS4RTezb6AxY4U,01sJqGPflRJqwqCPRW
800RGtxQxTQVUbKAIU,CTR-00000145,Activated,2026-02-14,2029-01-29,2026-02-11,621 Brent Squares Apt. 037,Summit Glen,OR,91377,United States,Synthetic commercial agreement for products and services.,2025-12-07T01:23:53Z,36,,01sQ4LtuJF9K1vlMFT
800HB3xUDzBJ6x3I40,CTR-00000146,Activated,2022-01-26,2026-12-31,2022-01-19,0755 Michael Oval Suite 302,Willow Harbor,CO,87445,United States,Synthetic commercial agreement for products and services.,2021-12-09T01:33:29Z,60,001Xr4ot1oG2AteQ4O,01sJqGPflRJqwqCPRW
800voDxAA395iaPQHB,CTR-00000147,In Approval Process,2025-03-01,2028-02-14,2025-02-18,7539 Jason Locks,Alder Bay,WA,33394,United States,Synthetic commercial agreement for products and services.,2025-01-24T19:16:22Z,36,0017rl4CBbT95B0YG7,01sJqGPflRJqwqCPRW
80015V4hXLNv6CRIZE,CTR-00000148,Activated,2026-04-11,2029-03-26,2026-03-30,70276 Park Trace Apt. 711,Lake Briar,MA,70834,United States,Synthetic commercial agreement for products and services.,2026-03-02T05:43:25Z,36,001ViLIuvoOkEvIYR2,01sQ4LtuJF9K1vlMFT
800F0UD6CGQr27yQX6,CTR-00000149,Draft,2025-07-30,2027-07-20,2025-07-16,785 Jessica Circle,Northhaven,MA,55772,United States,Synthetic commercial agreement for products and services.,2025-05-20T11:11:28Z,24,0014WYoiYbOMlUgQDX,01sJqGPflRJqwqCPRW
800PdL7eOwxPYF0AOQ,CTR-00000150,In Approval Process,2022-01-22,2025-01-06,2022-01-14,985 Cox Divide Suite 254,Alder Bay,WA,52624,United States,Synthetic commercial agreement for products and services.,2021-12-14T15:28:53Z,36,00175Cmy8DqQrAKINI,01sQ4LtuJF9K1vlMFT
8006Y4iXANmygtXYPR,CTR-00000151,Activated,2024-01-31,2029-01-04,2024-01-22,4240 Patterson Union Apt. 706,Northhaven,MA,88000,United States,Synthetic commercial agreement for products and services.,2023-11-11T00:54:37Z,60,001OLdGcwV4anrfQXZ,01sJqGPflRJqwqCPRW
800r0kNlWwWfQO8QT5,CTR-00000152,Draft,2021-03-21,2026-02-23,2021-03-20,688 Carson Summit,Willow Harbor,WA,70236,United States,Synthetic commercial agreement for products and services.,2021-02-23T15:04:13Z,60,001DbG9gnZEl0ZPAAY,01sJqGPflRJqwqCPRW
800lN0R2zTk4DqWQ3A,CTR-00000153,Expired,2024-04-10,2027-03-26,2024-04-04,4925 Ann Greens,Northhaven,WA,95584,United States,Synthetic commercial agreement for products and services.,2024-02-14T21:17:45Z,36,001vXGsLaTZksTjQHC,01sf902KvuoXgXtOGX
800VfP9ueh08ceQIX9,CTR-00000154,In Approval Process,2025-06-29,2026-06-24,2025-06-15,027 Brady Squares Suite 019,Willow Harbor,OR,73767,United States,Synthetic commercial agreement for products and services.,2025-06-01T05:02:42Z,12,001DLqMjZmJEMS7ID7,01sf902KvuoXgXtOGX
800o5fgQNwjouXQA01,CTR-00000155,Expired,2023-03-27,2027-03-06,2023-03-14,3351 Snyder Garden Suite 463,Alder Bay,MA,28750,United States,Synthetic commercial agreement for products and services.,2023-03-07T11:09:22Z,48,001f3j7ZUJ5YxijYYQ,
8003wth2gWTivkkYRQ,CTR-00000156,In Approval Process,2023-05-11,2025-04-30,2023-05-03,352 Jason Mills,Alder Bay,OR,73148,United States,Synthetic commercial agreement for products and services.,2023-03-30T10:27:20Z,24,001KQsenOWHB4fuQM5,01sQ4LtuJF9K1vlMFT
8009kXSGN3ra8KwI9N,CTR-00000157,Draft,2023-01-29,2028-01-03,2023-01-27,73141 Rodriguez Forges Apt. 728,Willow Harbor,MA,68253,United States,Synthetic commercial agreement for products and services.,2022-11-21T14:29:52Z,60,001pUY9CVMaLCa4YQV,01sf902KvuoXgXtOGX
800jm5TsVjlehY0YUH,CTR-00000158,In Approval Process,2025-05-05,2028-04-19,2025-04-29,99205 Gonzalez Corners Apt. 344,Northhaven,WA,67337,United States,Synthetic commercial agreement for products and services.,2025-03-04T14:03:32Z,36,001rvlO3y0uELfOAW4,01sf902KvuoXgXtOGX
800BYKg4iHSUGwxICL,CTR-00000159,Expired,2026-05-08,2031-04-12,2026-04-30,221 Johnson Alley,Summit Glen,TX,68736,United States,Synthetic commercial agreement for products and services.,2026-03-27T03:29:37Z,60,001CAWJWrCJUDD2Q42,01sJqGPflRJqwqCPRW
8007rpBvdwnWn7yIVT,CTR-00000160,In Approval Process,2022-12-12,2025-11-26,2022-12-06,031 Villa Walks,Northhaven,WA,78069,United States,Synthetic commercial agreement for products and services.,2022-10-30T06:42:55Z,36,001WiF4egJw4fFCI62,01sQ4LtuJF9K1vlMFT
800L7ebtuFTJbNAQLT,CTR-00000161,Activated,2021-10-06,2024-09-20,2021-10-01,14711 Castillo Brook,Willow Harbor,CO,96225,United States,Synthetic commercial agreement for products and services.,2021-07-28T12:18:05Z,36,001UFuHNhHx2c9ZQQ9,01sQ4LtuJF9K1vlMFT
800iNl2XYTV1XPLY1O,CTR-00000162,Draft,2024-08-15,2025-08-10,2024-08-01,86988 Hayes Forks,Willow Harbor,OR,96017,United States,Synthetic commercial agreement for products and services.,2024-07-19T11:27:42Z,12,001avRKkn0zGBkGQ4J,01sf902KvuoXgXtOGX
800aItMzuY7OrCNYE6,CTR-00000163,Expired,2023-09-28,2026-09-12,2023-09-25,82695 Miller Landing Apt. 329,Lake Briar,CO,49571,United States,Synthetic commercial agreement for products and services.,2023-09-15T20:55:43Z,36,001yU1qilS2HtnNQUW,01sJqGPflRJqwqCPRW
800BCjSMsKlrY53Y0X,CTR-00000164,Activated,2025-12-24,2029-12-03,2025-12-17,22872 Mary Rue Suite 082,Alder Bay,OR,71402,United States,Synthetic commercial agreement for products and services.,2025-12-10T13:19:13Z,48,001ZX951OeRh6EHIOJ,01sf902KvuoXgXtOGX
800UeYqWsUhyhTmYJ8,CTR-00000165,Draft,2023-03-22,2027-03-01,2023-03-13,420 Norman Terrace,Cedar Crossing,CO,62187,United States,Synthetic commercial agreement for products and services.,2023-02-07T05:48:39Z,48,001Z9FmqrbfBXeVI9A,01sJqGPflRJqwqCPRW
800C2yxkO8960MaY0P,CTR-00000166,In Approval Process,2022-05-25,2024-05-14,2022-05-11,496 Douglas Hill,Alder Bay,OR,21629,United States,Synthetic commercial agreement for products and services.,2022-04-23T13:53:07Z,24,001F0HyTq0ZVe9LIP9,01sQ4LtuJF9K1vlMFT
800cA3Bykhcvdg2YC2,CTR-00000167,In Approval Process,2025-04-28,2029-04-07,2025-04-14,4641 William Fort Suite 842,Alder Bay,TX,41876,United States,Synthetic commercial agreement for products and services.,2025-01-29T14:20:54Z,48,001zC4hdWCH77CfYVC,01sf902KvuoXgXtOGX
800V8lGTMkQwWVOI27,CTR-00000168,Draft,2022-05-30,2025-05-14,2022-05-17,22147 Mcbride Streets,Alder Bay,WA,93519,United States,Synthetic commercial agreement for products and services.,2022-03-23T02:22:36Z,36,0014WYoiYbOMlUgQDX,
800SD2tBziJoCyiIR9,CTR-00000169,Activated,2022-04-07,2027-03-12,2022-03-26,394 Annette Crossing Apt. 129,Alder Bay,MA,40599,United States,Synthetic commercial agreement for products and services.,2022-01-21T04:07:51Z,60,0018sCn7wzuyGKcIWS,01sQ4LtuJF9K1vlMFT
8006XciettCNl6fYAJ,CTR-00000170,Activated,2025-04-14,2027-04-04,2025-04-03,964 Fox Trail Apt. 386,Willow Harbor,NC,55410,United States,Synthetic commercial agreement for products and services.,2025-03-25T06:14:20Z,24,001r2Zt5bJoZh5cI46,01sJqGPflRJqwqCPRW
8000sTNbn4GP5psYET,CTR-00000171,Expired,2022-11-08,2024-10-28,2022-10-26,57560 Alicia Ports,Summit Glen,NC,90543,United States,Synthetic commercial agreement for products and services.,2022-10-13T16:23:25Z,24,001G40EGKjt7p96I7T,01sQ4LtuJF9K1vlMFT
800c5OjilEcxIkXASZ,CTR-00000172,In Approval Process,2024-04-07,2028-03-17,2024-03-24,02837 April Skyway,Alder Bay,NC,22791,United States,Synthetic commercial agreement for products and services.,2024-03-20T03:26:23Z,48,001IZMzpc9F1Z8oAA7,
800QFvdDNl3YohZY3A,CTR-00000173,Draft,2026-02-13,2027-02-08,2026-02-05,4250 Patricia Knolls,Alder Bay,TX,48706,United States,Synthetic commercial agreement for products and services.,2025-12-17T13:37:40Z,12,001jsWcaI2ueqNkQ4J,01sJqGPflRJqwqCPRW
800T5EwQaV6BhkSI5T,CTR-00000174,Expired,2022-12-27,2023-12-22,2022-12-23,3510 Sean Turnpike,Alder Bay,CO,87079,United States,Synthetic commercial agreement for products and services.,2022-10-27T07:10:16Z,12,001lpuGrFmSTBnuY0M,01sQ4LtuJF9K1vlMFT
800UxD6MVshdsqHY3W,CTR-00000175,Draft,2022-02-06,2024-01-27,2022-01-27,0429 Madison Heights,Lake Briar,CA,79535,United States,Synthetic commercial agreement for products and services.,2022-01-20T15:59:25Z,24,001Ivgehi2RhpxmIXK,01sQ4LtuJF9K1vlMFT
800VCIS3gznzDIxIG2,CTR-00000176,Expired,2021-08-04,2023-07-25,2021-07-24,43556 Rebecca Unions,Cedar Crossing,TX,33915,United States,Synthetic commercial agreement for products and services.,2021-06-18T11:01:59Z,24,001IqN1uANorRv0AGO,01sQ4LtuJF9K1vlMFT
800PbSJbzuh4q8qYN9,CTR-00000177,Activated,2025-03-27,2028-03-11,2025-03-23,134 Elizabeth Highway,Lake Briar,CA,66723,United States,Synthetic commercial agreement for products and services.,2025-03-14T19:01:56Z,36,001ev39cBq0xejNIY0,01sQ4LtuJF9K1vlMFT
800TB8KxFUk9biPIRU,CTR-00000178,Expired,2021-10-19,2022-10-14,2021-10-15,6749 Macias Highway,Willow Harbor,NC,26436,United States,Synthetic commercial agreement for products and services.,2021-08-08T01:00:48Z,12,0014WYoiYbOMlUgQDX,01sQ4LtuJF9K1vlMFT
800KDorsIospFtbYNG,CTR-00000179,Expired,2023-10-22,2026-10-06,2023-10-12,6760 William Key Suite 998,Alder Bay,OR,63117,United States,Synthetic commercial agreement for products and services.,2023-08-04T03:29:23Z,36,,01sQ4LtuJF9K1vlMFT
800qTXC1gGMCsfzI6G,CTR-00000180,Expired,2024-11-30,2029-11-04,2024-11-17,624 Walker Roads Suite 586,Lake Briar,TX,99131,United States,Synthetic commercial agreement for products and services.,2024-09-22T14:09:52Z,60,001ckBA83DHLBWZQQX,01sJqGPflRJqwqCPRW
800i2e9JuQkjvVeIGG,CTR-00000181,Expired,2025-03-15,2027-03-05,2025-03-12,8964 Ramirez Fall Suite 372,Alder Bay,MA,88163,United States,Synthetic commercial agreement for products and services.,2024-12-25T05:43:30Z,24,001gcyiBi1aOx6uAJ7,01sf902KvuoXgXtOGX
800tZTPydqmGZbWQ0F,CTR-00000182,Draft,2026-03-28,2027-03-23,2026-03-17,6490 Wilson Tunnel Suite 814,Northhaven,CO,93188,United States,Synthetic commercial agreement for products and services.,2026-02-05T14:02:09Z,12,001TBaHImIEtjplQN7,01sf902KvuoXgXtOGX
800gp0HhvauvHEtASS,CTR-00000183,Draft,2023-06-09,2025-05-29,2023-06-01,3292 Allen Wall Suite 729,Alder Bay,CA,53538,United States,Synthetic commercial agreement for products and services.,2023-03-13T13:59:05Z,24,001ViLIuvoOkEvIYR2,
8005OSPJ9XIo9nKQ0C,CTR-00000184,In Approval Process,2024-08-30,2025-08-25,2024-08-25,24335 Jenkins Ferry Suite 660,Lake Briar,MA,16497,United States,Synthetic commercial agreement for products and services.,2024-06-14T23:52:44Z,12,001fPZTPr8lY6HWABF,01sQ4LtuJF9K1vlMFT
800dA49UIlLvQcgYQJ,CTR-00000185,Expired,2025-07-03,2029-06-12,2025-06-22,44849 Melissa Passage,Willow Harbor,TX,88143,United States,Synthetic commercial agreement for products and services.,2025-06-03T09:28:17Z,48,001JTximtecXZZ0IK7,01sf902KvuoXgXtOGX
800XSXUqwltdhHTA64,CTR-00000186,In Approval Process,2024-09-13,2026-09-03,2024-09-04,635 Parker Path Apt. 728,Cedar Crossing,WA,17983,United States,Synthetic commercial agreement for products and services.,2024-08-26T20:57:32Z,24,001JTximtecXZZ0IK7,01sQ4LtuJF9K1vlMFT
800bVWfsWKIfEfrI5F,CTR-00000187,In Approval Process,2021-12-02,2022-11-27,2021-11-29,292 Contreras Locks,Lake Briar,TX,65971,United States,Synthetic commercial agreement for products and services.,2021-09-19T21:09:48Z,12,001j6nRokzRlCs1Y07,01sJqGPflRJqwqCPRW
800c2FglfO36e5tQ5F,CTR-00000188,In Approval Process,2021-10-19,2024-10-03,2021-10-07,702 Hernandez Meadow,Summit Glen,NC,10683,United States,Synthetic commercial agreement for products and services.,2021-08-25T09:55:56Z,36,0018wiQDxKxpFvLYGU,01sf902KvuoXgXtOGX
800c9qdaxhRxiaJQM0,CTR-00000189,Draft,2022-05-09,2025-04-23,2022-05-04,869 Young Ford,Cedar Crossing,OR,92722,United States,Synthetic commercial agreement for products and services.,2022-02-12T16:25:58Z,36,001PygtS3FHgKj8Q8G,01sQ4LtuJF9K1vlMFT
800qq6b4ykzJIyOY95,CTR-00000190,Draft,2021-06-19,2026-05-24,2021-06-14,0618 Travis Station,Lake Briar,OR,95018,United States,Synthetic commercial agreement for products and services.,2021-04-12T16:03:39Z,60,00134kztbICJD2tYCZ,01sf902KvuoXgXtOGX
800oqsSwWdfbF7CY5U,CTR-00000191,Expired,2024-09-17,2027-09-02,2024-09-16,8934 Hunter Drive,Lake Briar,MA,27647,United States,Synthetic commercial agreement for products and services.,2024-07-10T05:07:53Z,36,001Pv3IESUoMrhiAAG,01sf902KvuoXgXtOGX
800N3P27WNBE92CAXT,CTR-00000192,Draft,2026-03-03,2031-02-05,2026-02-17,5467 Suzanne Hill Suite 968,Northhaven,MA,81611,United States,Synthetic commercial agreement for products and services.,2025-12-31T17:53:11Z,60,001vnn1W5RPN0LPYO8,01sJqGPflRJqwqCPRW
8007ObcJeKjfXoFI07,CTR-00000193,Expired,2024-05-03,2026-04-23,2024-04-29,277 Sharon Rest,Willow Harbor,CA,11563,United States,Synthetic commercial agreement for products and services.,2024-03-15T15:26:41Z,24,001j6nRokzRlCs1Y07,01sf902KvuoXgXtOGX
800ujrIuY2oupF3QN0,CTR-00000194,Draft,2026-02-13,2031-01-18,2026-02-02,5257 Lewis Forest,Willow Harbor,NC,54892,United States,Synthetic commercial agreement for products and services.,2025-12-19T19:23:12Z,60,001JM45YOxOPMdeQIO,01sJqGPflRJqwqCPRW
800v3EwPk1iwoKsAXF,CTR-00000195,Expired,2021-05-25,2025-05-04,2021-05-14,0237 Patricia Grove,Cedar Crossing,TX,23444,United States,Synthetic commercial agreement for products and services.,2021-04-16T15:53:20Z,48,001uaLZFmzUomVXQGA,01sf902KvuoXgXtOGX
800bjmohWwCP7WSIB5,CTR-00000196,In Approval Process,2025-03-22,2029-03-01,2025-03-10,9500 Stevens Courts Suite 842,Lake Briar,CO,88535,United States,Synthetic commercial agreement for products and services.,2025-01-20T15:53:00Z,48,001vnn1W5RPN0LPYO8,01sQ4LtuJF9K1vlMFT
800ZLfuUv69zjcQIW6,CTR-00000197,In Approval Process,2024-03-18,2026-03-08,2024-03-09,88213 Lang Village,Northhaven,NC,60396,United States,Synthetic commercial agreement for products and services.,2024-03-11T04:30:13Z,24,001d6L0YO7RdZlqYEZ,01sJqGPflRJqwqCPRW
800SuQGJYTRKVqTAP7,CTR-00000198,Draft,2025-03-05,2026-02-28,2025-03-02,5341 Joyce Road,Willow Harbor,WA,78267,United States,Synthetic commercial agreement for products and services.,2025-01-05T19:58:48Z,12,,01sf902KvuoXgXtOGX
800E53kXU601l7PQLX,CTR-00000199,Draft,2024-01-24,2026-01-13,2024-01-18,635 Henry Square,Lake Briar,MA,93435,United States,Synthetic commercial agreement for products and services.,2023-11-07T17:40:33Z,24,001IQ2ziiojxbf8YX5,01sQ4LtuJF9K1vlMFT
800hhTP2auEcxOdYM6,CTR-00000200,Expired,2025-12-06,2028-11-20,2025-12-01,0786 Sean Plaza Suite 024,Summit Glen,OR,12459,United States,Synthetic commercial agreement for products and services.,2025-11-05T13:56:36Z,36,001MetGBUEn7phAIPH,01sf902KvuoXgXtOGX
800QlpIV95QgNc1QMK,CTR-00000201,Expired,2022-07-13,2023-07-08,2022-06-30,02104 Phyllis Hills,Cedar Crossing,TX,35809,United States,Synthetic commercial agreement for products and services.,2022-05-28T11:47:44Z,12,001I9h4vN2Mpc08I26,01sJqGPflRJqwqCPRW
800HWZIQHtA8eF7QXP,CTR-00000202,In Approval Process,2025-09-19,2026-09-14,2025-09-05,6866 Richard Ford,Cedar Crossing,TX,90978,United States,Synthetic commercial agreement for products and services.,2025-08-27T07:54:41Z,12,001PygtS3FHgKj8Q8G,
8000iu1gPnwYYKdYOU,CTR-00000203,In Approval Process,2025-03-19,2026-03-14,2025-03-16,956 Moore Walk Suite 522,Lake Briar,MA,68767,United States,Synthetic commercial agreement for products and services.,2024-12-31T05:01:09Z,12,001EocC12jSBhyyIOU,01sQ4LtuJF9K1vlMFT
800WrurllyCB7vLYBW,CTR-00000204,Expired,2025-07-25,2028-07-09,2025-07-15,00665 Seth Rapid,Northhaven,WA,61729,United States,Synthetic commercial agreement for products and services.,2025-06-08T04:59:06Z,36,001qxvOxGkxKlKoYCS,01sQ4LtuJF9K1vlMFT
800EmOA1hSNqa6iQ1U,CTR-00000205,Draft,2024-11-04,2026-10-25,2024-10-22,560 Anderson Well,Northhaven,MA,74391,United States,Synthetic commercial agreement for products and services.,2024-08-30T14:22:02Z,24,001wOS4RTezb6AxY4U,01sJqGPflRJqwqCPRW
8009eDSbXqRkZwRQ2T,CTR-00000206,Draft,2024-12-26,2028-12-05,2024-12-12,78157 William Lights Apt. 637,Alder Bay,WA,84587,United States,Synthetic commercial agreement for products and services.,2024-10-19T06:23:43Z,48,001KInyPfEAkhgcQEO,01sQ4LtuJF9K1vlMFT
800LlrQ7EpJv0H3AU5,CTR-00000207,Expired,2025-06-17,2028-06-01,2025-06-13,5582 Johnson Terrace,Northhaven,CA,65098,United States,Synthetic commercial agreement for products and services.,2025-05-25T06:20:39Z,36,001MPbzljMNLiv5QZV,01sf902KvuoXgXtOGX
800ixsNw2gFmwpJAUA,CTR-00000208,Activated,2023-04-05,2026-03-20,2023-04-03,2074 Wayne Corner,Cedar Crossing,CO,69676,United States,Synthetic commercial agreement for products and services.,2023-03-01T20:37:07Z,36,001IqTHPQDIx3azQWL,01sJqGPflRJqwqCPRW
800cbFk7tA83xDzY58,CTR-00000209,Activated,2021-10-08,2023-09-28,2021-09-25,0975 Rebekah Land Apt. 048,Northhaven,CA,79695,United States,Synthetic commercial agreement for products and services.,2021-08-01T04:28:27Z,24,001cvG5DjhEsIaIAD0,01sf902KvuoXgXtOGX
800Upq2EfMypGYhQT5,CTR-00000210,Expired,2021-05-10,2025-04-19,2021-04-29,96050 Angela Mountains,Willow Harbor,MA,94709,United States,Synthetic commercial agreement for products and services.,2021-04-11T04:24:27Z,48,001JM2vogN0dvJhQHI,01sJqGPflRJqwqCPRW
800a1nV9ee4VtHKATM,CTR-00000211,Draft,2025-03-15,2029-02-22,2025-03-13,555 Brown Run,Cedar Crossing,WA,84512,United States,Synthetic commercial agreement for products and services.,2025-01-23T04:43:42Z,48,001C3SilogoPTPGIWX,01sf902KvuoXgXtOGX
800gui9hkljmMroQK6,CTR-00000212,In Approval Process,2023-08-19,2028-07-23,2023-08-09,183 Brenda Turnpike Apt. 630,Cedar Crossing,CA,27857,United States,Synthetic commercial agreement for products and services.,2023-05-27T16:09:35Z,60,001iIp10CH2rdjrQCH,
800UByZCU6JuZ44Y1O,CTR-00000213,Activated,2021-11-23,2022-11-18,2021-11-14,0863 Diaz Valley,Lake Briar,NC,58628,United States,Synthetic commercial agreement for products and services.,2021-10-12T03:10:09Z,12,001sS1Mj9gSLRavQC2,01sJqGPflRJqwqCPRW
800UWmTFNBO8gEGA6V,CTR-00000214,Expired,2021-07-23,2023-07-13,2021-07-09,90332 Wright Vista Apt. 293,Cedar Crossing,MA,51634,United States,Synthetic commercial agreement for products and services.,2021-05-08T10:48:11Z,24,001EocC12jSBhyyIOU,01sQ4LtuJF9K1vlMFT
800ZnhRcx6zL9UTI2C,CTR-00000215,Expired,2026-04-18,2029-04-02,2026-04-04,9629 Sara Club Apt. 672,Cedar Crossing,TX,16143,United States,Synthetic commercial agreement for products and services.,2026-03-25T21:39:20Z,36,001jIiXAhBEHXIPYQP,01sQ4LtuJF9K1vlMFT
800XSG7K69svxT0ILN,CTR-00000216,Activated,2022-07-26,2024-07-15,2022-07-25,5033 Dawn Drives,Summit Glen,WA,42882,United States,Synthetic commercial agreement for products and services.,2022-06-18T06:13:59Z,24,001Ivgehi2RhpxmIXK,
800F0QocCl6xxFJAV9,CTR-00000217,Activated,2023-02-09,2028-01-14,2023-02-06,3559 Alexandra Causeway,Willow Harbor,NC,75850,United States,Synthetic commercial agreement for products and services.,2022-11-24T21:11:32Z,60,001j6nRokzRlCs1Y07,01sQ4LtuJF9K1vlMFT
800kqWznhNaWqBLIFJ,CTR-00000218,Draft,2026-02-01,2030-01-11,2026-01-28,53569 Matthew Bridge,Summit Glen,NC,44656,United States,Synthetic commercial agreement for products and services.,2025-11-18T20:11:37Z,48,001ClNAQA1Xn4fUINT,01sQ4LtuJF9K1vlMFT
8004nELqkeAIVStA78,CTR-00000219,Activated,2026-08-18,2027-08-13,2026-08-05,6201 Allen Passage Apt. 428,Willow Harbor,CA,47101,United States,Synthetic commercial agreement for products and services.,2026-06-17T21:41:47Z,12,001Hbp8pEhElgRqIO2,01sQ4LtuJF9K1vlMFT
8004ytuyvw7UEdaQRC,CTR-00000220,Activated,2025-12-01,2029-11-10,2025-11-30,25889 Smith Shoal,Lake Briar,CO,35111,United States,Synthetic commercial agreement for products and services.,2025-10-09T17:56:18Z,48,001J6hTar5vB37wAO0,01sQ4LtuJF9K1vlMFT
8003pYkfPEaHw6gI1Y,CTR-00000221,Expired,2023-10-08,2024-10-02,2023-09-30,21498 Susan Shores Suite 245,Alder Bay,WA,40736,United States,Synthetic commercial agreement for products and services.,2023-09-24T14:41:14Z,12,0012n9SIy3FafTfYR5,01sJqGPflRJqwqCPRW
8009B9TcQNFei8JAYZ,CTR-00000222,Draft,2021-11-29,2024-11-13,2021-11-23,50021 Brown Flat Apt. 593,Lake Briar,TX,26625,United States,Synthetic commercial agreement for products and services.,2021-11-20T06:17:43Z,36,001I5KBo2Mtskg9I6K,01sJqGPflRJqwqCPRW
800sy72b6SFItMQQ2Q,CTR-00000223,Draft,2024-12-04,2028-11-13,2024-11-24,590 Amy Mount,Summit Glen,WA,69449,United States,Synthetic commercial agreement for products and services.,2024-10-06T08:13:16Z,48,001ULTfosWQTQf5QW1,01sQ4LtuJF9K1vlMFT
80037yIMDWIa7R9Y1G,CTR-00000224,Expired,2025-05-18,2030-04-22,2025-05-09,5014 Jacob Street Apt. 399,Summit Glen,MA,11710,United States,Synthetic commercial agreement for products and services.,2025-02-25T19:46:23Z,60,001G40EGKjt7p96I7T,01sf902KvuoXgXtOGX
800MpCh5uKtKFZWANC,CTR-00000225,In Approval Process,2025-08-26,2029-08-05,2025-08-13,555 Robinson Keys,Northhaven,MA,69406,United States,Synthetic commercial agreement for products and services.,2025-08-01T13:17:00Z,48,001EocC12jSBhyyIOU,01sf902KvuoXgXtOGX
800JGW258l2O6RbA8A,CTR-00000226,Expired,2025-08-20,2030-07-25,2025-08-06,932 Rodriguez Way,Cedar Crossing,MA,93348,United States,Synthetic commercial agreement for products and services.,2025-05-29T23:35:33Z,60,001MMbrZQQUkCyfI5Q,01sf902KvuoXgXtOGX
800yoICljZQqLlBQCN,CTR-00000227,In Approval Process,2023-04-12,2026-03-27,2023-03-29,2719 Matthew Terrace,Northhaven,CA,62102,United States,Synthetic commercial agreement for products and services.,2023-03-19T04:24:44Z,36,001C3SilogoPTPGIWX,01sJqGPflRJqwqCPRW
8000rz8uug1m2u0YHF,CTR-00000228,Activated,2023-01-05,2024-12-25,2022-12-29,0510 Tucker Points Suite 082,Cedar Crossing,NC,39164,United States,Synthetic commercial agreement for products and services.,2022-11-10T22:49:55Z,24,0016bs349lxRsmUQ0V,
800jlK3lDzmQ2IWY2A,CTR-00000229,Draft,2021-02-17,2024-02-02,2021-02-11,157 Boyle Walk Suite 879,Cedar Crossing,OR,94688,United States,Synthetic commercial agreement for products and services.,2021-01-04T17:21:12Z,36,001ltvwfHnMcdhbAJS,01sf902KvuoXgXtOGX
800CcX39E357Xq8YLT,CTR-00000230,Draft,2021-10-23,2024-10-07,2021-10-16,092 Deborah Loaf Suite 706,Alder Bay,TX,26482,United States,Synthetic commercial agreement for products and services.,2021-10-11T23:26:10Z,36,001G40EGKjt7p96I7T,01sQ4LtuJF9K1vlMFT
800puUrLzvJbTTvQBH,CTR-00000231,Draft,2023-02-12,2027-01-22,2023-01-29,1864 Whitney Island,Alder Bay,CO,36573,United States,Synthetic commercial agreement for products and services.,2022-12-15T12:10:10Z,48,001g2MhymLdN59YQJG,01sQ4LtuJF9K1vlMFT
800A4AbXmku2kz9I5A,CTR-00000232,Expired,2025-09-26,2028-09-10,2025-09-17,26878 Katherine Shores,Cedar Crossing,WA,43334,United States,Synthetic commercial agreement for products and services.,2025-08-26T11:11:43Z,36,001t1tQX1aEupiNQXE,01sQ4LtuJF9K1vlMFT
800hgM3RRNDU3fvQIC,CTR-00000233,Expired,2023-06-28,2026-06-12,2023-06-22,96305 Bennett Overpass,Northhaven,NC,28457,United States,Synthetic commercial agreement for products and services.,2023-05-28T20:00:01Z,36,0018fHG08zFMfdsQ4N,01sQ4LtuJF9K1vlMFT
800Ll8VSB6G4GsfQ93,CTR-00000234,Draft,2026-03-23,2027-03-18,2026-03-11,511 Donna Plaza Apt. 325,Lake Briar,CA,10623,United States,Synthetic commercial agreement for products and services.,2026-01-07T07:23:24Z,12,001nyKCWKQ4K1MEQBJ,01sQ4LtuJF9K1vlMFT
800KRcmDv0XESdNQSK,CTR-00000235,In Approval Process,2025-05-16,2030-04-20,2025-05-13,85543 Martinez Mountains,Willow Harbor,MA,88266,United States,Synthetic commercial agreement for products and services.,2025-03-29T14:43:52Z,60,001PuTTthcGKMiPQUX,01sJqGPflRJqwqCPRW
800FGEvTZ8ZPUxkYSR,CTR-00000236,Activated,2021-08-27,2023-08-17,2021-08-19,311 Hammond Squares Apt. 235,Alder Bay,NC,66307,United States,Synthetic commercial agreement for products and services.,2021-07-17T20:35:35Z,24,001cgzJWlSIy1t0I9S,01sQ4LtuJF9K1vlMFT
800TPPSbhr16ZK9IJO,CTR-00000237,Draft,2022-04-24,2027-03-29,2022-04-16,76437 Kimberly Wall Apt. 038,Summit Glen,CO,49765,United States,Synthetic commercial agreement for products and services.,2022-03-27T08:26:02Z,60,001ZV3zN3f85rlSYDN,01sJqGPflRJqwqCPRW
800wTbmUAaqNpsYAFZ,CTR-00000238,Expired,2026-05-30,2031-05-04,2026-05-25,590 Matthew Springs,Northhaven,NC,43335,United States,Synthetic commercial agreement for products and services.,2026-03-23T21:07:26Z,60,001CWFhyR8QJd16AFG,01sJqGPflRJqwqCPRW
800IjjLhU5OjArOY3V,CTR-00000239,Activated,2023-10-02,2024-09-26,2023-09-18,889 Hill Ridges,Summit Glen,MA,98160,United States,Synthetic commercial agreement for products and services.,2023-08-31T10:36:17Z,12,0018YzqdxvbgCoaYQU,01sf902KvuoXgXtOGX
800Itpb9vCc1hHhQ1W,CTR-00000240,Expired,2022-11-30,2025-11-14,2022-11-21,29266 Jason Villages Apt. 783,Northhaven,MA,87169,United States,Synthetic commercial agreement for products and services.,2022-10-12T20:22:04Z,36,001OR7GRtb417SOIE9,01sQ4LtuJF9K1vlMFT
800B1LU48CcQp1LYPI,CTR-00000241,In Approval Process,2022-01-11,2025-12-21,2022-01-10,050 Cunningham Hill,Cedar Crossing,OR,35414,United States,Synthetic commercial agreement for products and services.,2021-11-08T10:46:35Z,48,00134kztbICJD2tYCZ,01sf902KvuoXgXtOGX
8009ghGTe9zlnjjYFJ,CTR-00000242,In Approval Process,2021-05-27,2026-05-01,2021-05-18,238 Mary Circle Apt. 578,Lake Briar,CO,32619,United States,Synthetic commercial agreement for products and services.,2021-03-01T07:58:55Z,60,001apZYag4darBdYRL,01sf902KvuoXgXtOGX
800ejZugOUfe1WNYDE,CTR-00000243,Draft,2022-07-26,2024-07-15,2022-07-20,45960 Parsons Divide Suite 713,Alder Bay,CO,14289,United States,Synthetic commercial agreement for products and services.,2022-06-07T07:39:20Z,24,0018c9GjM4ln0cnQIN,01sJqGPflRJqwqCPRW
800drlau230mmV1QD0,CTR-00000244,Activated,2026-06-28,2031-06-02,2026-06-16,37627 Sanchez Brooks,Summit Glen,MA,28145,United States,Synthetic commercial agreement for products and services.,2026-05-12T06:56:06Z,60,001LDvrdIgxRUc4IID,01sJqGPflRJqwqCPRW
800Cp0mYzGhVsmxQQH,CTR-00000245,In Approval Process,2023-08-19,2028-07-23,2023-08-17,1250 Harding Passage Apt. 851,Alder Bay,OR,17595,United States,Synthetic commercial agreement for products and services.,2023-06-24T04:29:52Z,60,001wXq5LbckG7u9AEU,01sJqGPflRJqwqCPRW
800OR591NYgi9BVAC3,CTR-00000246,Draft,2025-05-28,2030-05-02,2025-05-26,34940 Henderson Greens Suite 023,Alder Bay,WA,11774,United States,Synthetic commercial agreement for products and services.,2025-05-17T02:48:43Z,60,001U9TwW1ZhV64GITA,01sJqGPflRJqwqCPRW
800UgkzAKbycojvAPB,CTR-00000247,Expired,2026-07-15,2028-07-04,2026-07-02,46192 Mckay Lights Suite 546,Alder Bay,MA,79598,United States,Synthetic commercial agreement for products and services.,2026-05-28T14:45:21Z,24,0017q85b1UbQ3zNQ8K,01sf902KvuoXgXtOGX
8005Gzx2MEL9wozYUD,CTR-00000248,Activated,2024-11-22,2028-11-01,2024-11-09,7262 Hale Cliff Apt. 211,Alder Bay,CO,85925,United States,Synthetic commercial agreement for products and services.,2024-10-22T14:54:33Z,48,001X5lK5MbsgblUIV7,01sJqGPflRJqwqCPRW
800vGPRkZJNSk7HY2P,CTR-00000249,Expired,2024-01-20,2027-12-30,2024-01-09,706 Meyer Valley,Alder Bay,MA,47348,United States,Synthetic commercial agreement for products and services.,2024-01-08T00:11:21Z,48,001iMYD4nOjTT4yIZO,01sf902KvuoXgXtOGX
800pHjoyPbLhnpsANO,CTR-00000250,Activated,2022-03-16,2025-02-28,2022-03-02,9127 Joe Trail,Alder Bay,NC,26354,United States,Synthetic commercial agreement for products and services.,2022-02-23T21:56:49Z,36,001Y94eVbSCMZThYRA,01sQ4LtuJF9K1vlMFT
800biHSFweEoDaFI77,CTR-00000251,Activated,2022-01-04,2025-12-14,2021-12-28,3768 Austin Land Apt. 057,Lake Briar,TX,44869,United States,Synthetic commercial agreement for products and services.,2021-11-11T18:09:53Z,48,001wOS4RTezb6AxY4U,01sJqGPflRJqwqCPRW
800umqU9rL9AwDHYLO,CTR-00000252,Draft,2026-01-16,2028-01-06,2026-01-06,547 Sonia Turnpike,Summit Glen,NC,92903,United States,Synthetic commercial agreement for products and services.,2025-12-20T16:42:24Z,24,001wOS4RTezb6AxY4U,01sf902KvuoXgXtOGX
800ApW0qJN1aScKYRC,CTR-00000253,Activated,2022-06-19,2023-06-14,2022-06-18,2215 Tara Centers,Lake Briar,NC,32904,United States,Synthetic commercial agreement for products and services.,2022-03-28T09:31:13Z,12,001XuarHFEI17I9AWA,01sf902KvuoXgXtOGX
800ESyb1zwBgH3yY7X,CTR-00000254,Activated,2026-07-07,2030-06-16,2026-06-30,8089 Jessica View,Northhaven,CA,36966,United States,Synthetic commercial agreement for products and services.,2026-04-16T11:30:32Z,48,001DmIO5EqT4tawY4D,01sf902KvuoXgXtOGX
800LVdxmEzruE4YAQC,CTR-00000255,In Approval Process,2026-01-10,2028-12-25,2025-12-27,59105 Ernest Squares,Alder Bay,WA,39638,United States,Synthetic commercial agreement for products and services.,2025-11-06T10:18:54Z,36,001lpuGrFmSTBnuY0M,01sQ4LtuJF9K1vlMFT
8002lzZBdig1E4MYZJ,CTR-00000256,Expired,2022-04-10,2025-03-25,2022-04-02,1453 Cowan Green,Summit Glen,CO,36613,United States,Synthetic commercial agreement for products and services.,2022-01-31T20:37:51Z,36,001wXq5LbckG7u9AEU,01sJqGPflRJqwqCPRW
800zUFqhmCa1rQWYGD,CTR-00000257,Activated,2022-09-09,2024-08-29,2022-09-02,86324 Meghan Estates,Lake Briar,MA,85826,United States,Synthetic commercial agreement for products and services.,2022-07-05T09:00:48Z,24,001kC1LlUdj8c3zY68,01sQ4LtuJF9K1vlMFT
800AQFaJzV1gKDAIA8,CTR-00000258,Activated,2022-10-25,2027-09-29,2022-10-12,18019 Paul Drives Suite 231,Northhaven,TX,43802,United States,Synthetic commercial agreement for products and services.,2022-07-31T19:45:46Z,60,001ev39cBq0xejNIY0,
800AdFhkJuwlDQ7IBV,CTR-00000259,Expired,2025-05-03,2029-04-12,2025-04-26,34022 Randy Lock,Willow Harbor,NC,97485,United States,Synthetic commercial agreement for products and services.,2025-02-26T14:57:31Z,48,001lpuGrFmSTBnuY0M,01sQ4LtuJF9K1vlMFT
800CRKWWGkP7TAlIRC,CTR-00000260,In Approval Process,2025-10-29,2029-10-08,2025-10-27,1211 Molly Courts Apt. 024,Northhaven,OR,16545,United States,Synthetic commercial agreement for products and services.,2025-08-15T01:51:28Z,48,001b6p7wMuocXZFIKR,01sf902KvuoXgXtOGX
