Id,Role,CreatedDate,IsPrimary,AccountFromId,AccountToId,OpportunityId
00I2L8tPFiTEA3SUGQ,Consulting Partner,2022-07-29T18:21:18Z,0,,001wZQxrqs61HJWYCI,006csbwE77CaSuXQOW
00IAlpHBzAimunmE29,Distributor,2026-03-26T10:10:11Z,0,0015Cr2vcIsO2EGY08,001pTLwbTFSx0AVIHA,001kpNvHYOV8pLjIXE
00IMVGvzDYobM9uU0V,Implementation Partner,2024-05-29T08:38:56Z,0,,,
00IhTdnKC0GVBhs2GI,Consulting Partner,2024-10-10T17:03:27Z,0,001yU1qilS2HtnNQUW,001CXiPlYrfwSgoQU2,01i9H3v1jwLj12rYWG
00Ijxjjsmo5VTPi263,Technology Partner,2021-03-04T09:55:33Z,0,001jKBzUVUKDjFLYTU,001lUr971GtA6wXYCT,821IrhP5JDNTKeQQ08
00Iaa1O6N7UfrLvM5D,Distributor,2024-05-07T04:05:12Z,1,,001MfuiALipgsrAIEL,01tD1mF9ntG1JYcYGZ
00IYjqt7iK9aKRLE2C,Implementation Partner,2026-02-22T02:53:38Z,0,001oPLQgL6DtzXuQJ9,00152hx60eiLsO2QGQ,
00ISgT6MvTI1W6AEZO,Distributor,2022-09-28T17:09:26Z,0,001IQ2ziiojxbf8YX5,001CXiPlYrfwSgoQU2,016646B4me1oKQSY7Y
00IfqncGClXaFQkETT,Consulting Partner,2024-12-09T02:15:30Z,0,001WiF4egJw4fFCI62,0018fHG08zFMfdsQ4N,70iEKKsvpW0SHkqQH8
00II5F41jegKCEtULD,Technology Partner,2023-09-13T04:13:42Z,0,001Z9FmqrbfBXeVI9A,0014pV3Hc4QcEQfYGG,52i6MpVfctu2Rz1Q6W
00IOy6E5Zgdo3SQ2FP,Implementation Partner,2023-11-28T17:50:18Z,0,001oowXHzEaXod1YS1,001ZmXb9rhCguMsYOS,701gffawymfXeLpYMB
00I0c8vAfxhyoU1E7K,Technology Partner,2025-02-19T13:09:19Z,0,001mdSX3YnkEjM0IVS,001MPbzljMNLiv5QZV,526oIi4wwv9ub5TYYU
00IZG7YZ733m5r7UWT,Technology Partner,2024-12-23T21:43:51Z,1,001CWFhyR8QJd16AFG,001wOS4RTezb6AxY4U,801rmDVqegLzveYA4W
00IwSaKqWL828NjUIO,Distributor,2026-02-10T02:45:59Z,0,001u2iK4bExNbRFYPR,001t1tQX1aEupiNQXE,516FzeN3XsvCepCIJM
00IhDyGmkPJpeRI2WO,Technology Partner,2024-11-23T19:05:57Z,0,,001hY0bG1ZS5TO8AMZ,
00IaVjKR0dvedbeUIK,Technology Partner,2025-12-18T13:37:27Z,1,001eE3A4cmn7G2gIHB,001gn26KfjMg4ZII8J,720YuKlN0x1ulxYY2I
00IPBvobwDLrhVLE9K,Consulting Partner,2025-12-24T19:02:42Z,0,001pUY9CVMaLCa4YQV,001ClNAQA1Xn4fUINT,
00Iln0TIuoHKXSQMBD,Implementation Partner,2021-11-10T02:20:51Z,1,001eh32w6Jnrn5JQ8S,001YrVA37VnfW7fIO3,501AfvHothHUh1WQ9N
00IjaI3EnBJKilaU6W,Distributor,2025-08-31T08:41:02Z,0,001e9z8TRFaUOARQMA,001Hmzu237idVEDY59,006cKDAmVaeja9FQ08
00Io6sAh1jJSe062BU,Technology Partner,2022-10-29T06:32:32Z,0,,001xCcjaWJxjfQtAJX,006dY7oWzVLeAQbYGM
00Ii17vXugLtIR8UVO,Distributor,2022-09-06T23:49:45Z,1,,001OyqT9LtQtE0fYGU,520LYGKOvaoDQUHYL8
00IgQkTrtRoZkcWUSN,Technology Partner,2022-11-01T17:36:55Z,0,,,711jyKmeift9k3zQ8Q
00IbbxZIQOVhMquMSC,Distributor,2026-05-25T19:11:21Z,0,001avRKkn0zGBkGQ4J,001HgM5pPhwEa9BAOB,82iOhvqkdKvlv9JY22
00I0n60ySoybdjtM4U,Implementation Partner,2026-03-17T19:58:46Z,0,001tvKQbYklnB9tY2P,0014xFF5q1fi7GwQMP,006LBCI52h0sNhLQ5G
00IpLgs1uxjFbBlMQZ,Consulting Partner,2022-12-11T12:11:57Z,1,001vYy7997Ekj5pAHO,001mmu9iYNsqBnfYFC,006RDEKK5DqXkskAUM
00I1DRsbFVoBaA3MNO,Consulting Partner,2025-05-28T07:45:13Z,0,001jsWcaI2ueqNkQ4J,001u2iK4bExNbRFYPR,7266OMC0nv5jUJ0IZL
00IxzQ1kXcq6J31M31,Technology Partner,2022-08-12T11:21:46Z,1,001MMbrZQQUkCyfI5Q,001TOsnOw1hho3AAGT,020fW53Isoqztc4QVF
00Izf6BwOyin8f7MT9,Consulting Partner,2025-02-23T23:36:00Z,0,001yFWO67SRy3CKA0S,,526F3l9AGlkv8pfIWP
00Iut5Mn7UXx6TAEDL,Implementation Partner,2023-12-28T15:12:00Z,0,001BH0vNAlwEWFXALI,001Z9FmqrbfBXeVI9A,011uTS0O62cBIW1YEA
00IbDFgVzp9Jkx6UYA,Distributor,2021-02-24T06:44:38Z,0,0015F3Mg4glglAzQRW,0012tOpQ4NIa7RbIUI,006MpWBGoNhmLKWYMH
00IknnpBt8GQqPo22S,Technology Partner,2022-12-15T15:41:40Z,0,001lY6NBb5ge9JhIW4,001CXiPlYrfwSgoQU2,500bGsYyxmgR7AMIUZ
00IyzdrysA9qbxk24E,Technology Partner,2026-05-11T22:17:16Z,0,001JTximtecXZZ0IK7,001CXiPlYrfwSgoQU2,006bSeYa8RGzU9LYYM
00IMAOh07VtaWhTMSX,Implementation Partner,2022-05-31T19:30:41Z,0,001eMGa7Y6CNd3wIQE,,7107w2YsFXTaBbMYJI
00IsIhYkSOW3JGM2AP,Distributor,2026-01-19T03:03:22Z,0,001OyqT9LtQtE0fYGU,0019ojrY0cvCQ2UQ6L,71tT1GP2wDzYpuLIQ1
00IqdOow2uvK85u2RM,Consulting Partner,2021-10-29T15:09:36Z,0,001A42WSazTcqOlAN5,,
00IEFATqYzBJa4mU2N,Consulting Partner,2021-03-04T11:53:22Z,1,00134G8VQW0MQTYI8N,001R0OuIWPEowdMYT2,026FFY5OeiKBXtzYT8
00IjQHXHEXLtoOVM4Q,Consulting Partner,2021-02-01T15:50:04Z,0,001jsWcaI2ueqNkQ4J,,01tBe6YHqK3HBCaQ0M
00IRjrnuP97O6M4UO5,Technology Partner,2025-10-18T11:18:40Z,1,00180qOlX8UtZ7HQTK,001ULTfosWQTQf5QW1,
00IYdWV6XPzYYk120I,Consulting Partner,2024-01-02T03:59:17Z,0,001C3SilogoPTPGIWX,0018haifivYezP7QUH,5206qpXvNKeGgGLYN7
00IbaT0vao7TWLQEK1,Technology Partner,2022-07-10T01:26:10Z,0,001Le6Z1bT7O20fIWC,001zOsseTV2G23QAKL,006Xr51ApbSx6A3ANN
00IC8MtmKhT9iGx2HR,Consulting Partner,2023-01-04T14:12:56Z,1,001FvdsL8UlrHiPQB9,0018wiQDxKxpFvLYGU,506lE6RMDqvThysAOK
00IxEFzCYaVVBMwEM7,Distributor,2025-04-12T01:12:40Z,1,0018MjZShtig55PAG6,001GbztdrMfr2gJYIG,501XZ94f9Gshb4CASW
00IScQVQqlUOqeMMQ7,Implementation Partner,2024-05-28T19:06:28Z,1,001OPKDJQJag0BvIDS,001zBr7D0amNm8PY72,011Y8cRXbmQoZrAA1Z
00Id5UQ4VLmi1gZM6F,Implementation Partner,2025-12-04T13:13:27Z,1,,001M74hgC6aUyfWARU,810bxkuzQPDh3uvAMF
00IjhsFQnnjLiW326Q,Consulting Partner,2023-06-15T23:09:38Z,0,001DmIO5EqT4tawY4D,001ULTfosWQTQf5QW1,71iAFTupKfJkisWA3O
00IoHaaBajDRcILEXC,Consulting Partner,2024-05-30T18:48:23Z,0,001U9TwW1ZhV64GITA,001BH0vNAlwEWFXALI,006Jx6kXJ3DTO86YO8
00Ir9wWXLilb3DMUNG,Consulting Partner,2025-02-25T20:39:20Z,0,001OH94vlTF3MI8Y08,001DmIO5EqT4tawY4D,716dsrZwA95n9ZUQTQ
00ITUt9mFm5PJc4MFG,Implementation Partner,2025-10-13T04:11:34Z,1,001gDwR4bq40bkiQ0U,001JTximtecXZZ0IK7,710OWlhgQBz1dgiQSB
00ICZbOsa09eZhU25J,Distributor,2022-09-17T12:26:17Z,0,001cnLEQk5pZMibQH2,001CXiPlYrfwSgoQU2,01tV4GKLLNYwoIMQAI
00IQyez4QykrIevEK8,Consulting Partner,2022-01-20T22:24:47Z,0,001G40EGKjt7p96I7T,001FUJDI7PYzDeCQBR,006qbKmy2UA4PO7Y8F
00Ii2GGicjftFFNU27,Distributor,2026-03-30T01:39:59Z,1,0014rAjCuliftUBIPG,001tqRaHFT1utFgIDH,80iYCIChrIJKE2ZIAR
00IwJt12O7Rwsq8MCS,Distributor,2022-08-08T17:24:17Z,1,001LDvrdIgxRUc4IID,001cML7G0gkmAuyYXM,01tlu1AkkC5qbbuYPR
00IccE9gZobQC3hM1M,Consulting Partner,2021-06-21T21:27:10Z,0,001lpuGrFmSTBnuY0M,001RUYGIDukMN3HIZS,71tHROrc8FGINvpYXY
00I6exRdqULmu6WUVI,Distributor,2024-02-14T11:02:34Z,0,,001PuTTthcGKMiPQUX,006xJ6XiObowSlWQBY
00IY5wYhdH2HqocM85,Distributor,2021-02-17T10:05:36Z,0,0016qNzHRpaK4VVIC7,001PuTTthcGKMiPQUX,52iDBZrSaR6YAuLAJY
00IYLhZV79H9GLcEE3,Distributor,2024-03-08T05:40:32Z,0,001EocC12jSBhyyIOU,001PFA4WC7yjw84AX1,00txp86s8wpYXDTQ8N
00Ib3igeNKYANsa2YC,Consulting Partner,2021-04-19T17:47:23Z,0,00134kztbICJD2tYCZ,001e0UGOTVraqTKQN3,006uOtoSKqGQMgYYMN
00I8ig67xmAaBwo2D5,Distributor,2021-08-31T21:20:04Z,0,001LInXZfFVYqWIIEB,001Z9FmqrbfBXeVI9A,011HMYcl7buHdcYITP
00IMNQbEQsostswMZH,Technology Partner,2025-08-25T16:36:17Z,0,001PuTTthcGKMiPQUX,001vYy7997Ekj5pAHO,010EQOFvjlpqXRWYF9
00Iq2XqCJOOrs6AMV6,Consulting Partner,2023-12-19T05:46:11Z,0,,001gcyiBi1aOx6uAJ7,51iBOICsBTqL8e5QBJ
00IOsaKuviC8ukSUIH,Distributor,2024-06-23T16:26:48Z,1,001tvKQbYklnB9tY2P,001IGpX26HWSL0HQPY,01ipBE9FncIOp9LYNF
00IgYSly4CT4Ek62E8,Distributor,2021-12-06T11:44:02Z,1,001tGz7asrOtBm8A2Y,001vuI7W5NKUSqVAGG,006fjS5Ew4iv3VmADQ
00IAELkQQChdbA9E3X,Distributor,2025-08-06T01:58:14Z,0,001d6L0YO7RdZlqYEZ,001Q3kntrifzyYWI62,81ifOLG1ra92UnlQ70
00IO087hCveUlTm256,Consulting Partner,2024-09-11T12:08:16Z,0,001cvG5DjhEsIaIAD0,,0062QxpaaZxZ9lmY5A
00IXDfm8Y3dfpYS2PA,Implementation Partner,2025-11-02T13:38:12Z,0,001TBaHImIEtjplQN7,0016bs349lxRsmUQ0V,511eM2lrl9Ozn6fAVQ
00IcI10m0ET4erhEK1,Consulting Partner,2025-09-10T05:53:52Z,0,0019ojrY0cvCQ2UQ6L,001qD5B1fJ8KUKBIVO,0114VX34JojdXVkQA0
00IEK7DxDenSJLAU3L,Implementation Partner,2023-01-02T13:05:50Z,0,001NlUpPvRS2wnzIYM,001JTximtecXZZ0IK7,51iQD0tQCZ7I9awQN4
00I6zb2jMRUzza2MG1,Consulting Partner,2021-12-19T16:29:24Z,0,0010APGD8asQ2PkIS9,001GjfBhJ295BInY2G,5260ID9UWO3NsN8AI5
00IwSAt0rwXsI9FMGM,Distributor,2024-05-18T16:55:05Z,0,,001Ts4G5LvwmAxUY42,706ILyC8RoCvI4iAL6
00IlEb48QcTyS3CUUT,Technology Partner,2021-01-03T16:18:37Z,0,001wZQxrqs61HJWYCI,001CXiPlYrfwSgoQU2,
00IUQR2vK34j6v82B2,Consulting Partner,2025-11-01T17:25:20Z,0,001X3Yql9lqICvlQUO,001LDvrdIgxRUc4IID,80tiKSl4hJWjT5jA9G
00I1THrgv450icUUCB,Technology Partner,2022-11-02T11:18:34Z,1,001pTWz3tTkTLr9I1D,001oowXHzEaXod1YS1,006Hh9cMgbG5BskAGG
00IAHpGMKI6NyJzMP3,Distributor,2023-06-12T14:11:12Z,0,001rfSg90dRC6Q8Q6D,001vXGsLaTZksTjQHC,816NH1Uknj79qGbQHV
00IPAovlhheCZtXM4W,Distributor,2025-06-06T15:15:50Z,1,001F4OLdqq7HlXbIGG,00195IoHhooLntmYBW,801oHU9AvbVZ3maQ0U
00IYXGG8zt6wUTTE3C,Implementation Partner,2026-04-22T08:32:08Z,0,001j7iSsvqojgmCYMF,001ygA3FAG75gTTAXO,521ZnDKIAdpMn14Q88
00ItkvSt4p9Hc4JUC6,Consulting Partner,2023-04-21T15:50:36Z,0,001OR7GRtb417SOIE9,001Pv3IESUoMrhiAAG,
00IX2gAA7dvPis928E,Implementation Partner,2022-01-12T19:54:38Z,0,00134kztbICJD2tYCZ,,72ik8dNleqayzEcQHA
00IHTyhJgd5lgdnM57,Consulting Partner,2021-06-01T16:14:44Z,0,001PygtS3FHgKj8Q8G,001UFuHNhHx2c9ZQQ9,02iS22kmtnTAmXQYS9
00IWBaexwAWfLzcE6L,Implementation Partner,2022-06-27T20:23:31Z,1,001N2mO6ogfdaXBYDK,001ZtdM0LykySWPIE4,00tnwkWac5inb0BQGB
00IO9oM0ZcesoPN29G,Distributor,2025-05-26T02:21:26Z,1,001vuI7W5NKUSqVAGG,001OH94vlTF3MI8Y08,501iOamI6vFewPbYG5
00IlvObSXJqyWKfU13,Technology Partner,2024-01-25T09:29:09Z,0,0017q85b1UbQ3zNQ8K,001IDl2DWYpmmF7QG7,
00IqtZFqTMTbct2M4Q,Technology Partner,2025-10-27T00:23:12Z,0,001sriFmgu6lhqcIL6,001EM3ljRRvtOqaQZO,706ThNDtIikLzwYIS4
00I4Hb0rwSmXasRM7K,Consulting Partner,2023-01-30T00:59:09Z,0,001We3no8uGmxSIY96,001OLEw0xIyryQpQ2X,006gPmw4fi4K2HYI9X
00I677xKAH2pVVzEEQ,Implementation Partner,2022-10-19T08:32:58Z,1,0010APGD8asQ2PkIS9,001DbG9gnZEl0ZPAAY,006l7f2kBpCZ7noI5Q
00IKGKtCKuZLTUkED2,Consulting Partner,2022-11-08T01:17:33Z,0,001C3SilogoPTPGIWX,001OPKDJQJag0BvIDS,006a0sx0iWwziEqIJS
00IHVSAlzslH2r82FW,Consulting Partner,2021-04-26T02:25:19Z,1,001b6YbqymKD3ZDA0A,001FHyBhLc8CzxgIVO,50tDPsuDagUalCrIV2
00IKHLTswKtaLJUUE9,Technology Partner,2026-03-19T00:21:59Z,1,001n3aMHCveux7aI17,0018sCn7wzuyGKcIWS,820k7BRYhy6wZm7IHH
00IY6Ox8H3LHct3MGB,Distributor,2025-03-23T18:24:33Z,0,0011qafIoKOaGWeA3A,0012lorIPC5zJvCYYX,5118A3WWZEqspGMQ9H
00IcmxKzAMVVYYxE0K,Consulting Partner,2022-01-04T05:10:53Z,0,00134kztbICJD2tYCZ,001OH94vlTF3MI8Y08,700xlDDxmPozXu1YYY
00I4BVWIcbRF1fB2M0,Consulting Partner,2023-11-12T05:48:42Z,0,,001x4qMeufUWlfdINO,826Zu6vzs07Yg80AR2
00Im4ilHHgw8IXBEJQ,Implementation Partner,2026-06-20T02:36:27Z,0,001nrvjrS2WHC2oY9X,001RPYkI2OuKjJ4ACQ,001Ou3cLagv7VIiQYI
00IL3anCbvO7DsmEHM,Implementation Partner,2025-11-07T05:14:58Z,0,001kpkteJ4XLaaYQTV,,
00IlKJcdY7IvcvmMYM,Technology Partner,2025-05-15T14:09:57Z,0,001uKtjv3QWz3nDQSN,001XOGQaJwZLxA8YV5,72iELLOBDcXDk49AIU
00IMSr417Bc1Yy5UKU,Distributor,2023-12-05T07:05:13Z,0,001upirIJhb5AGBA5J,001IqN1uANorRv0AGO,006JBCuzYapF5eRQOG
00In8NrnRQ4cQKdEJS,Consulting Partner,2025-11-09T13:40:49Z,1,001eRJ4GILnQbQxQA2,,70tPURsGhA2EuSIQ4H
00IdzPkWmaERrIZMIU,Distributor,2021-10-15T20:49:46Z,1,001kIZzocnhLCvOQBW,001K0CnPI0KA5TEY6P,006gB9wvQnV0b9WIDU
00IL3uSSnhKZRhqERL,Technology Partner,2021-08-21T02:26:24Z,0,001Pv3IESUoMrhiAAG,001qh75A7jHuE1EI0O,51t4ISe2oquT5onIYK
00IQWgCpwUCThrIE4C,Implementation Partner,2023-06-03T07:01:48Z,0,001H9tfZGBr7JPsALI,001vnn1W5RPN0LPYO8,511VHg0pbxkr9bRQ1X
00IogHSMPpozPcBE72,Consulting Partner,2022-03-13T05:06:09Z,0,00134kztbICJD2tYCZ,001CXiPlYrfwSgoQU2,806MNuDPlV5veZFQWY
00IC3PDKAJG7ZMXMMW,Distributor,2022-12-01T15:22:45Z,0,0013epV1eJk7y9fAC2,001I4vmxErKOgEQQME,52tJCz8frqchjyuY71
00Ifn1fXWH7dsvZMCV,Implementation Partner,2025-07-24T03:09:15Z,0,001Q3kntrifzyYWI62,001Pv3IESUoMrhiAAG,81tdAGdH26F8088AZY
00IhgpEMcNfIdeyESE,Distributor,2022-11-04T12:28:46Z,1,001tvKQbYklnB9tY2P,0014rAjCuliftUBIPG,
00IK3vVih4Xl7xvUJC,Distributor,2025-09-15T21:37:00Z,0,001xWEEO3zOAo9KY3S,001nrvjrS2WHC2oY9X,0064GRvbDOzL1bSAZ9
00IthQFbtq4DUL3E7S,Implementation Partner,2026-05-12T20:32:17Z,0,,001ZV3zN3f85rlSYDN,006PcUQhx8X9vEHY3A
00IbmXATd8mrKZ1UBV,Consulting Partner,2025-09-09T17:52:42Z,0,001QlR8r1Q5bRm4IG1,001JTximtecXZZ0IK7,0061SrMEnwCH7hEQ5W
00I4uZfFXrFaS0uMA7,Distributor,2023-03-01T13:05:52Z,0,001Rc1LJzjoerNoYJJ,0014BI0PTpGJAb4ICJ,001pIL1pKCki17BQWN
00I0ErAXmdB6yxYEGF,Technology Partner,2022-05-07T10:51:38Z,1,001FUJDI7PYzDeCQBR,001EzVzzzPDO3QjIJG,701jvlXiDrnHB8fQV6
00I1ZmMxcJiWYu1U3K,Distributor,2025-03-12T17:23:53Z,0,0019ojrY0cvCQ2UQ6L,001qxvOxGkxKlKoYCS,810a0t8k1FUXv1cI0V
00IkfvuMjVDERzhEPT,Technology Partner,2025-08-29T03:10:05Z,0,001kC1LlUdj8c3zY68,001rLqfAY4OfLS1QF8,
00IlZAKd2MHQ1dqM21,Consulting Partner,2021-09-04T17:24:25Z,0,001OofCnV7AgAXeQDE,001j7iSsvqojgmCYMF,726hjCBUiRc6Z6NYQ4
00ITi9Tmf0g9Fas23V,Implementation Partner,2022-07-13T19:33:22Z,0,001XJBJ9looV3jVARS,0018YzqdxvbgCoaYQU,801mn7LPXOVniJyI2X
00IDwTSMNwwB5lNMZN,Distributor,2022-11-01T00:44:58Z,0,001o5vm8lqkBKW6I3B,001avRKkn0zGBkGQ4J,50icrSiQzUGLCMkIXR
00ItQi2mUmtzGwt2Y2,Consulting Partner,2023-09-13T22:04:32Z,1,001ULTfosWQTQf5QW1,001ygA3FAG75gTTAXO,00194jd02fSe4ubYVT
00IUaWLNnYColCO2G0,Technology Partner,2026-03-23T11:46:37Z,0,001Q3kntrifzyYWI62,001b6p7wMuocXZFIKR,52twUqMYL1d6Ai8AH2
00IPP0CIMgiirDNELT,Consulting Partner,2023-01-07T08:07:54Z,0,001OphrQTgtGmAPIMC,001acV09mYJcIa6YCV,00iA1KWe8K1vrY1ANF
00IJKqqpq36kKEKUU7,Technology Partner,2024-02-25T05:38:15Z,0,001ltvwfHnMcdhbAJS,,006j9E323d5DOdfYF3
00Iv254DOOD4fLGMLY,Consulting Partner,2024-07-31T23:37:51Z,0,,001uaLZFmzUomVXQGA,51i2GeNDNtSqHb1QVK
00IsVeWjWj5GJYgMLZ,Implementation Partner,2025-10-21T10:11:34Z,0,0011JBrPJ5YTub6QBD,001f3j7ZUJ5YxijYYQ,721GTQKklxSg6U2AAT
00IALI0lfXjjt5V2YW,Implementation Partner,2023-06-28T01:15:30Z,0,001Tn3lq2OpXiyaYCN,001KQsenOWHB4fuQM5,
00IPWWyxhOq3dQ7UEA,Distributor,2023-12-27T21:04:41Z,0,001ygA3FAG75gTTAXO,001jIiXAhBEHXIPYQP,71tjE28RTCl2kE2I0Y
00IN0dz2wOkPvZDMPC,Implementation Partner,2022-10-24T15:15:25Z,0,0012Mm2CXMo3FSXAIK,001ckBA83DHLBWZQQX,516T1jyYjH3KRCII9F
00ImNahJo6osILOMZO,Implementation Partner,2022-08-11T18:16:37Z,1,001yQSD3rwvt3ZBAV9,001GIi2sHi8hI1AQ7T,006Acu1Q2oIdoSzY9H
00Ib5bmEIr2LD4s2YL,Consulting Partner,2025-07-16T17:36:05Z,1,001gcyiBi1aOx6uAJ7,0014WYoiYbOMlUgQDX,80i0iR9lnVDyLhFARF
00IQfcvROJz07ZJMIJ,Consulting Partner,2025-07-08T17:26:56Z,0,001zDxxuW7kQ4BrAGJ,001LaewwyaBMECsIRO,000wqpYfzH5iNPNYAV
00IItpeS3BYgOX1EOP,Technology Partner,2024-11-16T19:56:51Z,0,001QMRyBoOV9ydJAFR,001cnLEQk5pZMibQH2,0064Lvs4DokvWevIOV
00IVqtrIpvnx855E32,Consulting Partner,2023-06-05T19:49:53Z,0,0016bs349lxRsmUQ0V,,0069sow6G4kNJ2VQCU
00IVCNcgYmUExatESU,Implementation Partner,2024-02-21T08:03:42Z,1,001T48I5YauDsbqQZG,001rvlO3y0uELfOAW4,816p3J8VmnEOsVcISX
00IWhmwEzHl3XK92U2,Technology Partner,2023-08-23T10:11:51Z,0,0012HZJseXkHHpVYJL,0018sCn7wzuyGKcIWS,811VQy3NZqgmmwwYEI
00I2HSXiaAPjL3JU0D,Technology Partner,2021-08-24T00:43:44Z,0,001yvWhfz01vDWFY3M,,52tLaCdL9BDn6axIDS
00IKLXleWiEs59aMMZ,Technology Partner,2021-01-03T02:12:47Z,1,001vYy7997Ekj5pAHO,001CobSEZTi3dLCAGD,821qtottAAusQkeAPP
00IFb70jmXTTrfT2SH,Distributor,2024-04-06T08:28:33Z,0,001qb5RFrl2MvvDIYA,001L6QQcpJ1qXB2Y62,80ig0h44cCZ9guhILV
00IyASKmc8YPTycEPM,Distributor,2022-04-05T02:04:40Z,0,001SDonDyKHRDRwYPS,001cgzJWlSIy1t0I9S,
00Iqu2troWvB6x0UTF,Distributor,2024-04-04T19:17:57Z,0,001IQen5JJcxOzsYOT,001CQsu3nn5gAVpQ7B,00696luqMdP6Wm4YX0
00IhfKbUg5HtkZoE5Q,Distributor,2025-05-29T06:42:13Z,0,001t1tQX1aEupiNQXE,0014rAjCuliftUBIPG,816QSg0GF2pqQnfIKH
00IPqHhKQ6wO9dyEX3,Implementation Partner,2025-08-27T02:57:36Z,0,001I5KBo2Mtskg9I6K,001x4qMeufUWlfdINO,516CTNDrn4MyR19AT9
00IXagTfIZM0d0aU3E,Consulting Partner,2022-02-10T18:17:28Z,0,001wHDsRuiwyR4oI2F,001LDvrdIgxRUc4IID,0061qThIuslKrF7IVW
00IEPkHWQRzNvKgMQT,Technology Partner,2023-11-12T23:53:35Z,0,0013e2Rh2QW4yB5YBM,001S6Q42Y1rkKzpYHW,511cHYiBkget9ekI13
00IuLNw2KehjCP3ULH,Consulting Partner,2022-02-28T12:06:35Z,1,001BAfwqbwr0TsUA0T,001WHkVb04B78wfY3Q,006uyPvdHXhpZOyQTO
00IX2LEEbBCxX0hUWT,Implementation Partner,2026-03-11T21:56:38Z,0,001H2ifRi7MnAnLIKL,001aJFstC9yWgafQNG,711igRXfJ6BhQOgAQ0
00ITmgpngWXdqDREYJ,Consulting Partner,2024-01-26T18:31:20Z,0,001dVg5Hd2ux7OeY11,001bEjr0cyFC7SBAXL,801IgdaxLwOyiK2AHZ
00IIRQf49iSXd2UUY1,Distributor,2023-04-08T21:29:26Z,0,001mKhmK3YHBLkpIFQ,001mmu9iYNsqBnfYFC,80tobc4ke2BPPvLYSC
00Io06jAyt0Pzqk21J,Consulting Partner,2022-01-13T17:05:40Z,1,001B9D5LGsgGdbtAQA,0016VNR5Nv4nAZ1IGT,01iEa511wLJYEKAAFG
00IlHyEuDInHMh42N5,Technology Partner,2023-02-20T20:53:32Z,0,001CfmgfK8c5I6aQSB,001qn0PeVSegyj1AFD,006DdeC36MIzT7wIBL
00IWuErcrHgrUhZEV7,Distributor,2026-02-19T19:59:58Z,0,0018haifivYezP7QUH,001j6nRokzRlCs1Y07,52tR0p53ylj7fAxAPB
00I3OFryFUu7H8K279,Consulting Partner,2023-03-19T21:32:18Z,0,0011Ah4A4sWSLAjA4O,0011JBrPJ5YTub6QBD,000xXneMwf8WkNFIAK
00IC4QH62bMEFEOEGU,Consulting Partner,2021-06-01T14:40:31Z,0,001tvKQbYklnB9tY2P,001j6nRokzRlCs1Y07,006RiaoIeqRgc7vAIO
00ICXYisue5bKbgMHO,Consulting Partner,2024-07-01T05:23:34Z,1,001DLqMjZmJEMS7ID7,,82iSYQYHoA98FdPQOM
00ISnXKK8EJZr7V2BY,Technology Partner,2024-04-21T00:16:43Z,0,001g2MhymLdN59YQJG,001GJ2vwlaXONX0IFT,5110ZOJX7nBAXF4YIM
00I3rd7qMNdm3pcEAS,Technology Partner,2023-05-08T17:37:18Z,0,001IqTHPQDIx3azQWL,0017R1i3b17QyDUAUX,700AZ5Efb7g1SiiYI7
00Ig0OVWZ3xRNmZMQF,Distributor,2021-11-04T16:07:48Z,0,001CAWJWrCJUDD2Q42,001CAWJWrCJUDD2Q42,52iz5dbic5ZsRkWAEP
00ICUegAQly2Mk6EHN,Technology Partner,2026-04-05T13:35:11Z,0,001kBV5ho7M1GOwA4E,001Rc1LJzjoerNoYJJ,026fIXSnC4XbAqbAIC
00IfoS9Kr1YWiMc2D8,Consulting Partner,2025-07-23T00:53:00Z,0,001FzQ1Vu9hM4AsIVS,001XOGQaJwZLxA8YV5,821AbkiganEss7hYIQ
00ImSZy64wax3tIUQW,Technology Partner,2024-04-07T01:19:35Z,0,001X50Bqc5cThUtYIX,001LT9I3sxXG212YUI,006ubW9e6pahLLXQUB
00IWWHcDW0woWtaEDJ,Implementation Partner,2022-10-25T20:39:11Z,0,001vnn1W5RPN0LPYO8,001vYy7997Ekj5pAHO,5113O7OhVyVpRRPISJ
00IrAdpPXX0iyrmUB3,Consulting Partner,2024-04-01T04:06:56Z,1,0014rTJuxo1U1bKAZR,001KKprsa8fDGWEQ2J,800IzBADA7mOjsmA4O
00IsJTKVoOOFSNDU57,Distributor,2026-03-04T03:44:14Z,0,001M2rDfuFzN9SZI6R,001UhwyHPMFM5liAM5,006aA3yAV466PkYAKT
00IU4oObHCVRMBx245,Consulting Partner,2022-09-23T10:55:58Z,0,001pTLwbTFSx0AVIHA,001yU1qilS2HtnNQUW,
00IWAeRK8CiO1OJM66,Distributor,2021-04-16T18:57:48Z,0,00134kztbICJD2tYCZ,001FdhXK9A63y9AILQ,511rCYELNBcd4IvA18
00ISbk9qJKMGMeJ2RI,Implementation Partner,2023-02-21T00:31:14Z,1,001X85qfzndbjPoIS1,001Ok5JQopT2gTPQYR,506KFidge6NFupaQIL
00IZcfWs6MaMJMPET2,Implementation Partner,2025-07-19T01:02:13Z,1,001Cf0Zp88DAw7JQGL,001upirIJhb5AGBA5J,000CQ9iBxBhpsC9QI8
00Ih2Org0EMsh9QEVR,Consulting Partner,2021-12-28T00:13:51Z,0,001181P9BD1hpxgATH,001XFpYyxD2bjtqY54,50iTnLuA85S8qYoQYM
00IsWZQ69bHoujRMCZ,Distributor,2021-12-06T12:55:39Z,0,001LW8OXe6IEB5RAZR,,00tK8p779q4DqJHYDL
00IGUZXpu316kbxE09,Implementation Partner,2024-01-25T09:51:25Z,1,001GJ2vwlaXONX0IFT,001wZQxrqs61HJWYCI,021PvkDEsMHKEpFADA
00I0XXr20ypIw1t26O,Technology Partner,2023-12-31T18:46:16Z,0,001Ekc6ysmrBHJMQF2,,006fLXXRmFzm5m5QSV
00IMZZVD7dC8Pf6MS4,Consulting Partner,2021-09-05T05:26:27Z,0,001Xr4ot1oG2AteQ4O,001KLzOHTO9BbVjAXJ,006Kb7zxzNgZlCmY62
00I1Vdkv54xaXDP2R4,Distributor,2021-03-22T16:12:29Z,0,0018YzqdxvbgCoaYQU,001YbEX62vgcJCrQQH,00tuIMF7s5oEPalQX0
00Ip62FzBerdwMHUZD,Consulting Partner,2021-06-08T08:36:03Z,0,001avRKkn0zGBkGQ4J,001CXiPlYrfwSgoQU2,700HXReK0YYlpwkY13
00IcXoAavcGoEmn2S1,Consulting Partner,2023-09-08T05:09:49Z,1,001XOGQaJwZLxA8YV5,001HMeyM0ISzwz5I0E,526duQiMCinTMYoYWT
00IPHn8fzNWo79D2YN,Consulting Partner,2026-04-19T00:39:26Z,1,001DB4qra8rmNKiQ0K,001oowXHzEaXod1YS1,81tA5YbVu1uMoiMI5D
00IaaaLK6PXCCPYU78,Consulting Partner,2022-06-05T06:18:01Z,1,001fNeki8j02ByQA5V,001b6p7wMuocXZFIKR,500omxYi0hTQz5nAHP
00IYLqDoRGKKGGt2Q0,Technology Partner,2025-05-06T17:02:45Z,0,001sAtRqmoa84s0IBV,00152hx60eiLsO2QGQ,006b2uTzEH4AvHaYQB
00IeyeRaT5bc3TMMB5,Technology Partner,2021-01-28T15:26:17Z,0,001qn0PeVSegyj1AFD,001CXiPlYrfwSgoQU2,80608LfI6eoL1PiYOU
00I2z0HsU4DBH5X2PL,Distributor,2024-06-11T10:09:57Z,0,0017rl4CBbT95B0YG7,,521ZomOuXMlyxiZY73
00IsleXQPidTkW3MTT,Implementation Partner,2021-11-22T04:01:16Z,0,00134kztbICJD2tYCZ,001JTximtecXZZ0IK7,006Y1Mvf6qcOjkhILA
00IZGEow3EcZZTnU46,Distributor,2021-09-19T01:02:46Z,0,001WPEcjxhamiNXYYJ,00142tCTlA12GP8QFU,02tVBbUlSe9jR1yAQL
00IKcChIZuYEB7lEGE,Distributor,2022-06-19T07:05:45Z,0,001CobSEZTi3dLCAGD,001QAtek1IxiotWYQX,82689KnIcbNAgyTA3V
00Iso4oC2qRP3WZM0D,Distributor,2022-06-21T23:07:50Z,0,001raw2VDD9p9udA5N,001d6L0YO7RdZlqYEZ,80iq1Bh2MseHsg3YUS
00IgLkFOqm40M6EMG6,Distributor,2022-01-29T20:53:19Z,1,,001Q3kntrifzyYWI62,00iTrMmRyI0AC7FYOK
00I8hwM1gFD16pE2UY,Implementation Partner,2023-10-16T03:32:21Z,0,001c7rzVaNFRVVTYG3,001n3aMHCveux7aI17,52tUaFdzTaQV8k5QRV
00IHZGmXQzTfoUFETC,Implementation Partner,2023-08-28T02:05:29Z,0,00134kztbICJD2tYCZ,001ZBID6zyXHdcLAAH,821rutR1vVYYPv7Q11
00IHzv2ty5Amqfe2YL,Technology Partner,2023-03-11T22:14:51Z,0,001EM3ljRRvtOqaQZO,0016z7B3rnZB3aZYDJ,006WkS1a4JlN7O5QFJ
00IsM3VtAz7SiL1EZD,Consulting Partner,2021-12-23T04:03:08Z,0,,001qwQ0uBTzXeScQCK,710ovmDHEhzjIAhYIQ
00IDayFVYmWh2ewUEX,Consulting Partner,2025-11-22T13:09:07Z,0,001WiF4egJw4fFCI62,001RiZCg1UERbAvQWO,0068fahOWMaB4opQX9
00IXdkakuExws6f298,Implementation Partner,2024-11-24T08:31:53Z,1,001TBaHImIEtjplQN7,001CXiPlYrfwSgoQU2,006s2a6knML0XkuIJB
00Ivl2av2WcUaTE22A,Implementation Partner,2023-09-01T02:16:58Z,0,001JM2vogN0dvJhQHI,0017Pw79T9KgAdXIW1,521FiKnX1ihmKBmIQQ
00ItXzVHuCoX286EY9,Consulting Partner,2025-09-20T23:10:14Z,0,0017R1i3b17QyDUAUX,001HUzAEaUc4liGY2K,006aSHPcPh3QQb5ABZ
00ICybviVotCcdLEUC,Distributor,2022-05-04T09:34:37Z,0,001KqKN8Jf0F9i9AKQ,0015Cr2vcIsO2EGY08,510sLRGTwjg2UWuQRF
00IEADvVUMR1XL6MFI,Implementation Partner,2021-06-22T11:39:29Z,0,001Ivp9E6TmWQvuQ35,001jsWcaI2ueqNkQ4J,
00IcykEYGvoNnmOEDL,Implementation Partner,2022-05-12T20:15:38Z,1,001DbpAGYxaJeBJQYG,001KqKN8Jf0F9i9AKQ,01tQM5PnFWcp4iOYNC
00IHIP7ZHYpg5nwMIK,Implementation Partner,2023-04-15T12:06:53Z,0,001RPYkI2OuKjJ4ACQ,001v16OKJFuZcV0QCS,80ipodFX8s3DDUoAAB
00I0mH2Kr0j3sgA2QD,Implementation Partner,2023-11-16T19:24:18Z,0,001pUY9CVMaLCa4YQV,0010APGD8asQ2PkIS9,026afXqJsqApMTbYMJ
00ISrwsR0jraJSHUFB,Consulting Partner,2021-07-30T18:35:01Z,0,001Ra45bI6XkX2bYRW,0011Ah4A4sWSLAjA4O,71t7Em0CjNehdJoY4T
00IZ8wDndmF6zxe2L2,Technology Partner,2026-03-03T03:16:20Z,0,001QyXsd9TwobRQI3B,,816w3x3e88STxUPYSA
00It0PoiARTDkNv2UZ,Consulting Partner,2023-10-26T15:23:23Z,0,00134kztbICJD2tYCZ,001Onbk5O4QRQcvA7I,52th6NaZzpxGAvAY03
00IXe4nMUS17xpTMWU,Consulting Partner,2023-04-21T21:44:56Z,1,001Mpyhcy0YjCuyQPK,001DLqMjZmJEMS7ID7,00tZLRdA6SIdImoI1T
00IT2mI5cSP1wd7MAP,Consulting Partner,2022-01-25T17:28:48Z,0,00134kztbICJD2tYCZ,001ViLIuvoOkEvIYR2,711nKDDjsWx7USFADB
00If1bVwRV6AqFpM83,Distributor,2026-06-13T16:05:17Z,1,00134kztbICJD2tYCZ,001rpVRMvKUYUnZQWY,5218LcM3skmx3BSQLQ
00I6Zjyt4BDqRGV2R8,Distributor,2021-09-03T14:28:44Z,0,001ZV3zN3f85rlSYDN,001Incobp7HHs7MAA7,710QHOzzxyhjTfEIID
00ITuhx7Jq60QCAEMK,Technology Partner,2022-04-25T15:25:30Z,1,00134kztbICJD2tYCZ,001ZCfPCiKUOyBBA6I,510IiJQoTkJO8rAY7C
00IlVbmBQbwEijt2D3,Implementation Partner,2021-11-03T10:07:21Z,1,001UhwyHPMFM5liAM5,001CXiPlYrfwSgoQU2,51t70vLfkJeg9kRIV6
00IcNp41ZcArYWcU65,Consulting Partner,2025-02-05T22:30:35Z,0,001R0OuIWPEowdMYT2,001dVg5Hd2ux7OeY11,500gXsW3KnVriomAIG
00I61bBUxs80yzlU2A,Technology Partner,2024-02-06T09:07:11Z,0,001ZIcBit9DhXpUAPA,001JX719udcxa4uA9H,
00IPi9Fw6mFWjb9UDC,Consulting Partner,2024-08-17T14:57:30Z,0,001ltvwfHnMcdhbAJS,001H2ifRi7MnAnLIKL,5218kDGtvyPxwpRAE4
00IhOHgeGp5OOQIMS7,Technology Partner,2026-05-19T14:55:04Z,0,0018YzqdxvbgCoaYQU,001CXiPlYrfwSgoQU2,801JUCFNcgzcvUuYSM
00Iyme9SAgFTGMA2NS,Consulting Partner,2023-03-27T09:32:43Z,0,001lUr971GtA6wXYCT,001yGC8xttQVvNRYNT,006jmtEA69nNprTQUT
00IsyTJwUjguObG27C,Distributor,2021-04-17T05:42:36Z,1,0018haifivYezP7QUH,,826GsbDvVkiJJzTQA4
00Id5hC9mFyXVQZEJ7,Implementation Partner,2024-04-09T16:00:43Z,1,001kgFF0qALhnGGYD4,001JTximtecXZZ0IK7,800agHx6nx1yxCcA1H
00IdZY2ySt9axi42GA,Consulting Partner,2024-12-23T13:24:51Z,0,001tvKQbYklnB9tY2P,0012tOpQ4NIa7RbIUI,81t04RUKzfxWYDPA3Z
00Iil2ijZzdU7dxMRY,Implementation Partner,2024-02-20T14:38:35Z,0,,001CWFhyR8QJd16AFG,00i6MIAyfWb51IPI7H
00I4x0C1aqAZlAA2VQ,Consulting Partner,2026-03-16T16:21:26Z,0,001Y7WfxpecwwzUQ8R,001KQsenOWHB4fuQM5,
00IHtEVixKafMkpEUG,Consulting Partner,2022-04-30T05:31:27Z,0,,001JTximtecXZZ0IK7,81iem8YBW2vBl6sYXX
00I6CB9eLuXDyeDUPR,Technology Partner,2023-09-29T22:52:30Z,0,001Incobp7HHs7MAA7,001OphrQTgtGmAPIMC,821Oa65M3Z3hR4DQ9X
00IvngBMc6qXNrbML7,Implementation Partner,2021-05-01T11:30:06Z,0,001KInyPfEAkhgcQEO,001CXiPlYrfwSgoQU2,
00IQBno4ylTq3nd29K,Technology Partner,2024-03-27T09:53:25Z,0,001oiBORV4MFMZ7ID8,001Fy7Iibsp9HpGQV5,52ii6xLGKZevuFNI40
00IPSsngMDLTw24EDG,Consulting Partner,2022-03-28T03:27:53Z,0,0014RvX7ofOXrw9I9V,001X5lK5MbsgblUIV7,006OEaPoijxgVI3QDV
00IddgAeizaeb48UEV,Technology Partner,2024-05-11T09:33:56Z,0,001DvFcs2OCjLNHAFJ,001gKEIo3A4yzmLATH,82itXwKAVNO8tSuYZE
00IvTP5nKyp7pHgE5Q,Technology Partner,2026-01-04T09:07:39Z,0,001ev39cBq0xejNIY0,001BjMFM5mN692fQ0D,810oLjx3DaEqk2RAWB
00IJueIJSKszUsYUV7,Technology Partner,2023-05-07T15:45:19Z,0,001QlR8r1Q5bRm4IG1,001ZIcBit9DhXpUAPA,71taZWt3ojFBqZHATH
00IIQaGsvpKI0WBM7O,Technology Partner,2024-12-26T09:37:31Z,1,001qD5B1fJ8KUKBIVO,001lppe6kqinEz1A7H,000UXXuEihvqi7kY6R
00IjdgWuhguU8DGUCN,Distributor,2026-02-16T17:05:19Z,1,001Fy7Iibsp9HpGQV5,001sS1Mj9gSLRavQC2,0102fLtQLEL1WDgAOG
00IICKZcdoSUdd1UYV,Implementation Partner,2023-04-01T19:11:26Z,1,0010WdqUBYu4EriIM6,001kIZzocnhLCvOQBW,51iOCTKsAi3opKsYHX
00Ib8sVcWCKIhJcETV,Implementation Partner,2022-02-14T15:02:58Z,0,0012n9SIy3FafTfYR5,001CXiPlYrfwSgoQU2,006gznTwTPfHgsNQ6L
00IUHC1vd2iEe5a2PN,Distributor,2024-03-22T01:48:57Z,0,001f3j7ZUJ5YxijYYQ,001I9h4vN2Mpc08I26,006Ar9yFc3ERTHjYP3
00IfF0oGmGL7zlfMYA,Consulting Partner,2023-09-08T23:49:51Z,0,001Xr4ot1oG2AteQ4O,001zC4hdWCH77CfYVC,701ZKEVK2K8qBjzA6V
00I42uMezVAhGfHMO6,Technology Partner,2021-10-30T12:46:58Z,1,001OLdGcwV4anrfQXZ,001smmPkB9oOSZnIQW,02tzRDIDIBwiHFNQ86
00IQoiPMypY2CQCELG,Consulting Partner,2025-06-28T01:25:47Z,0,001CXiPlYrfwSgoQU2,001OPCPaC5KbkUKAXY,
00IV02U9YgnfbauMVF,Distributor,2024-09-02T21:49:22Z,0,001RiZCg1UERbAvQWO,001CXiPlYrfwSgoQU2,02inHUqPyXgpf8GILT
00IDvZL58rV0pDK2DA,Distributor,2025-11-20T01:19:23Z,0,0018MjZShtig55PAG6,001e9z8TRFaUOARQMA,006lWIsCXMguRQfQMM
00I3zDJkzoz58KvEOX,Distributor,2025-10-20T00:29:22Z,1,00134kztbICJD2tYCZ,,006OLd7bfB8DbX9QKZ
00IkNL0q5NjCijMEWG,Implementation Partner,2024-10-20T10:22:10Z,0,001GjfBhJ295BInY2G,001MVhM44DqZNFnI35,020Gm4fyvFYFOodYIU
00IKz7RXKFNSVXIMBY,Distributor,2026-02-06T06:27:55Z,0,001YrVA37VnfW7fIO3,001Le6Z1bT7O20fIWC,510u5Zwc07XQ5giQ7I
00IcA2cWEdLjbHFE5Z,Technology Partner,2023-07-12T06:50:26Z,0,001KKAmmyUimvp7AGR,001th7qwAjYM77cYBH,006Jky45w8KTxYyQMX
00It42g3pTpcpAB2TN,Distributor,2024-05-26T15:52:43Z,0,0018wiQDxKxpFvLYGU,0012B0IsTb8G7BVAST,00isjDp7DggNzxqQ1K
00IonudQ1kVo3wB249,Technology Partner,2025-10-13T21:05:41Z,1,001X50Bqc5cThUtYIX,001FU3HbNYKm95BYPF,
00IRyeF5FbyE1X8EMO,Consulting Partner,2025-04-15T05:10:06Z,0,001b6p7wMuocXZFIKR,,510IBr8JRvyBOI0ADF
00In1uFvZsIJ3kAE73,Implementation Partner,2024-03-14T03:14:21Z,0,001Hbp8pEhElgRqIO2,0018c9GjM4ln0cnQIN,500bA9JabGkX7DOYLZ
00Iz5fkwsKmpuEwEUX,Distributor,2021-08-11T18:58:05Z,1,00134G8VQW0MQTYI8N,001JTximtecXZZ0IK7,01t12GHQVKMd3OWIQ5
00IXPXCoq1sPkNYMJ8,Consulting Partner,2026-02-05T11:58:58Z,0,001CQsu3nn5gAVpQ7B,001CXiPlYrfwSgoQU2,721T9noLs7XaVr3I9I
00IcCEmWiPGaRFCE5Z,Distributor,2022-03-08T20:30:36Z,0,00134kztbICJD2tYCZ,001ExSAKzk0AhqsIN2,
00IW7oENi6htEGiE08,Consulting Partner,2021-08-13T19:48:24Z,0,001KKprsa8fDGWEQ2J,001PGT3RTshcjoGA36,510XlKVyPMJxen7Q4V
00IwsDpmG4vCR8pE0U,Implementation Partner,2025-04-01T22:52:27Z,0,001qP46mGWsPnuOQ5R,001E8sva5lyIcGMIKX,5011NNINPu91uTFIKD
00IvtS82E4YjZdc2F6,Distributor,2026-04-16T17:16:28Z,0,001FChipDL8FyVaQQG,001qjNM8E6bbhfTQD0,821PrCNGNjz4IXXAB7
00I0odWmyf7arJ7230,Distributor,2022-09-03T09:19:17Z,0,001U2E3Mrt3KZlKQE7,001Xr4ot1oG2AteQ4O,00iqIKwdqI55cMpA5R
00IEhxYN3Tc4YcjEDA,Implementation Partner,2024-01-21T16:00:59Z,0,001yGC8xttQVvNRYNT,001kpkteJ4XLaaYQTV,0061JpWE0yny1HrAOW
00IFUhOBwTt016zMDZ,Distributor,2022-10-20T10:13:48Z,0,001rLqfAY4OfLS1QF8,001Y94eVbSCMZThYRA,51tHCyyA740NmEDIRA
00IqjQ9S43BHA8nE0W,Technology Partner,2021-11-16T00:21:38Z,0,001v16OKJFuZcV0QCS,0017q85b1UbQ3zNQ8K,006rQluERhDp0sWAAX
00I7jeXI3AaaRV7UEK,Implementation Partner,2024-03-27T15:45:40Z,0,001Ee8rMt958Fh9Y0A,001CXiPlYrfwSgoQU2,51iauodXi8yLeTkQJF
00I9ojJXo51RTnNMUY,Implementation Partner,2026-06-04T15:17:16Z,0,001RiZCg1UERbAvQWO,001KInyPfEAkhgcQEO,80iFznLOYTxhHHUQ1L
00IhnkILNl5gc6sM46,Technology Partner,2023-08-13T16:44:05Z,0,001G40EGKjt7p96I7T,001OyqT9LtQtE0fYGU,810lr4J58Bd4DPJYBN
00Ig6GWadxgGoXw2YG,Consulting Partner,2026-05-12T15:27:46Z,1,001ckBA83DHLBWZQQX,001Tn3lq2OpXiyaYCN,500Q2cTozA6h6POIBP
00IghfLiVU7jyiRU6O,Implementation Partner,2024-08-12T10:11:48Z,1,001MetGBUEn7phAIPH,001apZYag4darBdYRL,8061Ihx6uLTSTMtIRE
00IvoIt8lEV2i8REWG,Implementation Partner,2023-05-13T12:56:47Z,0,001PUaO8FLbQ5tuY7R,001kpkteJ4XLaaYQTV,72ttHoExhn8TD4pYOO
00IOJvWa7QYIMrL2SW,Distributor,2025-08-02T11:13:59Z,0,001Onbk5O4QRQcvA7I,001ClNAQA1Xn4fUINT,02tnP1UyY82cSyiIZD
00ITkCWmAgW4vJC2PB,Distributor,2022-04-11T05:24:38Z,1,001FChipDL8FyVaQQG,001H8DiQNUTC9JGQA0,511piM4yYXj8T3QYTT
00IvHWhWqOzkFVMMZF,Distributor,2022-09-27T01:08:33Z,0,001L6QQcpJ1qXB2Y62,001QMRyBoOV9ydJAFR,00ijCBPeUz5Qky5IPL
00ItHyqSmCwBqCa2BB,Technology Partner,2022-04-20T23:25:58Z,0,001aRI7kJhlvTf0QY9,0010WdqUBYu4EriIM6,010iCgrKVEMzbs7YKK
00I2USkdQJiaFquU5K,Implementation Partner,2024-03-24T05:59:06Z,0,0012Mm2CXMo3FSXAIK,001U9TwW1ZhV64GITA,01iyRlIGRzmILgdI6F
00IA2vehFvCnUCGMYI,Implementation Partner,2024-07-24T07:42:04Z,0,0016z7B3rnZB3aZYDJ,001zDxxuW7kQ4BrAGJ,810y0lH3OXxqWsFIJT
00IvwCbjxwU8BDs22A,Consulting Partner,2023-06-06T16:48:50Z,0,001ue1J9V7XEwHtA5N,001O8ZWUKMYoipYYQ7,5061EOOkyR9jRgBIJ8
00I2YM1XuBViRvKMBM,Technology Partner,2021-10-28T02:15:45Z,0,00134kztbICJD2tYCZ,0015F3Mg4glglAzQRW,006GLbxrwfSO2q1QTV
00ImnlUEhaRDL2PUNW,Distributor,2025-12-21T04:31:27Z,0,001Y94eVbSCMZThYRA,001Mpzq9x2yVI5HAED,006EJMe6nq0y8lIYL6
00IXqFexW9XiGSnE2Q,Consulting Partner,2023-12-29T15:30:25Z,1,0014xFF5q1fi7GwQMP,001PygtS3FHgKj8Q8G,7100lBvWE3n9gKlQP5
00IWdb3RU1GqFjLMZN,Technology Partner,2023-07-25T03:11:29Z,1,001Ivgehi2RhpxmIXK,001aRI7kJhlvTf0QY9,516Cx2wqpjjPwLpIDO
00Iq3GmeX9X40IJ2OX,Distributor,2022-12-13T21:13:16Z,0,001gn26KfjMg4ZII8J,001DbG9gnZEl0ZPAAY,716bgY3jb0aZys5AHA
00IWDBsja8Makjk24Q,Implementation Partner,2022-08-31T12:36:01Z,1,,001g6qzdBj5dugTI7C,50061TEvyTCbcFGA3Y
00ItjJpvburv1ZA2IO,Consulting Partner,2022-06-24T05:37:49Z,1,,001hgdJHI7bDrNzIKJ,506lz24Tb5X9TnaY3R
00IGtUIcybA2PHpMFM,Distributor,2022-05-02T21:19:01Z,0,001HPdcdRz4xhIHI7A,001lpuGrFmSTBnuY0M,506AofLThebLHyBA0Y
00I7DqlcBX7lhFqERF,Implementation Partner,2022-03-25T05:20:48Z,1,00134kztbICJD2tYCZ,001uKtjv3QWz3nDQSN,026HJzJ4zsmILV2Q8A
00I6cG0OfS5u6fIMNJ,Technology Partner,2023-01-18T00:34:17Z,0,001Inbo5xzWKldwA1H,001CXiPlYrfwSgoQU2,80is1gQgzowKZheA4X
00I4wH9k8mjjfO52QE,Consulting Partner,2026-06-12T22:26:59Z,1,001ll0htSxmTlUFAHW,001F0HyTq0ZVe9LIP9,006kynHTMifB4FlA05
00I0pRwWbcWYJAKEOU,Consulting Partner,2025-12-22T06:42:29Z,0,001iIp10CH2rdjrQCH,0013e2Rh2QW4yB5YBM,
00IV7HdbXbVTCpuMD0,Consulting Partner,2025-06-28T04:29:46Z,0,0012Sv7fgBrqn2tAX8,,720o1Ib5COzz3xLY7Q
00ImlOLUFJcaanhEOB,Distributor,2023-03-12T08:50:02Z,0,001Nq19y9hHnEHcAPQ,001dUDfaBymF8HyAUN,0202YwTxfMWSyIKITV
00IoQOqjjCQw7kIM1J,Technology Partner,2022-06-13T03:43:53Z,0,0015fdr3n38vtS2Q4V,001mC8KS3W25A4qI66,0161X3H4nd77ebTQHG
00IoZSXpf0F6E4nU5O,Distributor,2023-02-13T11:33:53Z,0,001Dr3VLTdygyPzIUT,001n3aMHCveux7aI17,51iReplUFZVxBL6YB6
00IkckzsMWuuZXRM6I,Technology Partner,2023-03-15T10:39:44Z,1,001ev39cBq0xejNIY0,001lY6NBb5ge9JhIW4,71tPa9pj2CKPA1qQMG
00IukBuHL5oXphoUKQ,Distributor,2021-10-27T08:55:53Z,0,0017jTx407RLO7NAVA,001hY0bG1ZS5TO8AMZ,726CAuE2OX9ciQtAAC
00IG3I6GO9iHQ9IES1,Implementation Partner,2025-03-25T21:03:03Z,0,001TgK7Trt797foQCB,001wHDsRuiwyR4oI2F,711dn2RBaHJNB4NIO3
00I77kYpuRfsmQ4MXG,Distributor,2024-05-22T09:33:29Z,0,001qn0PeVSegyj1AFD,,006pcNgR5DH4dO1YXM
00ID9eEySAPR9oIMUR,Technology Partner,2022-12-25T15:42:56Z,0,,0014RvX7ofOXrw9I9V,006SLmqhCZd30S7AGE
00ISny5eBpXnAbkEVJ,Implementation Partner,2025-03-22T17:37:22Z,0,001ZtdM0LykySWPIE4,001OphrQTgtGmAPIMC,01tehL51gEnarvLQGW
00I64xxWCOKJ4MgUU8,Technology Partner,2024-03-04T01:39:06Z,1,0019laP52dnqWh3AF4,0019ojrY0cvCQ2UQ6L,72icO5RiRBZflxQYYM
00IDiVHJWnHtuOHM5S,Technology Partner,2026-04-23T07:21:04Z,0,001zC4hdWCH77CfYVC,001Ql5gfswhLAUiIZH,810ts46fmKDZIW9Y0M
00IDKpgdTta743oEXT,Consulting Partner,2024-12-17T17:53:21Z,0,00134kztbICJD2tYCZ,001IqTHPQDIx3azQWL,521Z8bPwg6uzfZEA99
00IhpHtfwAiuPFT2KC,Distributor,2025-01-06T15:36:13Z,0,0018fHG08zFMfdsQ4N,0010WdqUBYu4EriIM6,500UJEy9vlaphnDYJN
00IPkCv7gtDzfMz225,Technology Partner,2025-08-23T19:42:37Z,0,001qh75A7jHuE1EI0O,001jsWcaI2ueqNkQ4J,80iqmPYFt3m6LFIYUR
00IcGqSFj7ICGGTMVW,Technology Partner,2024-01-03T04:43:27Z,1,001HMeyM0ISzwz5I0E,001NRMSr13PD4ICIOI,52trC9q4k0rZZPwASJ
00IQ8e6oLs8bgbhU21,Technology Partner,2022-04-10T10:38:47Z,0,,001fPZTPr8lY6HWABF,010qrGV2IR04JXPIOG
00I923QN2eOqzSyUFL,Implementation Partner,2025-10-24T00:33:20Z,0,001GvUdh6yZWB0wIIH,001JiaHmTdr5UrJQQJ,8265muEYKejVy6OYFL
00Ig2Fb56bL7CrjMPA,Implementation Partner,2023-03-07T10:57:34Z,0,00134kztbICJD2tYCZ,001M2rDfuFzN9SZI6R,006icyd7oXmbnsJQ85
00IBNVFeatmWKYt2TK,Consulting Partner,2024-12-20T16:34:41Z,0,0014rAjCuliftUBIPG,0017zKMESrLRf4iY3C,006OwjKiI3iGtZIQE2
00IO1kHevskF5NmE5O,Distributor,2023-05-02T08:53:11Z,1,00134kztbICJD2tYCZ,001lUr971GtA6wXYCT,82iZkWaeuyP8zctA0X
00IEkEIeZddqoLbEHE,Consulting Partner,2021-07-30T21:20:25Z,0,001UFuHNhHx2c9ZQQ9,001U2E3Mrt3KZlKQE7,52tBxvqCScFZeiWA23
00I2K6CGisWb9hcUCL,Distributor,2026-01-14T10:47:55Z,0,0011Ah4A4sWSLAjA4O,001iMYD4nOjTT4yIZO,001XiuNt6euLMPwA7Z
00I0aK3Ldz8vZSCEPW,Technology Partner,2022-05-05T03:21:36Z,1,001WdxdXyQuwjIfAY3,001CtKb9oj7o8JaYFV,820Jb4ogspC9zPxY2T
00IDYDocKhllr0rU4R,Implementation Partner,2024-08-03T09:49:49Z,0,00134kztbICJD2tYCZ,001rZKhxAH83TVvA97,82i8o4KUZogEMCHAP6
00IlyBNc4o4OxtuUHR,Technology Partner,2026-03-25T21:00:56Z,0,001OPCPaC5KbkUKAXY,0011y3R0qW4167MAMP,721L9PVNy9jMezEQVX
00I7AuUTd7RNpjiECG,Implementation Partner,2021-12-31T03:55:35Z,1,001xCcjaWJxjfQtAJX,001Y94eVbSCMZThYRA,006j4O7wvgZ0tltADF
00ILwyrdbmdPYwUEID,Distributor,2021-02-09T11:13:14Z,1,001gQSNxeXgntf7YR3,001raw2VDD9p9udA5N,52i5pEXn6pAdR6eI4T
00I5AbnyR8WD2yUMRT,Distributor,2024-07-06T13:52:40Z,1,,0012Sv7fgBrqn2tAX8,021jvqwanvRq8PSQS3
00I2KaWatScXvQlELS,Technology Partner,2022-08-09T16:14:20Z,0,001DbG9gnZEl0ZPAAY,001b9Ubd6IpdBJKANL,010DZv25sVANCq3AQV
00IMvaYntipEMct28S,Distributor,2024-04-14T21:49:58Z,0,001JpXNK6wAFLxqA39,001FChipDL8FyVaQQG,006NS7Cb71T2retY7N
00I7x43DUMVsZg72PP,Distributor,2024-12-21T22:04:07Z,0,001zBr7D0amNm8PY72,001iWJjSJhQ7PeuAR2,826PiSLvhWW4Zp5I0S
00I5Qz50P9yuBAqMCZ,Consulting Partner,2024-02-18T14:05:59Z,0,001FifSg7G2gzZrY2M,001CXiPlYrfwSgoQU2,70izJscuGLLZ5kjAD2
00IRhBBPoa3oDg7MV3,Technology Partner,2024-06-28T13:51:32Z,1,001wXq5LbckG7u9AEU,0016z7B3rnZB3aZYDJ,006heAy12n5PZdLIRF
00IciYUBDOnxPooMLL,Implementation Partner,2025-05-17T23:18:13Z,0,001OLEw0xIyryQpQ2X,0018wiQDxKxpFvLYGU,
00IcAQUAOgPUy1iETA,Technology Partner,2025-12-26T12:14:52Z,0,001bEjr0cyFC7SBAXL,,520XJrk2Cut9UV0QB6
00IDmLVkhpvzT4QETO,Distributor,2023-01-15T22:29:32Z,1,001glCFlySRS0fOQ6X,001PGT3RTshcjoGA36,71tmh8IYtV6KefrAW8
00Igsqhu3qzfQmZUHZ,Implementation Partner,2026-02-09T03:30:15Z,0,001EzVzzzPDO3QjIJG,001Cf0Zp88DAw7JQGL,520SPOH7ogwGGxIAHG
00IA2jq9hK16vPvE3I,Implementation Partner,2021-10-02T03:11:18Z,0,0012n9SIy3FafTfYR5,001rfSg90dRC6Q8Q6D,02iiwT1Fv1xVhbaAQH
00Imjjp6JYTnJjxM3H,Distributor,2026-05-09T15:46:49Z,1,001dst7EZIkJP6gQAU,001RGWydjko0QMRY5C,006wQoSVoPXEowHQLD
00I7lFyJ01bunIZUP7,Implementation Partner,2022-06-30T11:09:14Z,0,001ExSAKzk0AhqsIN2,001OXfC2jDKfDmwYPX,0209iZ621bh0jciAXC
00IAAsvtoxki530URY,Technology Partner,2025-12-08T13:53:29Z,0,001ClNAQA1Xn4fUINT,001s7ZyiePrkNHmYX9,
00InQhs402tJYa0E36,Distributor,2021-02-26T11:52:00Z,0,001wOS4RTezb6AxY4U,001DLqMjZmJEMS7ID7,71t28amFa9oDUl7Q32
00IT56QBctVttZi23W,Implementation Partner,2023-01-30T22:02:07Z,0,001X5lK5MbsgblUIV7,001LW8OXe6IEB5RAZR,500oowxkxV4s3nnYH7
00IXvuhn4MhadHSUX8,Implementation Partner,2023-10-04T08:12:29Z,0,001fKhtBtC9mApBYTV,001oiBORV4MFMZ7ID8,006yjjkxIJr8JLMA8T
00IgjZ8zTURqJ7SM72,Consulting Partner,2024-06-29T12:54:46Z,0,001ax6fYCGAkn42YO7,001DvFcs2OCjLNHAFJ,
00IPkIgZF0demZV2GH,Consulting Partner,2024-05-17T06:02:56Z,1,001aRI7kJhlvTf0QY9,,70tTifvSS1FGMMJQ9A
00IebnAcj9MPYZvUR9,Technology Partner,2026-04-29T02:48:28Z,0,001ViLIuvoOkEvIYR2,001M2rDfuFzN9SZI6R,5005yFgckE1ceDbIAC
00IMqK4VvlV9Qk4UX6,Implementation Partner,2022-04-18T05:27:51Z,0,001INTCL5X3OptCYRO,001gDwR4bq40bkiQ0U,006i40zeIfRSBOZYW8
00IurK7MQVeQODLMIL,Distributor,2023-02-23T08:43:55Z,0,001fPZTPr8lY6HWABF,001BAfwqbwr0TsUA0T,006fPKoc4xFqcrcA4V
00I9JH0jiR7mwSBMOX,Technology Partner,2022-04-28T10:28:08Z,0,001Yuy98mwACfhVANS,001MetGBUEn7phAIPH,72tVidhjyDNNhDkQR5
00IztsrSgGLmr6aMDG,Distributor,2024-11-11T12:29:32Z,0,001BjMFM5mN692fQ0D,001TBaHImIEtjplQN7,016nezGYukNi6QYIZM
00IRjHBDkEQBvqX2SC,Distributor,2024-05-05T01:52:38Z,0,0014xFF5q1fi7GwQMP,001Jp0rdHFWnaMvI7G,006iaDkq3CC7VlJI4X
00I4EEVsKdDM5GtMHM,Implementation Partner,2021-02-10T08:36:04Z,0,001qxvOxGkxKlKoYCS,001We3no8uGmxSIY96,5067hMRFfzYtPfUQ1H
00Itrh8jdyTZzH2M12,Implementation Partner,2024-12-04T23:19:18Z,0,0019laP52dnqWh3AF4,,00tvJH5KgpFjKEsYR9
00IGkSGuwk4qauSUW4,Distributor,2024-12-19T15:25:41Z,0,001kNqWPjavmloHAZ4,001tvKQbYklnB9tY2P,80tJLbrdX7xrvrIIWM
00Ilna1b2tDZZsOUZH,Implementation Partner,2024-03-06T01:17:37Z,1,,00180qOlX8UtZ7HQTK,001UaIRIhbhJyYQQFB
00I8h8tEPtJ4uXJE32,Consulting Partner,2025-12-06T02:59:13Z,1,,001X5lK5MbsgblUIV7,701EsLuEhnkDYlxYN5
00IGuXlLiXPGLmtEGG,Consulting Partner,2024-04-25T00:46:16Z,0,001NlUpPvRS2wnzIYM,001ViLIuvoOkEvIYR2,006iWV30970o6cqI0H
00IFwjNpCatNWKJ2BY,Implementation Partner,2025-09-08T12:36:01Z,0,001wXq5LbckG7u9AEU,001FzQ1Vu9hM4AsIVS,50tf4CWYq6976H4IP3
00Incb4triYh3mnEUT,Technology Partner,2021-06-23T01:20:28Z,0,001ULaAYdBnWIytQCT,001kgFF0qALhnGGYD4,526DSTzK3o2GZhtAD3
00I43K04tPo5vMpEN5,Distributor,2025-12-23T11:52:19Z,0,001Mpyhcy0YjCuyQPK,001zDxxuW7kQ4BrAGJ,0064cui7UE1lTH6YBI
00IBk6RBTiZPeMJMLX,Distributor,2023-11-02T02:34:45Z,0,00134kztbICJD2tYCZ,001kC1LlUdj8c3zY68,521mpPKRTUMfQI3A1Q
00IiujHGqelmyMBUPX,Distributor,2024-02-16T06:15:37Z,1,001j6nRokzRlCs1Y07,001F4OLdqq7HlXbIGG,006W5QzGEBHphMsQSX
00IP1oWb6tLQjM2EML,Technology Partner,2021-02-13T06:22:23Z,1,0018sCn7wzuyGKcIWS,001LInXZfFVYqWIIEB,00trOSHMVDZuSPZYZA
00IRcy0IZYMLxht2QP,Consulting Partner,2024-06-02T23:47:06Z,0,001g2MhymLdN59YQJG,001XJBJ9looV3jVARS,
00IRlR1Ih7IcV9DUQO,Distributor,2021-01-05T03:11:57Z,0,001GikJVQQYFMgSI6M,001avRKkn0zGBkGQ4J,006DyTvQPKimCaHIY6
00Im3VFgXSk5c5lUA3,Technology Partner,2025-04-24T21:40:30Z,0,001cgzJWlSIy1t0I9S,001dbHSEev61SnuI4N,006gQCGCiLbdaimACJ
00IVbZ8d7pyhDCJE51,Distributor,2024-06-25T00:13:48Z,1,0018c9GjM4ln0cnQIN,001C3SilogoPTPGIWX,500prBGPio0jxLPQI6
00IuwfpfYFDILtrMD4,Consulting Partner,2024-08-20T08:09:20Z,0,,,726XxhQQHpOWQ3kAZ3
00IEbfvoun1zUne2FU,Consulting Partner,2023-03-09T08:16:51Z,0,001cnLEQk5pZMibQH2,001wXq5LbckG7u9AEU,00iQdjx4xLmOmbDYYY
00I4e4zKmccL2WwMVL,Technology Partner,2023-09-21T12:01:49Z,0,001OR7GRtb417SOIE9,001Dr3VLTdygyPzIUT,820bVlsJKbrdccjYPJ
00IfCXLVNNPag1h23R,Technology Partner,2026-01-10T12:03:12Z,0,001I4vmxErKOgEQQME,001ZBID6zyXHdcLAAH,006rP5ZebLnGzFmQYQ
00Ill1ts4ZWH8GR2WY,Technology Partner,2021-03-02T18:48:23Z,0,001Ok5JQopT2gTPQYR,001b6YbqymKD3ZDA0A,700JRyKHqsq3xvxIRH
00Ic9oMB1w8TSss23A,Consulting Partner,2022-10-16T23:48:51Z,0,001HgM5pPhwEa9BAOB,001JM45YOxOPMdeQIO,81tQaSgZobqPtS4Q5C
00IRoo27bWM7ut7MC2,Implementation Partner,2026-06-27T03:48:19Z,0,0012VwYreWt0DuEATR,001JcZQ7uhRMVxxILW,0062VPDsrhKxf5WI35
00IG0TLhpd6Km8q2SB,Technology Partner,2021-06-26T11:45:34Z,0,001JcZQ7uhRMVxxILW,001WPEcjxhamiNXYYJ,
00IURYcD3Q9JYEOEY8,Technology Partner,2025-12-15T01:35:50Z,0,001SDonDyKHRDRwYPS,001jIiXAhBEHXIPYQP,
00IIjC5RrRRN86h22W,Consulting Partner,2024-10-16T07:03:06Z,0,,0017rl4CBbT95B0YG7,510jeTNS5V4arVzQ1Z
00IoUS54URehnSuU8B,Technology Partner,2024-09-05T07:37:22Z,0,001yQSD3rwvt3ZBAV9,00134G8VQW0MQTYI8N,02tpaFf85ljoY7FYHM
00Ict92XqUMy8VLEJH,Technology Partner,2024-09-28T17:36:45Z,0,001MetGBUEn7phAIPH,001wOS4RTezb6AxY4U,006h7Obi7hFDVjtIW0
00I66ivcl09tB972J9,Implementation Partner,2024-11-06T02:49:48Z,0,001LT9I3sxXG212YUI,0011qafIoKOaGWeA3A,700RYj9OJ0tobSgYEL
00I0F0nzMeLbe3NMUE,Technology Partner,2023-03-21T06:13:46Z,0,,001lpuGrFmSTBnuY0M,800Qiw8nw8drSeGAXC
00IESGFIOvPkNK62WT,Distributor,2024-05-05T11:07:55Z,0,001Ts4G5LvwmAxUY42,001dst7EZIkJP6gQAU,81iIHdj0AoyTBidADX
00IiZ8KnARFHJlfEH6,Technology Partner,2025-01-30T06:35:01Z,1,001kgFF0qALhnGGYD4,001OR7GRtb417SOIE9,50ivdAUc1oe0Sg0QG1
00IfQB4iQXYgsgY217,Technology Partner,2021-12-19T22:26:38Z,1,001Hmzu237idVEDY59,001iIp10CH2rdjrQCH,82tgcC3HxXNlBACYTF
00I89upMyBLloVPM9R,Consulting Partner,2024-05-29T11:37:38Z,0,001IGpX26HWSL0HQPY,,806StPGH4FF48KzY6G
00IaWiP6ibyDA5aEGZ,Distributor,2022-06-23T08:58:19Z,1,0018sCn7wzuyGKcIWS,001XZVDN3n2dRIsQB9,700bvDr39A6fiQ0Q2S
00IVfIIfLk11vzyUTB,Implementation Partner,2024-01-05T15:17:29Z,1,001BAfwqbwr0TsUA0T,001GikJVQQYFMgSI6M,516a0xBwxWMNkAxI3M
00IpRMgkZjUOAfTU2N,Consulting Partner,2024-05-18T14:51:25Z,0,0012B0IsTb8G7BVAST,001cvG5DjhEsIaIAD0,71iAW7GO0dwXsl4Q1S
00ILVF5I5zGNOP023G,Consulting Partner,2022-02-02T22:53:48Z,0,0017Pw79T9KgAdXIW1,001RxHpen37aRbGQYJ,0169bF3F2SUcb85AFS
00I8iDP7P862QLB2BF,Distributor,2023-03-25T08:31:42Z,0,001yVmlwCnpWY0fA4W,001OLdGcwV4anrfQXZ,01ihdqt5T7XgHBuABO
00II2Pd0PEvH6QNM9T,Implementation Partner,2022-01-02T02:49:42Z,0,001FifSg7G2gzZrY2M,0012n9SIy3FafTfYR5,81tHjA0goD8mPAOI4W
00Irtd6UQqR5SQeUB6,Distributor,2024-07-23T17:21:04Z,0,001DLqMjZmJEMS7ID7,001CXiPlYrfwSgoQU2,81tjXCdSMOR3xvtA79
00IhIkcjJ7FMON3U3H,Consulting Partner,2021-01-23T20:05:37Z,0,001oowXHzEaXod1YS1,001qdzVzEft9QHHY1E,50ixod6uEodIRyrITH
00InMhQXHxRBSpdECW,Implementation Partner,2022-04-28T07:43:45Z,0,,,80txT1CJqp3g7p2A0R
00InUcVddBhhahp29H,Distributor,2023-06-08T10:12:52Z,0,001ZBID6zyXHdcLAAH,001CXiPlYrfwSgoQU2,00iWWIiZJvnLomcIG5
00IiiebKmxKAUSdM1Q,Technology Partner,2024-02-25T08:39:33Z,1,001IDl2DWYpmmF7QG7,001QMRyBoOV9ydJAFR,800rB25qnUsPMDCAT8
00IFzNuVfO4EcBr2V7,Technology Partner,2024-05-27T12:54:53Z,0,,001r2Zt5bJoZh5cI46,
00IxIlAbLSDGLkh21R,Technology Partner,2022-04-29T23:13:35Z,0,,001CXiPlYrfwSgoQU2,006w9QKnB15bM4ZYLI
00IWoia1PqwgiJDU2I,Consulting Partner,2022-11-27T03:51:24Z,0,001R0zWqbJMcj90A0M,001Cf0Zp88DAw7JQGL,800dZy01aYi4hFRAGV
00ISWgbTANim7VfEUQ,Distributor,2023-04-17T07:34:58Z,0,001paldePwcfVa7AJJ,001LW8OXe6IEB5RAZR,006US9BsmcxRtyEIMR
00IDMHj0PE7cv3e2FE,Consulting Partner,2021-10-10T22:17:14Z,0,001Y94eVbSCMZThYRA,,006uJMzED6Hs1DdYML
00I9FYs1FDwzeFzM65,Technology Partner,2026-06-03T20:47:48Z,0,001O8ZWUKMYoipYYQ7,,00620lO3NhEVNm4YMH
00IOdimXQJyGUyME8G,Distributor,2023-05-19T20:53:14Z,0,001MVhM44DqZNFnI35,001TgK7Trt797foQCB,
00IzCs9a1jgGfBOMP1,Implementation Partner,2021-09-05T10:29:50Z,1,,001NlUpPvRS2wnzIYM,000ivHnEkBtiEjzAF1
00IHdF322ZmSsS6U7E,Implementation Partner,2024-08-22T11:08:30Z,0,0014RvX7ofOXrw9I9V,001Nq19y9hHnEHcAPQ,82tPtrVmmPDvG8BAW9
00I3NdHHUqBl3dkURW,Technology Partner,2021-06-05T15:44:32Z,0,,001v3PBn9EDl48XQNP,710O2UeQUVFxpr8ICS
00I8TUNkTdwKviG2NL,Consulting Partner,2026-02-15T23:10:06Z,0,001Dr3VLTdygyPzIUT,001FifSg7G2gzZrY2M,810AfXY7CkI2OtTAKH
00I8Dpl6ztyoZTw2Q1,Distributor,2022-01-02T22:26:53Z,1,00134kztbICJD2tYCZ,001ev39cBq0xejNIY0,82idEJODYkTMfvdAZ5
00IKwQ2vcXAqETM2QA,Implementation Partner,2026-01-22T18:08:31Z,0,001ibK3DfU4t31gYAM,001gDwR4bq40bkiQ0U,02tp6iXCgEYS9euITR
00IBYvABgSyHIAWUDP,Consulting Partner,2025-08-11T23:27:07Z,1,001gcyiBi1aOx6uAJ7,0012Mm2CXMo3FSXAIK,006lolrGmYQAjeDAYZ
00Ix61WIG7jE4BxEF1,Distributor,2026-06-21T01:33:13Z,1,,001Hmzu237idVEDY59,52iQJC7aKesEHpLQF6
00IFV2LFCFHzOnB2WJ,Technology Partner,2024-04-19T18:11:33Z,0,001Ts4G5LvwmAxUY42,0014WYoiYbOMlUgQDX,016sr1kcWt26zHYY92
00ItxHNWEWg46FPEWS,Consulting Partner,2023-05-25T08:10:47Z,1,001EocC12jSBhyyIOU,001C3SilogoPTPGIWX,02iFWsl2GCWGxyJQOV
00IBbLaUF4x5eGNMHY,Distributor,2021-06-05T07:19:38Z,0,001I9h4vN2Mpc08I26,001CnMOxOxVLCc3Q42,5263f6aPNLmUo00Q7F
00IV11LZKWlh4v1MJW,Consulting Partner,2022-06-19T18:09:51Z,1,001GikJVQQYFMgSI6M,001kC1LlUdj8c3zY68,511wLKR6pa9CynzQH6
00IrtuEgP7lpkKaMGJ,Distributor,2021-04-17T20:52:36Z,1,001BH0vNAlwEWFXALI,001Y7WfxpecwwzUQ8R,006DBrwDdwHfBPgYBC
00IZx6Fi9FBmd0cE45,Technology Partner,2025-02-20T18:53:08Z,0,001CnMOxOxVLCc3Q42,001NlUpPvRS2wnzIYM,006rPsu3iav7FCLQ6P
00I27Z2hajyTPckE2T,Technology Partner,2024-05-03T17:14:06Z,0,,001LInXZfFVYqWIIEB,701kaNmdBiDCvfPYHU
00ImTZI6RRSRW0HMA1,Implementation Partner,2025-05-31T17:09:06Z,0,001F0HyTq0ZVe9LIP9,,526TlzauHPH30K4Y3Y
00IK5nyaiToKt8aUEG,Distributor,2026-01-10T23:51:26Z,0,001JZ9Av5CClhiKIID,0010APGD8asQ2PkIS9,006oAJsAbMdLn7iAI5
00IFsSmqTS0CJ8u2YQ,Technology Partner,2026-04-06T04:11:32Z,0,001Z9FmqrbfBXeVI9A,001RUYGIDukMN3HIZS,82iguBN6CwTjhOfY0A
00IuKfCk7HRkhnRMCD,Consulting Partner,2023-03-26T09:15:06Z,0,001gDwR4bq40bkiQ0U,001gQSNxeXgntf7YR3,716J4BS1pykr2rsQCF
00IOix4M3Ym0mv0UVH,Distributor,2026-02-07T05:56:26Z,0,,001TBaHImIEtjplQN7,700ipkukY9AOYyQAL5
00IuMPaw9Dz9JLe2OM,Technology Partner,2025-06-29T08:06:50Z,0,0014BI0PTpGJAb4ICJ,001R0zWqbJMcj90A0M,510zfYYMjTEzrHZQSO
00Iff4NvcxGGUbzEJ8,Consulting Partner,2024-04-30T12:29:13Z,0,001jIiXAhBEHXIPYQP,001x87pLwsHhY3bAD8,706URexXAhKOqeCQCV
00ITgx0fJqBpl6QUHS,Consulting Partner,2022-04-28T20:03:47Z,1,001F0HyTq0ZVe9LIP9,001SDonDyKHRDRwYPS,006lwvKYo99egSWY56
00I6Uuhk1ozmQuGMZR,Technology Partner,2025-03-15T09:21:40Z,0,00134kztbICJD2tYCZ,001o5vm8lqkBKW6I3B,006VgjXEf7yEhSWQ2W
00IUYetq6l0FfVlM98,Consulting Partner,2021-10-24T22:04:56Z,0,001Ivgehi2RhpxmIXK,001CAWJWrCJUDD2Q42,52tU95rJYmkebocIIB
00I77CVzdUz7c6xMIY,Distributor,2021-06-22T21:05:30Z,0,001t1tQX1aEupiNQXE,001BH0vNAlwEWFXALI,5014Xk7FsInZnZWIT3
00IOmBPaKecJs16ULP,Technology Partner,2026-02-16T05:37:11Z,0,0016VNR5Nv4nAZ1IGT,00180qOlX8UtZ7HQTK,80tIwfuf51uL6FGQB6
00IlalmIQrnDbt32G0,Implementation Partner,2022-05-12T11:36:04Z,0,001MfuiALipgsrAIEL,001CXiPlYrfwSgoQU2,510pZvpQ5rEerZiQIL
00Il6fZn9x1qqAJUCK,Implementation Partner,2022-08-14T20:06:10Z,0,001vXGsLaTZksTjQHC,001yVmlwCnpWY0fA4W,01tP4esz3eZDbeDAWQ
00IRGfu7nW5F6hNUIR,Technology Partner,2024-04-07T13:54:15Z,0,001aPvgDsUU73EoIG0,001xWEEO3zOAo9KY3S,8064auPFKn88uyxYHW
00INq6MQt8J2AS8UDB,Consulting Partner,2021-04-14T13:46:02Z,0,00180qOlX8UtZ7HQTK,001g2MhymLdN59YQJG,7203OQNAvLWnbb3Q5E
00IJknP2efUsbntUKI,Technology Partner,2022-05-08T17:54:13Z,1,001ZX951OeRh6EHIOJ,00144eZON6YVcQJIGY,700Z8oS94ZFqXc5YGZ
00IF9WI8rGAGVdZ2Y1,Technology Partner,2023-04-22T15:57:05Z,0,001DbG9gnZEl0ZPAAY,001ax6fYCGAkn42YO7,8104BWEK6Vg8jxoQ0U
00Ig95r0J5V6I7fUCS,Implementation Partner,2023-12-21T14:00:01Z,0,001DvFcs2OCjLNHAFJ,001cnLEQk5pZMibQH2,
00Ia2Fn67AOOHafMA2,Implementation Partner,2025-07-29T14:12:47Z,1,001g6qzdBj5dugTI7C,00134kztbICJD2tYCZ,700wA90FDeQiZ6wQI3
00Iv3vbc4cXblpG2XI,Consulting Partner,2023-06-15T15:24:48Z,0,001UztNJY1B3mZVQ88,001Ivgehi2RhpxmIXK,826krwx77MmAQbbQ3A
00ItbStlXMFtGaOEB5,Implementation Partner,2021-09-07T03:03:38Z,1,001JX719udcxa4uA9H,,006EtRoI6GdsomhQGU
00IFXQqhQR9dSSUU4I,Technology Partner,2021-06-22T18:47:13Z,1,00152hx60eiLsO2QGQ,,006t6F5ojCBw3VQAU3
00IAOElyfxwhrL9M0P,Technology Partner,2024-02-08T15:05:40Z,0,001GbztdrMfr2gJYIG,001GNV0b9i7XYItYU8,50itVUNBfDJtJUBIBR
00IrbBne8lnEvouEW9,Consulting Partner,2025-03-09T08:22:40Z,0,001L6QQcpJ1qXB2Y62,0018YzqdxvbgCoaYQU,006oXaKvKPkU2ZqQFZ
00IA7Yw4cABuhTuUEK,Technology Partner,2023-11-07T00:19:47Z,1,001j6nRokzRlCs1Y07,001ll0htSxmTlUFAHW,00686sa7ru4xCpeQW0
00I9T9mBTNlynzs26W,Consulting Partner,2024-03-31T02:19:07Z,0,001HZxYEwAw1pwvIDO,001qjNM8E6bbhfTQD0,
00IvLmAk70pgN1LUJW,Technology Partner,2021-06-21T18:00:19Z,1,00134kztbICJD2tYCZ,001HN4NjiBD6CXII3H,00632Bo1soYBvCPYRN
00I2YlS6y7NT1zlM6F,Consulting Partner,2022-12-02T10:16:02Z,0,001M2rDfuFzN9SZI6R,0013e2Rh2QW4yB5YBM,706fB7PFHD0iA3dQG3
00IT1WzEm9HQQvYEKB,Implementation Partner,2024-03-22T06:29:00Z,1,0017R1i3b17QyDUAUX,0018MjZShtig55PAG6,006cwzBlJAteYuFALQ
00IzVQ7XZ9CPc5oELD,Implementation Partner,2022-03-25T23:41:12Z,1,001PygtS3FHgKj8Q8G,001pOXC8pNylRaRY5A,006Eh6sjBrU6EvBYMR
00IdsJ6tE6aqiHwETP,Consulting Partner,2024-01-28T21:55:32Z,0,001tqRaHFT1utFgIDH,001TgK7Trt797foQCB,006byrE50NITff0Q8R
00I7O1Yga6sTM4Y24Z,Consulting Partner,2021-08-17T03:00:06Z,0,001iWJjSJhQ7PeuAR2,001CXiPlYrfwSgoQU2,0064bcL3jgpgPnnAG0
00IgjyWuRE0x9mbUIF,Implementation Partner,2026-02-13T08:14:58Z,0,001MfuiALipgsrAIEL,001N2mO6ogfdaXBYDK,816ub6hPcL9xyf9IYI
00IGmiAbct5HjMfU36,Implementation Partner,2026-06-16T09:23:07Z,0,001b6p7wMuocXZFIKR,001G40EGKjt7p96I7T,50iXmb70bfbD7KEAJ4
00I2Kq7FaRbomwiUMI,Distributor,2026-01-10T18:01:00Z,0,001ULaAYdBnWIytQCT,001LDOa8tzZhi9lQLS,006fZQxsorL6CzhIVL
00I81NZgTGjBad4MRS,Consulting Partner,2023-11-29T22:06:57Z,1,001pOXC8pNylRaRY5A,001PUaO8FLbQ5tuY7R,51t5F1zRx4iucS9YLI
00ICH7GQExEPwkh2G8,Consulting Partner,2024-08-01T22:11:38Z,0,001gKEIo3A4yzmLATH,001XJBJ9looV3jVARS,006VqFLsQXSeznYAJW
00IHmndTVKenJW4E2P,Implementation Partner,2023-11-08T03:11:11Z,1,001vuI7W5NKUSqVAGG,001yQSD3rwvt3ZBAV9,820dkfx5MiN3Jf2AR6
00IwAZy1S8lTYPyUGH,Distributor,2022-09-27T15:37:12Z,0,001OyqT9LtQtE0fYGU,001kBV5ho7M1GOwA4E,001dY5a5BYEJgVKQN0
00IItIZPnoKZVa1M0O,Technology Partner,2021-08-21T16:55:09Z,0,001LInXZfFVYqWIIEB,,
00I5IQL1UyW1bRr21C,Technology Partner,2023-07-27T13:27:36Z,1,00134kztbICJD2tYCZ,001xCcjaWJxjfQtAJX,006mzWe58RdMo3xAFH
00IVjTCqXn0CjXr2JT,Consulting Partner,2021-02-16T23:41:50Z,0,001e9z8TRFaUOARQMA,001We3no8uGmxSIY96,52tPmQukA58S2sxYT9
00I6ofysZR5gSnpER9,Technology Partner,2024-01-18T00:30:14Z,0,001GIi2sHi8hI1AQ7T,001KLzOHTO9BbVjAXJ,800b4hPm6qk3M2KARE
00I5myMZA7cNpcQ2VY,Technology Partner,2022-06-07T21:02:10Z,0,001zC4hdWCH77CfYVC,0018MjZShtig55PAG6,006ZDdH46cCuqF0YRL
00IqVL1ilTTxgFGUEG,Implementation Partner,2024-06-17T00:34:05Z,1,001gQSNxeXgntf7YR3,001g2MhymLdN59YQJG,710o83hvzN5Li6qYSI
00IcAGIeDWVyt3KE96,Implementation Partner,2023-01-13T02:44:07Z,0,001tvKQbYklnB9tY2P,001MMbrZQQUkCyfI5Q,820ublfModfHT3tAJO
00ILee9igTkDBX6UKP,Implementation Partner,2023-09-04T19:22:41Z,1,001XZVDN3n2dRIsQB9,001Mpyhcy0YjCuyQPK,70titUbXvNESuZzI2D
00ILaeY6c8GmAggM1T,Distributor,2022-07-18T07:18:24Z,0,001RGWydjko0QMRY5C,001ibK3DfU4t31gYAM,80iQXdfBsFaTtLCI3R
00ITdXeodRtle9Q2G1,Implementation Partner,2024-03-11T07:56:05Z,0,001CWFhyR8QJd16AFG,001t1tQX1aEupiNQXE,82iSvD5Ndqnr40yICG
00I5TXIfBNH4pV4UHR,Technology Partner,2022-09-13T14:11:11Z,0,00134kztbICJD2tYCZ,001yFWO67SRy3CKA0S,001ubaEHL3G30ZJYB5
00IxdFATbcvJmPoUZ2,Technology Partner,2024-06-03T08:25:10Z,0,001ILvT4IDtyUZiY3D,001qP46mGWsPnuOQ5R,801nfZnswQNLrZpYXQ
00IdevcwBzR7VOZUC2,Implementation Partner,2024-01-13T21:33:54Z,0,001upirIJhb5AGBA5J,001glCFlySRS0fOQ6X,70trphiT60GMX0jQVT
00IHtgNuUc0I6MpUUF,Technology Partner,2021-08-02T19:34:12Z,0,001lpuGrFmSTBnuY0M,,006F3BVw3SjttvbAU1
00I8dzso9otKU3HMDM,Implementation Partner,2024-07-31T07:56:21Z,0,001veU1rKvNzbBRQ2J,001PygtS3FHgKj8Q8G,006WlMRhYiLZnZnQQ3
00Ipub3wAjh30FSUCF,Technology Partner,2024-04-25T16:33:21Z,0,00134kztbICJD2tYCZ,001Rc1LJzjoerNoYJJ,010lqfRSNaweQEsI1C
00ItEJJ2rDnRmyhMWN,Distributor,2024-11-28T05:53:54Z,0,00134kztbICJD2tYCZ,0014xFF5q1fi7GwQMP,006z2g61Ka8pT1mQFV
00IFX6US8CXkqYYE2D,Distributor,2025-08-06T02:58:34Z,0,001qjNM8E6bbhfTQD0,001upirIJhb5AGBA5J,500J4QZrywq4trOABB
00IDAs6PEGEZX9uMXW,Implementation Partner,2024-11-17T22:18:17Z,0,,0012n9SIy3FafTfYR5,00671SdVpjtpgDaQPP
00ICn8UPtoGvOZ62G7,Technology Partner,2021-09-27T16:56:30Z,0,001KQsenOWHB4fuQM5,001dVg5Hd2ux7OeY11,720hs9nlVqpsZGJQN5
00IcYKarE6V4cp0M0S,Technology Partner,2026-01-10T18:17:25Z,0,001O8ZWUKMYoipYYQ7,0015fdr3n38vtS2Q4V,006319GbuzsxrQrA92
00IsnEIJNdBZSjyU91,Distributor,2026-05-25T11:09:46Z,0,001j7iSsvqojgmCYMF,001MMbrZQQUkCyfI5Q,51iB8VNbijPpetFIJJ
00IsMPnsFm3Cdrg2OS,Distributor,2024-12-21T16:03:42Z,0,001JcZQ7uhRMVxxILW,001Incobp7HHs7MAA7,71i9FTNyZtivXqvA0X
00IeJ6jfDoqRM8kMK7,Technology Partner,2022-04-22T19:54:01Z,0,001lppe6kqinEz1A7H,,51tCO1aeW2hjHWTY77
00Ig2hETIx5dKgBEEF,Implementation Partner,2023-10-04T22:59:44Z,0,001uaLZFmzUomVXQGA,,816DaGwevVKHATLIK3
00I862t8bOAi5SbUPX,Distributor,2021-02-26T15:14:45Z,0,,001WdxdXyQuwjIfAY3,006XYm0ra9sX98MINR
00IvstrmMZe6JHHMBH,Distributor,2023-07-08T14:29:40Z,1,,00144eZON6YVcQJIGY,810WEutgN41JOtwIBR
00I04HkHxca5bg4273,Distributor,2022-12-21T04:07:30Z,0,0017zKMESrLRf4iY3C,001IZMzpc9F1Z8oAA7,70181BSMex1BV2oY2A
00IUDRqytQzgym6M1S,Implementation Partner,2023-09-18T06:44:33Z,1,0013e2Rh2QW4yB5YBM,001AMEsWafm37CDYG9,
00I6s8JUGxIYTTJEBZ,Distributor,2025-05-25T06:51:42Z,0,0018wiQDxKxpFvLYGU,001KInyPfEAkhgcQEO,71tJO4I6W8tx8W3YAF
00I1VvQNdcJQkKoETT,Implementation Partner,2023-07-18T13:16:59Z,0,001Yuy98mwACfhVANS,001CXiPlYrfwSgoQU2,006a6Br7MTUA28eIPE
00IrYbMy1sDNbv4UAH,Implementation Partner,2023-05-22T22:02:37Z,0,001CQsu3nn5gAVpQ7B,001CXiPlYrfwSgoQU2,006jN2Dw7tUsqmqQBB
00IqSPpPY18Mlj02MY,Technology Partner,2021-07-08T22:34:57Z,1,001mmu9iYNsqBnfYFC,00134kztbICJD2tYCZ,006ooveUCrUvTtuANP
00I2w1L2OWrGuvkE84,Consulting Partner,2024-03-15T12:40:18Z,0,001f6ctaU1r6XIKQI2,001HPdcdRz4xhIHI7A,720hP6w22xszes4Y51
00I2YEPamumYFiyURB,Distributor,2022-01-19T23:41:11Z,0,001U2E3Mrt3KZlKQE7,001CXiPlYrfwSgoQU2,
00IuvmLpW0tAStXELG,Consulting Partner,2023-05-17T05:04:42Z,0,001smmPkB9oOSZnIQW,0012Sv7fgBrqn2tAX8,726XozNERgAAZDlIZ8
00IaIzOTm8VMVLmE30,Distributor,2022-10-11T18:05:46Z,0,0015V7rw9hGOgNCI3G,001DB4qra8rmNKiQ0K,
00IDdq2pQDWaaoGM67,Technology Partner,2024-03-30T07:57:54Z,0,001X5lK5MbsgblUIV7,001Ee8rMt958Fh9Y0A,001oL00mAodv6UcYFE
00Intx2MMbjrv0SE5J,Distributor,2022-07-14T01:58:05Z,1,0014WYoiYbOMlUgQDX,001wXq5LbckG7u9AEU,72tcxdVCdzng8jjIGV
00Ihgm2YMWS6Wr8U9B,Consulting Partner,2021-03-22T13:40:32Z,0,0014WYoiYbOMlUgQDX,001SDonDyKHRDRwYPS,00iSq8SPerfTgkuQ4M
00IXoTJnkEhFnxbMQN,Consulting Partner,2024-09-08T21:35:39Z,0,001PuTTthcGKMiPQUX,001FChipDL8FyVaQQG,510ilL9Y0sCGljGA02
00IFM5k48eOfi32EFM,Distributor,2025-03-11T07:25:21Z,0,0018c9GjM4ln0cnQIN,001CXiPlYrfwSgoQU2,026xiH3u9M75ou6IW2
00IYUN3OQMsMLP0ULE,Consulting Partner,2021-06-11T14:09:18Z,0,001rpVRMvKUYUnZQWY,001G40EGKjt7p96I7T,8109Mf3g1wQLaZVIXY
00IwYeg8ChdTHTW2QY,Technology Partner,2022-07-12T00:10:44Z,0,001HN4NjiBD6CXII3H,,01i4IMardk5sqj4AS0
00IixPYYwhKoPytM9Q,Implementation Partner,2021-11-07T05:00:23Z,1,,001CXiPlYrfwSgoQU2,72tZRFHUoL5umGkI3B
00Io3x4WcNR6unQU9Y,Distributor,2023-07-26T14:41:05Z,0,001wp2Q6PkIMrfFY6U,001MetGBUEn7phAIPH,020CZweFplpAgAGALQ
00I4OFoPR0fRXIhU8J,Technology Partner,2022-12-03T08:58:24Z,0,001qwQ0uBTzXeScQCK,001CXiPlYrfwSgoQU2,810Np4XhG7rD2G2QBP
00IZavjHzYBRuMLUB5,Technology Partner,2026-06-25T18:22:45Z,0,001F4OLdqq7HlXbIGG,001HZxYEwAw1pwvIDO,0069DzgJkCYuxnZQ6R
00ITiyBFZmYhOVe2X3,Consulting Partner,2025-02-25T21:22:25Z,0,001cML7G0gkmAuyYXM,001181P9BD1hpxgATH,811XgwwZNuhL9tDQKC
00IJTZB4HKNDT46MQ2,Technology Partner,2024-10-05T23:59:57Z,0,001S6Q42Y1rkKzpYHW,00134kztbICJD2tYCZ,51tB6jq7uWCBasGQN3
00IvVS5HWlBQ8LPMY2,Consulting Partner,2022-10-08T11:42:41Z,0,001dVg5Hd2ux7OeY11,001CfmgfK8c5I6aQSB,821L2kXekYpaJdVIFT
00IE8mMUwKMcaZ6UEG,Distributor,2022-07-22T19:36:37Z,1,001FzQ1Vu9hM4AsIVS,001A42WSazTcqOlAN5,826g08vVGgEU6FqQUH
00I5tzEs15j6cFpEB3,Technology Partner,2025-10-23T21:30:01Z,0,00134kztbICJD2tYCZ,001B2d6s5HXqPpaQYB,011rT8TLmm58O2vILC
00IrGeX8hA1UJXcUTO,Implementation Partner,2024-11-06T11:52:55Z,0,001MPbzljMNLiv5QZV,001FVBcrH6719XQAUS,006KHnkfpxHJjhvA9C
00ITRtWqjOmTuLxUJ3,Distributor,2024-05-25T18:29:36Z,0,001zOsseTV2G23QAKL,0012B0IsTb8G7BVAST,006hYnyfIrFM184I24
00IL4YVDlar0HUqE7T,Distributor,2025-09-12T02:53:52Z,0,001tvKQbYklnB9tY2P,001BjMFM5mN692fQ0D,80iWtir5PL9VOk7QNC
00IQI7q823dRWfM2IM,Consulting Partner,2021-07-23T20:51:23Z,0,001yWq2JW5BZvvMQ0L,001Ivp9E6TmWQvuQ35,010qLMB0uAjOAJMAKD
00IV62EAKouW5ybUZ8,Distributor,2024-11-16T14:34:02Z,0,001glCFlySRS0fOQ6X,001rpVRMvKUYUnZQWY,82tNIDzfrf5G07qIST
00IopjfDgQujkNbM35,Consulting Partner,2023-06-08T19:08:43Z,0,00134kztbICJD2tYCZ,,7101dUkY1U35qLtQLO
00IUyhuMPdTTY24246,Consulting Partner,2021-03-28T00:12:53Z,0,001wXq5LbckG7u9AEU,001EocC12jSBhyyIOU,81t16BtiGlvXBS6YOP
00ImgpyBdzoJohb2OM,Technology Partner,2024-08-07T08:39:48Z,1,001Mpzq9x2yVI5HAED,001EocC12jSBhyyIOU,
00IQaOhxG1nRrFy2V9,Consulting Partner,2023-08-30T06:36:46Z,0,001QAtek1IxiotWYQX,001KKprsa8fDGWEQ2J,
00I0lC3YPeuwgsUENK,Implementation Partner,2024-01-02T11:23:09Z,1,001BjMFM5mN692fQ0D,001r2Zt5bJoZh5cI46,006him88BidBWvgAE5
00IjxUhfWJTGAsvMH8,Implementation Partner,2025-05-21T13:47:30Z,0,00134kztbICJD2tYCZ,001JM2vogN0dvJhQHI,006Z3u7ppaB20gxQ0Y
00Ig4EjX6Cs3CnxMM7,Implementation Partner,2023-02-02T14:22:47Z,0,001ll0htSxmTlUFAHW,001PzKgNp7GjqwfI1O,006CN4FCcpXFOdjYOC
00IfjbaUW8tvclUURU,Distributor,2024-06-11T21:13:23Z,0,001181P9BD1hpxgATH,001W0PnXXJdO3tsYE6,000ueRK1nJtbEd2QSK
00IZEE8JyHOGuxLUIA,Distributor,2023-01-26T10:19:03Z,0,001MMbrZQQUkCyfI5Q,001qn0PeVSegyj1AFD,
00IwFMNnJTvcWEzMSS,Distributor,2022-07-21T16:17:27Z,0,001sS1Mj9gSLRavQC2,001vywMtDWYqGORIQP,0061nKAThPxXHB6Q7G
00IO7FgTrLy1ChKUIY,Technology Partner,2025-10-20T06:44:25Z,0,001b6YbqymKD3ZDA0A,001R0OuIWPEowdMYT2,02tvRmJ3KgjkxLBYSA
