Id,CurrencyIsoCode,CreatedDate,IsActive,UseStandardPrice,UnitPrice,Pricebook2Id,Product2Id
01uUMrULsydQHm5QR2,USD,2025-12-14T07:14:08Z,1,0,17012.04,01sf902KvuoXgXtOGX,01tSN9ryyEsSczxIUK
01uQ3SXnkvolHhpYHO,USD,2026-01-27T22:26:29Z,1,0,91568.45,01sf902KvuoXgXtOGX,01tdhEbnzCx9gZmI0N
01uMKVRBOsHCfA1Y65,USD,2024-05-30T18:51:02Z,1,0,8333.26,01sf902KvuoXgXtOGX,01tnFIvrye7TJuKI6Y
01ugTFHnbRbEb6pYO8,USD,2023-10-14T17:50:43Z,1,1,58501.42,01sQ4LtuJF9K1vlMFT,01tFkHMuj8shz13IXI
01ulAUjRtN0XkWuANU,USD,2024-11-16T16:49:34Z,1,1,89916.87,01sf902KvuoXgXtOGX,01tBDs3hhpdYBGwI2D
01utx3xzWqOvLSGAHV,USD,2024-10-11T17:46:31Z,1,0,85160.71,01sLoYtuPuiAhJSKZN,01tEGaSJJp85Ed1I1V
01uSKqqqSX58wXjIE2,USD,2021-08-12T22:10:11Z,1,0,48868.02,01sLoYtuPuiAhJSKZN,01tCRyGDRzBg7uOANM
01uLfz5iHhz1ThCASO,USD,2021-04-17T23:37:41Z,1,0,11749.61,01sf902KvuoXgXtOGX,01tzS9ohU8JW5tuYDD
01ubUfoM4bMvoiHY9B,USD,2023-08-17T17:49:37Z,1,0,94252.57,01sf902KvuoXgXtOGX,01tzXDuwSIeVNvXQKW
01uG8I3LXJBT79WQUS,USD,2021-11-02T19:21:21Z,1,0,26825.05,01sQ4LtuJF9K1vlMFT,01tTnVkfEjkD1grILB
01u8rtcKS4F2yn3IV4,USD,2022-09-30T00:29:08Z,1,0,54867.72,01sf902KvuoXgXtOGX,01tkY3ak5ZCRBHjYRC
01uFU41MzP3ypS9IHI,USD,2025-09-24T18:25:51Z,1,0,67268.22,01sJqGPflRJqwqCPRW,01tsLqWnGdfONUtA8Q
01u0ElwG1CqM4RlQXP,USD,2026-06-24T04:38:10Z,1,1,96984.68,01sQ4LtuJF9K1vlMFT,01tXq0A5CBUXNaxY1K
01uCMiYqtdFGhB3QYC,USD,2025-01-29T14:22:27Z,1,1,55627.7,01sJqGPflRJqwqCPRW,01tnSmeh0qnccnoQDY
01ulv13FN8KIvguIY4,USD,2022-02-24T11:04:02Z,1,0,93174.33,01sLoYtuPuiAhJSKZN,01tehSnAF5tx1G7IVN
01uGjHftvnIV4BiIC2,USD,2021-07-31T10:07:41Z,1,1,45051.56,01sQ4LtuJF9K1vlMFT,01tP6t7BgPZZLjmA3O
01uas3XHvt9KGjGY0M,USD,2024-10-24T01:56:16Z,1,0,65259.12,01sf902KvuoXgXtOGX,01tsCLKAaTcpDt3ARN
01uJgiJCNK3WVkDAPN,USD,2021-03-11T03:36:37Z,1,1,82055.69,01sLoYtuPuiAhJSKZN,01tx8wrqOMLNvV7YOZ
01upo6jpkSzQ18bY1T,USD,2024-03-28T02:55:38Z,1,1,15040.74,01sQ4LtuJF9K1vlMFT,01trSqsaQ6MiK9TAAL
01uPVg8XMauyV0HAZ6,USD,2023-12-06T07:09:06Z,1,1,56927.67,01sLoYtuPuiAhJSKZN,01tAY0rfSqXmKmlI0S
01umeupzeRAiW0pYOE,USD,2024-02-04T11:31:04Z,1,0,55475.03,01sf902KvuoXgXtOGX,01tFkHMuj8shz13IXI
01u71TYWHFtX08fYSW,USD,2023-05-03T23:50:21Z,1,0,21109.64,01sf902KvuoXgXtOGX,01toGBkQESLwGrGAB2
01uH8TVOR6V1BHxIUX,USD,2024-10-04T08:23:43Z,1,0,13312.69,01sJqGPflRJqwqCPRW,01tAi7cp22LvTrpYZA
01uT0mP0dgO3n7XQ4T,USD,2022-06-30T03:04:17Z,1,1,17386.19,01sQ4LtuJF9K1vlMFT,01tnSmeh0qnccnoQDY
01uCWB5aWFw8B9nYGC,USD,2022-02-08T18:19:14Z,1,1,77402.53,01sf902KvuoXgXtOGX,01tsLqWnGdfONUtA8Q
01uA2RXWYM0CMYpIIS,USD,2024-10-18T13:38:11Z,1,1,78340.95,01sf902KvuoXgXtOGX,01tx6kM8gaCVxGVY0I
01uwSRPKbLes8ruYIZ,USD,2021-01-18T10:41:59Z,1,1,44762.79,01sQ4LtuJF9K1vlMFT,01tvrfAHswk6XJ6AVT
01uZiSvpgtWj0ysY6I,USD,2025-02-11T00:00:17Z,0,1,79780.26,01sLoYtuPuiAhJSKZN,01tFxFJHOHvc9HvARQ
01uhW98iIa7YqecQM6,USD,2024-04-30T10:17:56Z,1,1,86864.24,01sQ4LtuJF9K1vlMFT,01t3PUJZJM7z7ogYQW
01ugC0Mkcri6dqvADO,USD,2021-07-14T07:01:55Z,1,0,11828.43,01sLoYtuPuiAhJSKZN,01tLLupYH2DWeh5IGW
01ugMlB4PLTImgLQ9A,USD,2023-07-25T08:28:23Z,1,0,42655.73,01sLoYtuPuiAhJSKZN,01tASbpFFJhJzjoAQP
01uJz3Pv66JPasuITX,USD,2026-04-23T11:29:35Z,1,0,3394.03,01sQ4LtuJF9K1vlMFT,01t4NYEPhUw9BamICS
01uSlG3bhH5Uan4QP9,USD,2024-02-13T12:59:42Z,0,0,16725.87,01sLoYtuPuiAhJSKZN,01taesqWUDciy5yISU
01ul4xwXCBS1OStY9K,USD,2026-03-21T11:29:32Z,1,0,46479.3,01sQ4LtuJF9K1vlMFT,01tbDa8NhBMz25CILB
01upxnXBNqcskQpY34,USD,2024-02-29T21:13:32Z,1,0,63435.76,01sf902KvuoXgXtOGX,01tMUwUxqegRhgXQCH
01uNQaEFCEthyrFQ6R,USD,2025-11-24T10:01:31Z,1,0,97644.78,01sf902KvuoXgXtOGX,01tib3QpzkDJ5ZXY0G
01uXvQ0FyxMqlTyA6U,USD,2023-01-04T12:23:28Z,1,0,8225.14,01sJqGPflRJqwqCPRW,01tTVbIpQ0ISm2pYRV
01uWSegLyaCVEZHYIA,USD,2024-05-21T14:40:08Z,1,1,89165.8,01sf902KvuoXgXtOGX,01tASbpFFJhJzjoAQP
01uN1gq3AIwqkHLQ6E,USD,2023-03-18T12:15:09Z,1,1,59619.02,01sLoYtuPuiAhJSKZN,01toGBkQESLwGrGAB2
01uLFcyTBDKmA8CAIK,USD,2025-01-30T12:46:16Z,1,0,10079.69,01sf902KvuoXgXtOGX,01taesqWUDciy5yISU
01uC4cTc6DjS24HIO7,USD,2024-06-05T04:20:40Z,1,0,62957.22,01sLoYtuPuiAhJSKZN,01tOD1lP4jnWx0CIDK
01unEtrRFE14yvMADK,USD,2021-12-14T12:08:17Z,1,1,31366.15,01sLoYtuPuiAhJSKZN,01tajD2y2VoohjWQ7N
01uE6z8KW68KSVPQCU,USD,2023-08-01T10:42:08Z,1,0,11024.31,01sLoYtuPuiAhJSKZN,01tTVbIpQ0ISm2pYRV
01u1zQlV6qpL6i3IK5,USD,2024-05-01T16:04:30Z,1,0,79832.03,01sf902KvuoXgXtOGX,01t45T2r1s9UOtNILZ
01u7vLaR59UNtyJA36,USD,2026-06-18T06:08:46Z,1,1,4005.98,01sJqGPflRJqwqCPRW,01tow8y2sel8hLYA1C
01uzaJG6CPZmbqtY31,USD,2022-06-17T05:07:26Z,1,0,37220.21,01sf902KvuoXgXtOGX,01twCEcgDDkMd9pACR
01ufoNYmByS2ulgYVQ,USD,2024-05-17T23:50:26Z,1,0,11654.72,01sLoYtuPuiAhJSKZN,01tBDs3hhpdYBGwI2D
01u2sFPzvtowgnJIBF,USD,2024-09-22T21:04:22Z,1,0,65284.43,01sLoYtuPuiAhJSKZN,01tQBzLTuDrA4rIY2R
01u40Kg4xcpfdIxION,USD,2021-03-02T07:33:28Z,1,1,89267.59,01sJqGPflRJqwqCPRW,01tKlzapJSynAF7IIM
01ubbImRE6J6ngVAUZ,USD,2025-12-09T13:22:54Z,1,0,11841.55,01sJqGPflRJqwqCPRW,01tuDJ2JWNbzA2jA3S
01uN61feCVWYDNvA39,USD,2022-11-10T17:16:45Z,1,1,68491.22,01sf902KvuoXgXtOGX,01t7aWrLJOCiWZaA9Z
01ulVeriDBY0fFFAK3,USD,2024-08-11T05:19:47Z,1,1,89326.05,01sQ4LtuJF9K1vlMFT,01ti4FfLefoJftJAYI
01u4PmvaoJjErBdQDS,USD,2025-01-29T10:23:08Z,1,0,29553.51,01sQ4LtuJF9K1vlMFT,01tK4wWzmqn0gSVI9U
01uoTx9HsbskBk7AKO,USD,2022-09-14T11:56:21Z,1,1,47367.11,01sQ4LtuJF9K1vlMFT,01tTVbIpQ0ISm2pYRV
01ubVyc6CQkB5e6AHR,USD,2024-10-15T13:46:04Z,1,1,12288.45,01sJqGPflRJqwqCPRW,01tPtwsyf9n0MWKYPH
01ubrNCJ74CTRg1IFI,USD,2024-04-02T00:54:29Z,0,0,64215.72,01sLoYtuPuiAhJSKZN,01tY0Ii9UWBlOfvQCP
01uDWoma98FCSDQIW6,USD,2023-03-27T01:11:36Z,1,0,54775.42,01sQ4LtuJF9K1vlMFT,01tNG3h4vNcQBi8YQG
01uZsFs27d24nGzYS0,USD,2021-03-12T11:00:55Z,1,0,79111.09,01sf902KvuoXgXtOGX,01tnh7cbKXHRNwtAHZ
01ul7MaOwG3jnK1Q60,USD,2024-07-13T22:13:19Z,1,1,60721.4,01sLoYtuPuiAhJSKZN,01tFgTvcjvryYPbIQU
01u6KKbQZEsQD2mQJW,USD,2025-08-08T07:38:33Z,1,1,92967.82,01sQ4LtuJF9K1vlMFT,01tY0Ii9UWBlOfvQCP
01u9oSBDtSDyIgoQ8L,USD,2025-07-16T07:12:21Z,1,1,79268.8,01sJqGPflRJqwqCPRW,01t2EzMCSR6AFKDYFT
01uXdO7in78Z0o3IDX,USD,2023-11-16T12:43:59Z,1,1,9035.1,01sJqGPflRJqwqCPRW,01tVDQv03vu3kAWAII
01uxm81ZRsM2DEwQVA,USD,2021-01-01T17:21:15Z,1,1,27969.91,01sf902KvuoXgXtOGX,01tPHiS44NBUdL8I3C
01uIhUuersJ2EvwQDF,USD,2024-02-19T23:36:30Z,1,0,97902.86,01sf902KvuoXgXtOGX,01tKbJWKm600cCgAJE
01uz99haVgYQuXKYK3,USD,2025-10-11T08:59:03Z,1,0,19704.98,01sf902KvuoXgXtOGX,01tKUFhZVuSwLH0YFY
01utoYcksst2kIpYQM,USD,2025-04-16T21:04:49Z,1,0,84640.43,01sLoYtuPuiAhJSKZN,01tcaoN6u2mHIFoQPB
01uV1w6txw3ypc8QJ7,USD,2022-12-07T11:17:40Z,1,0,53889.35,01sLoYtuPuiAhJSKZN,01tweIfmxoL6ZPIA4Z
01ufQo4DHeD5dvwICY,USD,2022-11-03T19:41:42Z,1,0,72808.2,01sJqGPflRJqwqCPRW,01tajD2y2VoohjWQ7N
01ugnP8dFZRpcwNYTX,USD,2025-01-07T20:41:13Z,1,1,83996.82,01sf902KvuoXgXtOGX,01tjSACLq3F7ixDIVX
01uwrxBxGfjEpqeIX1,USD,2024-05-05T10:24:25Z,1,0,66610.74,01sLoYtuPuiAhJSKZN,01tdFNcK7rEYaAcQ98
01umXfMNeJIQUlcIEX,USD,2023-08-21T15:43:21Z,1,0,72155.03,01sf902KvuoXgXtOGX,01tOD1lP4jnWx0CIDK
01uplBWl2zlMr9dYKF,USD,2024-08-02T09:37:22Z,1,0,48488.31,01sf902KvuoXgXtOGX,01tjRyBfxPJZEW0YDL
01uSuv7um4Jc91gAI2,USD,2024-05-25T07:35:39Z,1,1,93017.07,01sf902KvuoXgXtOGX,01tHvx2HKNjnSrwQW0
01uEfTFFWNQOs4yAR2,USD,2021-07-23T05:46:12Z,1,1,54469.26,01sQ4LtuJF9K1vlMFT,01tQzRS8NwN7EaTIA6
01umqAw1yoGjRKZYO5,USD,2023-08-14T14:51:28Z,1,0,42814.75,01sLoYtuPuiAhJSKZN,01tcw78vDX9RWoZQ06
01uKz1iBqRHCmlrY7E,USD,2022-11-28T14:14:33Z,1,1,92206.15,01sf902KvuoXgXtOGX,01tcw78vDX9RWoZQ06
01ugJ9Is01cBYy5ASF,USD,2022-09-10T11:09:54Z,1,1,51833.73,01sf902KvuoXgXtOGX,01toErtMLFCN4nLAFG
01uzHe469BAtk1IIB2,USD,2026-04-21T02:00:33Z,1,0,726.68,01sf902KvuoXgXtOGX,01tPtwsyf9n0MWKYPH
01uoWSzpOXNSu3mQX3,USD,2025-01-28T01:55:18Z,0,1,71302.23,01sf902KvuoXgXtOGX,01tfdIGGuNBWWCKI1L
01uEQENe3mhON7SQTB,USD,2025-10-07T02:03:28Z,1,1,98785.88,01sLoYtuPuiAhJSKZN,01tGZiKZgaKqDjfI4K
01uqdT72xJ2yEBjQ0A,USD,2021-11-05T14:53:35Z,1,0,13226.59,01sJqGPflRJqwqCPRW,01tE5PQcgk49jQkYPK
01uIvD4MeZzNUBsQBH,USD,2025-04-20T18:47:20Z,1,1,93897.89,01sJqGPflRJqwqCPRW,01tLLupYH2DWeh5IGW
01u7rR41zLCTZsaY2B,USD,2024-02-02T00:17:48Z,1,0,28471.73,01sf902KvuoXgXtOGX,01tbwEYr7q9wizHQ3D
01uIc2nFLK8VdniQBX,USD,2022-10-08T09:14:22Z,1,0,37169.59,01sQ4LtuJF9K1vlMFT,01tzS9ohU8JW5tuYDD
01ux7L4peGUHJyjIEV,USD,2021-01-02T00:13:16Z,1,0,59266.08,01sQ4LtuJF9K1vlMFT,01taeOXPP6XFFqPILJ
01urila5d1GIkP5IPK,USD,2021-12-26T20:43:17Z,1,0,98618.1,01sJqGPflRJqwqCPRW,01tW9QP1juoicgIQUZ
01uYzEnqqkK0YYTAPN,USD,2021-01-27T04:43:32Z,1,1,53625.12,01sJqGPflRJqwqCPRW,01tv9oAk6JoaaNjQCS
01uDD0S1dJdEdBpAZS,USD,2024-04-13T11:48:37Z,1,0,620.45,01sQ4LtuJF9K1vlMFT,01tTxNhlNIdTR8YQIX
01uchJafqFpdsodIO8,USD,2024-04-29T00:23:03Z,1,1,14320.96,01sf902KvuoXgXtOGX,01tCGhSYxgJztyAYCK
01uw9PVgWwT4QAvAVE,USD,2023-04-01T03:41:46Z,1,1,5991.3,01sLoYtuPuiAhJSKZN,01t0gRllD3sYkehQJL
01u6As0VOR8Qof4Y36,USD,2021-11-14T18:40:36Z,1,0,70478.59,01sQ4LtuJF9K1vlMFT,01tVDQv03vu3kAWAII
01uKCA1d6WKrwNcIB4,USD,2024-03-23T12:54:38Z,1,0,93989.56,01sJqGPflRJqwqCPRW,01tcaoN6u2mHIFoQPB
01uwUw0jM354l9gAAU,USD,2021-03-07T04:02:42Z,1,0,51721.7,01sLoYtuPuiAhJSKZN,01tABpW6ZnkU3r9I20
01uOjdsyc3asY9jQM2,USD,2026-04-20T22:59:22Z,1,1,22398.46,01sQ4LtuJF9K1vlMFT,01tF1U6IygSY9tvA1Q
01upie39vTfAxetQMO,USD,2021-05-10T19:46:02Z,1,0,36906.66,01sJqGPflRJqwqCPRW,01tTz3gcBmsMjInYD3
01uFUzxKZQSFaPOQ1A,USD,2025-12-02T12:06:23Z,1,1,8619.41,01sLoYtuPuiAhJSKZN,01t8oEVI4WFAWCXA5M
01ukAydnh1wk2jaQU4,USD,2022-05-22T00:14:34Z,1,0,53662.64,01sLoYtuPuiAhJSKZN,01t7Wi3QdB9AjcFYKP
01uk7RIGqtW7TtTAU7,USD,2023-03-07T20:57:04Z,1,0,9716.01,01sf902KvuoXgXtOGX,01t1YY42ogr623kA2T
01uX9Wft5spS0NRIP4,USD,2023-04-27T00:31:49Z,1,0,18836.89,01sJqGPflRJqwqCPRW,01tAMQSRO2UkPuWIWX
01uPVCZ4KnFJ50BYAB,USD,2024-08-30T08:06:25Z,1,0,20654.01,01sLoYtuPuiAhJSKZN,01tsmgmHr3RHO6MQV1
01uBIFhzdfmqjNGQMJ,USD,2021-09-04T06:20:01Z,1,0,83105.1,01sQ4LtuJF9K1vlMFT,01tXFPVYo6XqDczYVB
01uy1gvXsamZD7YI4O,USD,2021-06-14T13:09:41Z,1,0,83402.52,01sQ4LtuJF9K1vlMFT,01tcUKXpM0WRALnA5M
01umtlnnNLY7p5OI4U,USD,2024-05-16T12:30:04Z,1,0,41769.79,01sf902KvuoXgXtOGX,01tMLYCFxAL4ZXGYKU
01usZCrPjaKjueRQYO,USD,2023-01-23T18:57:22Z,1,0,3709.15,01sLoYtuPuiAhJSKZN,01tRVZczygwfQeVYDN
01ubDRHyye1mNzMAMJ,USD,2021-07-27T15:52:09Z,1,0,20989.35,01sf902KvuoXgXtOGX,01tJJToWew3jl1jYQN
01uilnVKVTyQFssII1,USD,2024-10-06T13:43:44Z,1,1,63438.06,01sQ4LtuJF9K1vlMFT,01tVcftrCBIXeCkYVP
01u2em47KNwWkZMQLR,USD,2025-08-19T04:26:38Z,1,1,4920.46,01sJqGPflRJqwqCPRW,01taxYZ2MCJ1bDrY7X
01u8bUIPWTpRcjJAT0,USD,2025-07-07T22:58:13Z,1,1,79011.35,01sf902KvuoXgXtOGX,01t5RWDmHRgJiIMYJP
01uUX9fzI5TSy2AYK3,USD,2026-06-04T19:46:10Z,1,1,24506.66,01sQ4LtuJF9K1vlMFT,01tBjvDXiBQe05pQ6K
01u2B4I2BdSIO2VABA,USD,2022-05-20T12:51:13Z,1,0,76855.39,01sLoYtuPuiAhJSKZN,01tEaTYFbf62XyrIGE
01ujd1o0ubadWBpIPM,USD,2024-10-20T15:05:10Z,1,1,87724.62,01sLoYtuPuiAhJSKZN,01tPjohq4E615TII7M
01uBkydzyYz6EoPI8G,USD,2025-11-18T16:38:03Z,1,0,3695.88,01sf902KvuoXgXtOGX,01tQBzLTuDrA4rIY2R
01uAMgh5dwURjaMQRK,USD,2022-01-07T05:04:35Z,0,0,57462.62,01sf902KvuoXgXtOGX,01teaeCt6DWI9p4I4X
01uqQWOEUYQ38iTY18,USD,2023-12-05T19:36:06Z,0,0,73837.87,01sJqGPflRJqwqCPRW,01tfpNseevgyHG4I4H
01u0NIpTREmmP3wAZB,USD,2026-01-12T22:28:46Z,1,1,67020.84,01sJqGPflRJqwqCPRW,01tRmAU3fmNV1CqYPI
01uvJ14iKXnNFzDYZQ,USD,2021-05-01T00:10:57Z,0,0,59823.35,01sf902KvuoXgXtOGX,01tJCv6SzssB7KyQZG
01uQgARaG7ktqwXIR3,USD,2023-03-28T14:01:36Z,1,1,39979.69,01sJqGPflRJqwqCPRW,01tUsi4SI5lcLBaYYX
01uWCyTesvSdqwTYP4,USD,2021-10-15T11:31:43Z,1,0,88802.62,01sf902KvuoXgXtOGX,01tt2HXiQI7E9F1IRL
01uQnxc3f6t4FGwYCY,USD,2022-06-16T09:38:03Z,1,0,91678.57,01sf902KvuoXgXtOGX,01tJkxkC77BNqpMI1D
01uSgRVaFEegm2VISP,USD,2021-12-30T12:33:29Z,1,1,82143.62,01sQ4LtuJF9K1vlMFT,01tQEBdIawGRa0EI2M
01uxoDAY3cwqITNA1G,USD,2022-11-17T05:50:03Z,1,1,50679.43,01sLoYtuPuiAhJSKZN,01tcUKXpM0WRALnA5M
01u1rZvt4FcsUzWAJ2,USD,2022-10-16T08:38:11Z,1,1,77657.05,01sLoYtuPuiAhJSKZN,01t5ehc5TO9L51fAY8
01uqbMARsmKpgLtYV6,USD,2022-12-29T06:31:01Z,1,0,74558.16,01sQ4LtuJF9K1vlMFT,01tmXTTChMUKc8lAZ9
01u9wozxj76guXaYLT,USD,2025-07-14T07:23:53Z,1,0,65560.76,01sf902KvuoXgXtOGX,01t7U5ipBfHp1PQIKM
01uEREA0V9nHhc8A84,USD,2023-07-04T16:49:48Z,1,0,49845.15,01sQ4LtuJF9K1vlMFT,01tzXDuwSIeVNvXQKW
01uhY4N1qLtpcUtI0I,USD,2024-02-29T05:50:24Z,1,0,63497.93,01sQ4LtuJF9K1vlMFT,01tEGaSJJp85Ed1I1V
01uZhc2xX0xLj39ATO,USD,2024-08-29T11:09:55Z,1,1,13441.73,01sLoYtuPuiAhJSKZN,01t7lGWe0GCEcFvQ4A
01uHQFMUP7xOPHcQI1,USD,2026-01-06T22:38:07Z,1,0,32054.15,01sf902KvuoXgXtOGX,01tV2dvwb7kXQVhITI
01uAFoB6gbzYkh5Y2C,USD,2022-08-10T18:28:03Z,1,1,57254.33,01sf902KvuoXgXtOGX,01tFgTvcjvryYPbIQU
01u2SSXuE7p5FSpITD,USD,2025-01-23T02:36:16Z,1,1,91476.28,01sJqGPflRJqwqCPRW,01tPmYvxIX0qsDOIHK
01uUuCDlyVaOtj6A5E,USD,2023-04-26T09:28:21Z,1,1,38578.42,01sQ4LtuJF9K1vlMFT,01t4at7lw4j5FweYL1
01uJv78XIesN63nAJR,USD,2021-07-01T07:15:31Z,1,1,63614.59,01sf902KvuoXgXtOGX,01t7hUvwBpp5PImQLG
01uamwZdzGvrUJ4QIA,USD,2024-09-20T19:26:27Z,1,0,2647.81,01sJqGPflRJqwqCPRW,01tTNvOYUjuEQraQ3O
01uPQ1huOlpNnKEA1T,USD,2025-03-31T11:55:30Z,1,0,35629.44,01sJqGPflRJqwqCPRW,01tdhEbnzCx9gZmI0N
01u4seYYJRPqsrIITT,USD,2025-07-02T01:53:47Z,1,0,1913.94,01sQ4LtuJF9K1vlMFT,01tsCLKAaTcpDt3ARN
01utHXQKP7wXfxpIGW,USD,2024-10-15T11:34:15Z,1,0,13631.04,01sQ4LtuJF9K1vlMFT,01t7NfeQ2lKQvYEI0O
01ulBbBBnCSMZE9IB4,USD,2023-04-17T01:19:37Z,1,1,47719.86,01sf902KvuoXgXtOGX,01tvrfAHswk6XJ6AVT
01uns3KdbblltJQYH1,USD,2024-10-08T12:52:55Z,1,0,64485.48,01sLoYtuPuiAhJSKZN,01tTLO3VWSQ2BwfY01
01uAqR28IIZVW6cY2Q,USD,2022-04-10T11:56:22Z,1,0,13277.35,01sJqGPflRJqwqCPRW,01tKjpEkxySpvI7IVL
01u8mL9qFdT1EHNIM9,USD,2021-08-07T14:56:12Z,1,0,81312.03,01sf902KvuoXgXtOGX,01tAKxax5wNHmuXAAK
01usZ2rGNCIb4HvA44,USD,2023-05-16T12:56:41Z,1,0,32904.34,01sf902KvuoXgXtOGX,01tGCTC0Cocai7mYLU
01u1FKJlcYnIzS6INT,USD,2025-11-05T11:39:48Z,1,0,52421.9,01sf902KvuoXgXtOGX,01tTz3gcBmsMjInYD3
01uCH4lcp0440QvAQZ,USD,2023-09-13T15:21:42Z,1,0,20919.28,01sf902KvuoXgXtOGX,01tYt0OB7MID1hWAG2
01ueXc57ljWEIWFQC4,USD,2022-01-01T09:11:12Z,1,0,50474.41,01sQ4LtuJF9K1vlMFT,01tiYJRAccTSvbuYWS
01u8nwaIzu7O7rEID5,USD,2025-12-18T05:21:48Z,1,1,82024.44,01sJqGPflRJqwqCPRW,01tsCLKAaTcpDt3ARN
01uBo9bliYPFlS6QPU,USD,2026-05-14T18:14:49Z,1,0,88132.79,01sLoYtuPuiAhJSKZN,01tnwaV2txjKBLPYKN
01ulrUP6PcHgsyjA5X,USD,2021-04-03T20:51:03Z,1,0,95160.44,01sf902KvuoXgXtOGX,01tZQBSs1fvhCTNICA
01uSxL6IN4IG08DIQQ,USD,2026-04-16T12:03:04Z,1,1,71177.45,01sJqGPflRJqwqCPRW,01toErtMLFCN4nLAFG
01uDvgIGvfveq73Y8Q,USD,2025-10-14T09:47:39Z,1,0,35330.34,01sJqGPflRJqwqCPRW,01t6YVKVUd3CfahQAX
01uMJ9arXStTHbCI6J,USD,2022-03-28T16:29:45Z,1,1,9068.16,01sJqGPflRJqwqCPRW,01tEaTYFbf62XyrIGE
01uiUF9NOGQMVCOY9G,USD,2025-09-23T13:19:14Z,1,1,34605.12,01sQ4LtuJF9K1vlMFT,01tSnOrHzEYjRlsIDJ
01uva7ba3Azj8ILI8T,USD,2026-04-27T17:48:21Z,1,0,40507.87,01sLoYtuPuiAhJSKZN,01tTNvOYUjuEQraQ3O
01ug1WoyI1CzpokA0D,USD,2021-08-21T12:46:27Z,1,0,36198.77,01sLoYtuPuiAhJSKZN,01teaeCt6DWI9p4I4X
01uKb8LTdZrnOlTQ03,USD,2023-02-27T14:32:09Z,1,1,19180.02,01sLoYtuPuiAhJSKZN,01tumnfMgDuHzp5IGE
01uM996AjCjDpxAQ0G,USD,2024-04-18T14:58:02Z,1,0,70525.56,01sf902KvuoXgXtOGX,01t395c3btyYidWQZR
01ur28FnEV6DyiAA63,USD,2022-05-08T01:25:51Z,1,1,19860.41,01sf902KvuoXgXtOGX,01t2WPKVWsXQVDUQWP
01uHJZb6IgfOSkGIL7,USD,2023-05-06T17:04:12Z,1,0,76508.7,01sf902KvuoXgXtOGX,01tPmYvxIX0qsDOIHK
01u7Uyv4WpNyTbeIGF,USD,2022-06-27T19:52:41Z,1,0,584.75,01sf902KvuoXgXtOGX,01tmkTmUIaKve6qAOP
01uZEvqBSgONoAzA64,USD,2026-01-03T18:29:32Z,1,0,13756.27,01sJqGPflRJqwqCPRW,01tbDa8NhBMz25CILB
01utDfh4pIrSlhmITV,USD,2023-12-24T19:45:02Z,1,0,1461.4,01sJqGPflRJqwqCPRW,01tfdIGGuNBWWCKI1L
01uQQpeIOHGVGmXILC,USD,2021-04-16T12:45:04Z,1,0,99442.76,01sLoYtuPuiAhJSKZN,01tzXDuwSIeVNvXQKW
01ulT0vCqClLQ4gYDM,USD,2024-06-22T09:48:00Z,1,0,82788.42,01sQ4LtuJF9K1vlMFT,01tABpW6ZnkU3r9I20
01u6slvrn5euvbnQC8,USD,2026-01-19T08:37:35Z,1,0,6967.51,01sLoYtuPuiAhJSKZN,01tjSACLq3F7ixDIVX
01uNcVbPkAsVUz0YHG,USD,2022-10-21T22:01:21Z,1,1,33755.63,01sJqGPflRJqwqCPRW,01tjyaSebi2TTnjA4L
01uGF8s0gditwpOAVR,USD,2023-05-28T02:18:03Z,1,0,46267.46,01sJqGPflRJqwqCPRW,01tfvR6I8rYbw9YA75
01uJyVzdrj8oCv9IEC,USD,2021-07-26T21:13:42Z,1,1,13491.0,01sJqGPflRJqwqCPRW,01tquqtjfoZD0qtA3P
01uuzBHChBdZlrvQ8H,USD,2023-01-18T23:24:09Z,1,1,29779.06,01sLoYtuPuiAhJSKZN,01tJs4IP4KXGpqSYC5
01ulwZIpMmZ5fTrY04,USD,2023-08-06T16:53:51Z,1,0,20026.27,01sf902KvuoXgXtOGX,01tTxNhlNIdTR8YQIX
01uZEMrEREKQoyVAJC,USD,2025-09-25T14:11:53Z,1,1,44777.99,01sJqGPflRJqwqCPRW,01t4NYEPhUw9BamICS
01u4o4n5WjlYYKWQAM,USD,2025-06-29T23:31:24Z,1,0,64770.77,01sLoYtuPuiAhJSKZN,01tPmYvxIX0qsDOIHK
01uKbd2MFF1p4b2Y0X,USD,2025-01-23T02:48:57Z,1,0,30551.42,01sLoYtuPuiAhJSKZN,01tdZ9S6FdDot0OA01
01ukgubfNSBfQYaIUA,USD,2021-09-24T03:50:04Z,1,1,92638.16,01sLoYtuPuiAhJSKZN,01tt2HXiQI7E9F1IRL
01ucHEPS0QvaxktQ3H,USD,2026-02-12T14:44:07Z,1,0,82245.45,01sJqGPflRJqwqCPRW,01tOrC3Eh4EDJAvABF
01uGjhxtfIblWmiA3R,USD,2024-05-31T01:54:48Z,1,0,5494.99,01sQ4LtuJF9K1vlMFT,01tCUKpIG176gAIICH
01uDSKa3Fuxi2HMYU2,USD,2022-01-27T08:07:52Z,1,0,97793.12,01sQ4LtuJF9K1vlMFT,01tyFDvfjAnoVc9Q1B
01uyya4E3UVwwuyI6C,USD,2021-03-04T01:28:06Z,1,1,9565.12,01sf902KvuoXgXtOGX,01tSnOrHzEYjRlsIDJ
01ueyJe4gsnNiPnIDF,USD,2025-09-18T12:48:39Z,1,1,92712.56,01sLoYtuPuiAhJSKZN,01tAKxax5wNHmuXAAK
01uQlVZXfiNQNtRYT9,USD,2024-02-13T13:04:54Z,1,0,73070.75,01sQ4LtuJF9K1vlMFT,01tAL3si8B03DPDQ9O
01up9L1rMMIROsoYKL,USD,2021-05-04T10:27:50Z,1,1,43647.27,01sf902KvuoXgXtOGX,01t0gRllD3sYkehQJL
01ucktmDnpi6SA2IM7,USD,2025-04-02T19:20:55Z,1,1,67043.3,01sQ4LtuJF9K1vlMFT,01tfpNseevgyHG4I4H
01uT2HYAu6kyAXCY0P,USD,2021-11-04T22:49:00Z,0,0,83761.48,01sLoYtuPuiAhJSKZN,01t1WVbvQg0mCR8IQ5
01uKaywO4b3S7iJQ44,USD,2024-07-20T06:01:05Z,0,0,72995.58,01sLoYtuPuiAhJSKZN,01ttpCDj58dFUZxQW0
01uqTTvJvfJkLqZQBG,USD,2021-04-03T19:10:33Z,1,1,31192.02,01sf902KvuoXgXtOGX,01tVcftrCBIXeCkYVP
01urkF323nGqr1rYNM,USD,2025-03-18T15:01:01Z,1,0,12237.78,01sJqGPflRJqwqCPRW,01tH9FF8fA9CZeKYBG
01uc6yIZPk12VrWI70,USD,2022-03-05T06:32:20Z,1,0,1856.44,01sLoYtuPuiAhJSKZN,01tbwEYr7q9wizHQ3D
01u2rujAAFZGq71AIQ,USD,2025-05-20T01:31:01Z,1,1,15825.33,01sQ4LtuJF9K1vlMFT,01tV2dvwb7kXQVhITI
01uhXHd7I7kUo5tYAE,USD,2021-03-05T07:34:06Z,1,0,10363.25,01sLoYtuPuiAhJSKZN,01tnh7cbKXHRNwtAHZ
01uulmW4p1g5qS6Q53,USD,2023-12-31T01:21:03Z,1,0,38415.17,01sf902KvuoXgXtOGX,01tweIfmxoL6ZPIA4Z
01ueWs86Xwn1DjpQBT,USD,2022-07-23T02:56:24Z,1,0,79077.01,01sQ4LtuJF9K1vlMFT,01tdZ9S6FdDot0OA01
01uDuFAmW0YyWLtA19,USD,2022-04-19T18:04:46Z,1,0,29258.34,01sJqGPflRJqwqCPRW,01tdpEmNx9BOBAyYC2
01uoUHUXFK8KV8SIAZ,USD,2024-10-07T09:45:26Z,1,1,7132.42,01sLoYtuPuiAhJSKZN,01tH9FF8fA9CZeKYBG
01uyQcPopC4io3SYBV,USD,2022-05-29T06:27:40Z,1,1,69819.87,01sQ4LtuJF9K1vlMFT,01t6YVKVUd3CfahQAX
01uxk0teK1EA1ZrAAD,USD,2025-03-18T06:47:51Z,1,0,51354.34,01sQ4LtuJF9K1vlMFT,01tNyyCG557IZVJAMV
01uk3g7KZ1foaM1Y43,USD,2021-05-28T04:11:34Z,1,0,94232.89,01sQ4LtuJF9K1vlMFT,01tZc2wMFiWA0yCYI6
01uoPfMSxJ4XxfZQKO,USD,2024-04-22T11:07:47Z,1,0,90059.63,01sJqGPflRJqwqCPRW,01tDf1oeVcjAz1QI83
01uWHY5cbZepOGqANT,USD,2021-10-11T19:12:57Z,1,1,77509.56,01sJqGPflRJqwqCPRW,01t7NfeQ2lKQvYEI0O
01uPNiaL1uUi0GGYQH,USD,2021-09-20T17:53:13Z,1,1,49471.94,01sQ4LtuJF9K1vlMFT,01tRq8pE579FvdwIAM
01u9WIty0rhJQOoANZ,USD,2024-04-04T11:13:39Z,0,1,99854.01,01sf902KvuoXgXtOGX,01tDBFsgsRefO2HYYS
01uTcjJRAY8ghAAA79,USD,2021-11-26T08:20:34Z,1,0,90845.41,01sLoYtuPuiAhJSKZN,01t395c3btyYidWQZR
01uw91RYAhA1FFjAKB,USD,2026-05-23T08:12:55Z,1,1,54374.08,01sQ4LtuJF9K1vlMFT,01t8oEVI4WFAWCXA5M
01uYA9CJEqwWNDKITL,USD,2025-07-15T08:18:09Z,1,0,41493.15,01sJqGPflRJqwqCPRW,01tQzRS8NwN7EaTIA6
01uE3I30HADotoeYGY,USD,2021-03-13T18:21:41Z,1,0,67613.21,01sLoYtuPuiAhJSKZN,01tNG3h4vNcQBi8YQG
01urPWM45zirhMAAW5,USD,2023-11-18T00:10:12Z,1,0,34533.85,01sQ4LtuJF9K1vlMFT,01ttpCDj58dFUZxQW0
01uizFG7tdRUqr4QN5,USD,2022-10-06T16:03:05Z,1,1,73216.02,01sQ4LtuJF9K1vlMFT,01t85nYRxCpN60QICS
01uaFYxfwV9fYylQFX,USD,2023-11-26T08:15:46Z,1,0,77556.74,01sf902KvuoXgXtOGX,01tFpX2FRUqcRnqIM9
01upkTzkJPJeHFlAAI,USD,2021-11-29T15:17:30Z,1,1,3541.15,01sf902KvuoXgXtOGX,01t5ehc5TO9L51fAY8
01uR2nl29IkqYErYC1,USD,2022-01-23T13:53:28Z,1,0,59795.24,01sLoYtuPuiAhJSKZN,01tFjJRl0Bl1V77YFI
01uwoIIoLyxXnvpARE,USD,2025-08-04T06:55:17Z,1,1,10851.72,01sJqGPflRJqwqCPRW,01ticCsbXrjWF9FAH9
01u8xZQQ01lrCVlYQL,USD,2022-04-03T06:04:31Z,0,1,79857.03,01sLoYtuPuiAhJSKZN,01tyFDvfjAnoVc9Q1B
01u4D6LQD1fDHRvQMG,USD,2024-05-29T22:02:50Z,1,0,372.65,01sLoYtuPuiAhJSKZN,01tSnOrHzEYjRlsIDJ
01uHRxPg5JnTs51IQR,USD,2023-01-12T15:26:21Z,1,1,67185.29,01sJqGPflRJqwqCPRW,01t85nYRxCpN60QICS
01uRbXQcs08wEzCINO,USD,2023-10-10T04:07:24Z,1,1,86477.2,01sJqGPflRJqwqCPRW,01ti4FfLefoJftJAYI
01ulr3bX0CgclaDYGJ,USD,2021-08-14T05:24:15Z,1,0,45054.29,01sLoYtuPuiAhJSKZN,01tJCv6SzssB7KyQZG
01uBP89MPIG4q8LQF3,USD,2022-09-07T01:57:14Z,1,0,70279.73,01sLoYtuPuiAhJSKZN,01tnFIvrye7TJuKI6Y
01uO6C86opF1tChASF,USD,2025-08-01T12:33:13Z,1,1,94986.87,01sJqGPflRJqwqCPRW,01tABpW6ZnkU3r9I20
01uL3wcoUYcBvlqYHO,USD,2025-05-19T08:22:51Z,1,0,9519.3,01sf902KvuoXgXtOGX,01tAi7cp22LvTrpYZA
01u9kv1s6zxeasOIDR,USD,2026-04-09T17:46:16Z,1,0,70231.91,01sJqGPflRJqwqCPRW,01tF1U6IygSY9tvA1Q
01uLHj66uaswo2hQNS,USD,2026-06-07T16:33:25Z,1,0,9608.74,01sJqGPflRJqwqCPRW,01tNxoTQ4jtr1L6AQ6
01u0PY5mOZa2bYtQ4X,USD,2024-03-10T04:18:49Z,1,0,70355.8,01sf902KvuoXgXtOGX,01tE5PQcgk49jQkYPK
01u0XyN46aLRUW6A71,USD,2024-08-18T13:55:05Z,1,0,40345.91,01sf902KvuoXgXtOGX,01tXFPVYo6XqDczYVB
01uI4YedeyWeqtiQSS,USD,2025-12-19T01:11:52Z,0,1,79360.97,01sJqGPflRJqwqCPRW,01t7U5ipBfHp1PQIKM
01unaRlrOqYG3shY2D,USD,2024-05-29T20:53:00Z,1,0,530.26,01sJqGPflRJqwqCPRW,01tUA1X0YZmoxZ1A4X
01u1hB0n1KPpQF8QBS,USD,2025-12-14T13:00:00Z,1,1,19771.17,01sf902KvuoXgXtOGX,01tKASeQMf6eJe3A8K
01uqy7cd4gc1JX3I1T,USD,2022-12-15T19:26:04Z,1,0,44880.52,01sf902KvuoXgXtOGX,01t4NYEPhUw9BamICS
01uen5Cpi1qkPs2QED,USD,2023-09-04T20:07:57Z,1,0,18727.38,01sLoYtuPuiAhJSKZN,01tNxoTQ4jtr1L6AQ6
01upPMDy80x6djaI5M,USD,2021-05-01T05:17:50Z,1,0,71674.54,01sQ4LtuJF9K1vlMFT,01t7aWrLJOCiWZaA9Z
01unrr2qf22owZ1IKT,USD,2025-11-02T17:49:59Z,1,0,26674.2,01sLoYtuPuiAhJSKZN,01tfpNseevgyHG4I4H
01uFMIhPjil3hAVQJI,USD,2024-05-21T13:27:24Z,1,1,85348.37,01sLoYtuPuiAhJSKZN,01tCGhSYxgJztyAYCK
01u7vqqvITrUHWRI8Z,USD,2024-12-15T05:41:39Z,1,0,19603.38,01sQ4LtuJF9K1vlMFT,01tGZiKZgaKqDjfI4K
01uYlWWcWi8iXTcYI3,USD,2023-01-05T04:03:15Z,1,1,4693.31,01sQ4LtuJF9K1vlMFT,01tKbJWKm600cCgAJE
01uFe45oNKIEsMCASS,USD,2023-11-08T01:00:33Z,1,0,75281.68,01sLoYtuPuiAhJSKZN,01tJfY8BqOSVuBTQYL
01uimhbIoNlOrYnI66,USD,2023-10-12T20:09:44Z,1,1,28612.62,01sJqGPflRJqwqCPRW,01tNG3h4vNcQBi8YQG
01uMA8zSZGWyKdiAKM,USD,2022-06-07T14:22:17Z,1,1,21593.38,01sf902KvuoXgXtOGX,01tv9oAk6JoaaNjQCS
01uDFeYaSqYs9sRIRH,USD,2021-03-24T21:03:39Z,0,1,99979.96,01sQ4LtuJF9K1vlMFT,01tnh7cbKXHRNwtAHZ
01uArZ6TaDNtlP6YWR,USD,2025-03-24T16:16:27Z,1,1,93305.68,01sLoYtuPuiAhJSKZN,01tLQO6rC3r5eZ7I1Z
01uYW3c87XzN3xAIKN,USD,2025-08-03T07:28:49Z,1,0,57592.2,01sJqGPflRJqwqCPRW,01tRq8pE579FvdwIAM
01uTQrHbd0TJOw2IXT,USD,2022-05-08T04:03:27Z,1,0,8591.06,01sLoYtuPuiAhJSKZN,01tUsi4SI5lcLBaYYX
01ukRCiZaAEu20RYNG,USD,2022-01-13T11:33:52Z,1,0,15523.32,01sf902KvuoXgXtOGX,01tLFl0Q88j3GaOATF
01u5n61zNTp1SMmQMW,USD,2021-12-27T02:18:55Z,1,0,96853.02,01sLoYtuPuiAhJSKZN,01tmXTTChMUKc8lAZ9
01us0nQj7OIYAggYNV,USD,2024-04-17T00:34:45Z,1,0,19032.71,01sJqGPflRJqwqCPRW,01ttnIcUmf2LrF4AX4
01uphLiDJlXg8wvAE3,USD,2024-06-22T18:15:06Z,1,0,50553.8,01sLoYtuPuiAhJSKZN,01t3Z3czK8R4Na6IU7
01uab9grZJH19BsQO9,USD,2022-06-06T13:24:55Z,1,1,6613.65,01sLoYtuPuiAhJSKZN,01tBjvDXiBQe05pQ6K
01uUynsjnV7oAmSQMS,USD,2023-04-23T04:11:31Z,1,0,26400.71,01sJqGPflRJqwqCPRW,01tJCv6SzssB7KyQZG
01uCxEgI2mCiz8oIIS,USD,2023-12-28T07:49:10Z,1,0,6961.01,01sQ4LtuJF9K1vlMFT,01t9zr8VHPQu1LlI0K
01u5h0NfrvehTSoIIR,USD,2023-03-02T11:48:44Z,1,0,79188.21,01sLoYtuPuiAhJSKZN,01tzg9LgIxoHoakYCC
01umcueApRe014GQCG,USD,2023-03-03T19:06:00Z,1,1,46357.94,01sJqGPflRJqwqCPRW,01tdFNcK7rEYaAcQ98
01utRK4lisXcbROYBK,USD,2024-04-18T01:42:55Z,1,0,21388.98,01sLoYtuPuiAhJSKZN,01tCUKpIG176gAIICH
01uoPNLXLbZVKlOIY9,USD,2025-05-21T20:44:58Z,1,0,15126.25,01sQ4LtuJF9K1vlMFT,01tcw78vDX9RWoZQ06
01ugyZoUJ9GFuCSYMZ,USD,2023-08-11T23:38:54Z,1,1,75705.54,01sf902KvuoXgXtOGX,01tCRyGDRzBg7uOANM
01ucZtNMVx0iGHIAK5,USD,2024-10-07T11:17:35Z,1,0,48967.31,01sLoYtuPuiAhJSKZN,01thBQZLD1IHHQYICZ
01u45XrA1cIlNlaAJY,USD,2022-12-29T17:06:48Z,1,0,29835.5,01sQ4LtuJF9K1vlMFT,01tKlzapJSynAF7IIM
01uicVYWLcfmsN3AQY,USD,2021-08-05T13:16:25Z,1,0,11526.85,01sQ4LtuJF9K1vlMFT,01tPg5AmqfQP9ppYVX
01uSZGMqI3NxLQvINY,USD,2026-04-23T01:15:53Z,1,1,99302.41,01sLoYtuPuiAhJSKZN,01tVDQv03vu3kAWAII
01uqZXZ1URRWyWYYJH,USD,2021-07-16T07:59:01Z,1,0,48004.8,01sQ4LtuJF9K1vlMFT,01tGCTC0Cocai7mYLU
01uJrQ9nOdWfBOnQ3P,USD,2021-04-01T17:08:24Z,1,0,18632.59,01sLoYtuPuiAhJSKZN,01tuDJ2JWNbzA2jA3S
01ubAF44LTmpctmQ1E,USD,2023-09-18T21:19:08Z,1,1,32359.37,01sJqGPflRJqwqCPRW,01tWy4aSbWTH5MRAD6
01uIhNDsbACKJwOQAK,USD,2022-06-21T15:48:23Z,1,0,16465.64,01sf902KvuoXgXtOGX,01t8oEVI4WFAWCXA5M
01uu63szSOLf3PQQ6M,USD,2022-09-21T18:44:16Z,1,0,8593.89,01sf902KvuoXgXtOGX,01tH9FF8fA9CZeKYBG
01u3FvJM2hx0UgmYAS,USD,2025-12-25T14:59:54Z,1,0,60001.33,01sf902KvuoXgXtOGX,01tumnfMgDuHzp5IGE
01uIBCBPnlF6Gq2AMR,USD,2024-10-27T05:18:25Z,1,1,60756.35,01sQ4LtuJF9K1vlMFT,01tsLqWnGdfONUtA8Q
01uZwKANs13zPoaQLJ,USD,2026-01-17T01:30:39Z,1,1,71831.4,01sLoYtuPuiAhJSKZN,01tfdIGGuNBWWCKI1L
01uugppu5drNWwvIF8,USD,2023-10-28T17:20:54Z,1,0,10477.78,01sf902KvuoXgXtOGX,01tnwaV2txjKBLPYKN
01uLbKRe3aHzpFnIFF,USD,2024-04-10T18:57:51Z,1,0,76440.16,01sLoYtuPuiAhJSKZN,01tAL3si8B03DPDQ9O
01uWstmQaRboDKWIU3,USD,2025-06-02T23:48:31Z,1,0,12762.22,01sJqGPflRJqwqCPRW,01tZc2wMFiWA0yCYI6
01urlxckRfKbcswALX,USD,2024-12-13T00:42:18Z,1,1,4931.2,01sJqGPflRJqwqCPRW,01tQBzLTuDrA4rIY2R
01uSCBxTDtONjgwIFS,USD,2026-05-19T18:42:34Z,1,1,29073.92,01sf902KvuoXgXtOGX,01tow8y2sel8hLYA1C
01u9f9VUQ5RzdtLIHL,USD,2024-03-03T22:16:12Z,1,0,68828.84,01sLoYtuPuiAhJSKZN,01ticCsbXrjWF9FAH9
01uTsGST0Vu9nmEQER,USD,2025-10-08T05:16:07Z,1,0,86116.65,01sQ4LtuJF9K1vlMFT,01tHponlQrn8ajCQWE
01uBjAWyQlOs905YJ0,USD,2026-05-21T23:54:54Z,1,0,41535.95,01sf902KvuoXgXtOGX,01tZc2wMFiWA0yCYI6
01uYMWfQTnkD5qnAVB,USD,2025-09-05T20:11:39Z,1,0,3677.03,01sf902KvuoXgXtOGX,01tdFNcK7rEYaAcQ98
01u71cjEwFj03mAIM3,USD,2022-01-19T19:07:09Z,1,0,42962.89,01sLoYtuPuiAhJSKZN,01tzS9ohU8JW5tuYDD
01ugKOOSB3az2jyA38,USD,2024-05-18T16:45:51Z,1,1,96214.95,01sJqGPflRJqwqCPRW,01tKUFhZVuSwLH0YFY
01uGQQh5RW001gyILZ,USD,2025-08-22T14:46:57Z,1,0,46112.27,01sf902KvuoXgXtOGX,01tUsi4SI5lcLBaYYX
01uVTcsqzRQW04eAMD,USD,2025-07-28T13:41:24Z,1,0,92361.82,01sQ4LtuJF9K1vlMFT,01tEaTYFbf62XyrIGE
01uWiKh2xAB4kqIYBW,USD,2021-05-11T21:49:33Z,1,1,49825.47,01sf902KvuoXgXtOGX,01t264L3UVk4S01QTC
01ubMmqqzE2o6cdY2K,USD,2021-12-03T18:18:01Z,1,0,21574.64,01sLoYtuPuiAhJSKZN,01tHponlQrn8ajCQWE
01ugMp6vnqPK29EAUZ,USD,2025-05-10T01:25:13Z,1,1,7561.81,01sf902KvuoXgXtOGX,01tAMQSRO2UkPuWIWX
01uYIe28XneaoiGQKT,USD,2025-06-17T07:04:39Z,1,1,4701.91,01sf902KvuoXgXtOGX,01tyFDvfjAnoVc9Q1B
01uutNMxPbJGXHWQCA,USD,2022-03-05T14:31:48Z,1,0,58583.53,01sf902KvuoXgXtOGX,01tRq8pE579FvdwIAM
01ugqQiCAgGMwuDIJC,USD,2023-09-04T15:04:05Z,0,0,86111.68,01sLoYtuPuiAhJSKZN,01tiYJRAccTSvbuYWS
01uNDoooteqfAz7AMT,USD,2022-09-26T13:56:43Z,1,0,73782.09,01sQ4LtuJF9K1vlMFT,01ticCsbXrjWF9FAH9
01uqpR2yiWbBNPvQ1F,USD,2023-02-16T03:16:02Z,1,0,45892.53,01sQ4LtuJF9K1vlMFT,01tow8y2sel8hLYA1C
01uY1n154mk91h6Y99,USD,2025-02-14T07:59:53Z,1,0,36679.11,01sJqGPflRJqwqCPRW,01tzg9LgIxoHoakYCC
01uxBOSSGFE4iEUA5A,USD,2021-03-17T00:31:00Z,1,0,56059.58,01sf902KvuoXgXtOGX,01tsmgmHr3RHO6MQV1
01uXIkmGfy4nEEQAAS,USD,2024-04-24T01:57:54Z,1,0,28737.23,01sQ4LtuJF9K1vlMFT,01tJfY8BqOSVuBTQYL
01uA8j2wDTUspNUIJ6,USD,2024-09-04T09:12:12Z,1,0,99045.66,01sf902KvuoXgXtOGX,01t83HgB02KFAPlQZ2
01uhMKIX1dZxo2KIIG,USD,2022-08-02T07:37:27Z,1,0,68110.45,01sLoYtuPuiAhJSKZN,01ttnIcUmf2LrF4AX4
01u5EtvZtLlKXRRYKN,USD,2021-03-19T13:24:07Z,1,1,82337.98,01sLoYtuPuiAhJSKZN,01tjRyBfxPJZEW0YDL
01uZeDDEOhjxXGiIJ1,USD,2023-12-05T15:47:45Z,1,1,70679.64,01sf902KvuoXgXtOGX,01tRE18SLT5MS5yAMK
01uh03z6u8t52A7Q6A,USD,2025-01-27T07:10:23Z,1,0,94124.81,01sLoYtuPuiAhJSKZN,01tnSmeh0qnccnoQDY
01uAtGzObkdYuQCIKN,USD,2021-05-19T18:43:09Z,0,0,67742.85,01sf902KvuoXgXtOGX,01tiYJRAccTSvbuYWS
01upGYrwlhnXFJzAQO,USD,2025-12-30T05:13:40Z,0,0,56437.39,01sJqGPflRJqwqCPRW,01trSqsaQ6MiK9TAAL
01uQ1lJHScxNZ6NAQB,USD,2021-11-13T13:50:37Z,1,0,94998.3,01sLoYtuPuiAhJSKZN,01tV2dvwb7kXQVhITI
01uNS7Gn3OHWheDQAH,USD,2021-08-21T05:09:15Z,1,0,46976.27,01sf902KvuoXgXtOGX,01tTnVkfEjkD1grILB
01uPYumXiNf3CnhYSE,USD,2021-05-26T14:09:09Z,1,0,32696.95,01sQ4LtuJF9K1vlMFT,01tsmdSzMPxkDVuYGY
01up2y9M1x2zHlGIII,USD,2021-04-25T13:44:01Z,1,0,77431.99,01sQ4LtuJF9K1vlMFT,01tnwaV2txjKBLPYKN
01uzIgnyrtIIw55YLX,USD,2022-05-27T04:27:01Z,1,1,88378.17,01sf902KvuoXgXtOGX,01t7Wi3QdB9AjcFYKP
01u7oYKYE0XFYo9Y9Q,USD,2022-12-16T20:19:36Z,1,1,44380.69,01sQ4LtuJF9K1vlMFT,01tLQO6rC3r5eZ7I1Z
01uBfZkj3n3q858ILS,USD,2022-03-03T10:02:40Z,1,0,90133.7,01sQ4LtuJF9K1vlMFT,01t1WVbvQg0mCR8IQ5
01uyJ6zkekdSnuUYV2,USD,2023-01-29T21:12:24Z,1,0,85265.0,01sLoYtuPuiAhJSKZN,01tdhEbnzCx9gZmI0N
01uvx1DwHkqf1eYI5G,USD,2023-07-28T00:31:48Z,1,0,22471.69,01sf902KvuoXgXtOGX,01tTLO3VWSQ2BwfY01
01uV8i2ozj6njopYSE,USD,2022-09-24T04:47:40Z,1,1,11389.09,01sLoYtuPuiAhJSKZN,01tPg5AmqfQP9ppYVX
01uDxDHTCck90xtYDM,USD,2021-09-15T20:46:22Z,1,1,38074.76,01sf902KvuoXgXtOGX,01tCUKpIG176gAIICH
01uPZWdNvBe5hqLIIQ,USD,2024-02-03T17:18:29Z,1,0,76734.7,01sf902KvuoXgXtOGX,01tF1U6IygSY9tvA1Q
01uTvPkKAzXE87HQL5,USD,2021-09-23T21:03:10Z,1,0,89127.06,01sf902KvuoXgXtOGX,01tAY0rfSqXmKmlI0S
01uD64o8c12CDa0Q5W,USD,2024-01-28T08:29:20Z,1,1,38296.08,01sJqGPflRJqwqCPRW,01txqvFsMP4bHGiIM8
01uqczls0EvVZK9A44,USD,2021-02-26T07:07:55Z,1,0,25681.94,01sQ4LtuJF9K1vlMFT,01t1YY42ogr623kA2T
01uFt9b3ADxIGMFA8E,USD,2023-04-04T18:44:06Z,1,0,28968.14,01sQ4LtuJF9K1vlMFT,01tYt0OB7MID1hWAG2
01uSKO64CBXbxbQIV6,USD,2021-05-21T08:52:27Z,0,0,43674.45,01sLoYtuPuiAhJSKZN,01txqvFsMP4bHGiIM8
01uHm9hkqn3nP7NIX9,USD,2024-02-05T00:39:20Z,1,1,70209.14,01sLoYtuPuiAhJSKZN,01tWy4aSbWTH5MRAD6
01ueJTA7gnZDnyqQ5J,USD,2022-08-02T02:55:56Z,1,0,22204.27,01sQ4LtuJF9K1vlMFT,01thwlljDEzVPFeIOR
01umezOvamoD47dYRU,USD,2025-11-21T22:01:15Z,1,0,47106.21,01sf902KvuoXgXtOGX,01tuDJ2JWNbzA2jA3S
01uMskTW5szoxUUADQ,USD,2026-06-19T01:34:05Z,1,0,53426.45,01sf902KvuoXgXtOGX,01tLlltcGPITOCRAMC
01uKSnvPj2bLCV3AKV,USD,2024-02-20T23:14:29Z,1,1,71984.14,01sLoYtuPuiAhJSKZN,01tDf1oeVcjAz1QI83
01uYUQ1VzxbqfW8AL5,USD,2026-05-20T06:47:55Z,1,1,69092.84,01sJqGPflRJqwqCPRW,01tzS9ohU8JW5tuYDD
01uG1oGHfFaPv7cAYC,USD,2024-03-25T04:46:47Z,1,0,75321.86,01sf902KvuoXgXtOGX,01tLQO6rC3r5eZ7I1Z
01ukIj63kOHlcIZYNQ,USD,2024-06-07T10:13:09Z,1,1,30102.6,01sf902KvuoXgXtOGX,01tquqtjfoZD0qtA3P
01ukZSaar5kiB8EAE2,USD,2025-10-03T00:37:21Z,1,0,74617.59,01sLoYtuPuiAhJSKZN,01tmpCk8Z1bGpy6A1T
01updbdld2ODwuzQJB,USD,2023-07-16T06:46:49Z,1,0,57006.63,01sf902KvuoXgXtOGX,01tBFNGrwq1AKgWQZM
01uOceKBCLhfBYFQ99,USD,2023-03-09T13:45:03Z,1,0,61649.89,01sf902KvuoXgXtOGX,01t2EzMCSR6AFKDYFT
01u8nxINWL4OrV8Q40,USD,2024-02-01T05:14:59Z,1,0,17478.74,01sJqGPflRJqwqCPRW,01tV2dvwb7kXQVhITI
01u4GnyBkjhiE9TAMV,USD,2021-09-19T06:47:20Z,1,1,8403.66,01sQ4LtuJF9K1vlMFT,01tKjpEkxySpvI7IVL
01uP9JzeHn3INcfAW3,USD,2025-06-21T02:35:01Z,1,1,63293.02,01sQ4LtuJF9K1vlMFT,01tfvR6I8rYbw9YA75
01udgTvVhmyD0afAZM,USD,2025-01-30T03:16:35Z,1,1,53340.76,01sf902KvuoXgXtOGX,01tVDQv03vu3kAWAII
01urxQLoY7r3bGEAZO,USD,2022-04-30T04:10:11Z,1,1,11862.24,01sQ4LtuJF9K1vlMFT,01t7uoJkYp0qlw7YJC
01u9dyI9xjGhZjKI4V,USD,2026-04-29T08:16:04Z,1,0,98714.25,01sJqGPflRJqwqCPRW,01tCGhSYxgJztyAYCK
01uPjx1mFPjDpcgIRA,USD,2026-06-10T03:59:23Z,1,0,93334.19,01sLoYtuPuiAhJSKZN,01tib3QpzkDJ5ZXY0G
01ubxTMyzfxRdMAQGF,USD,2026-01-01T17:02:10Z,1,0,82551.26,01sJqGPflRJqwqCPRW,01tnh7cbKXHRNwtAHZ
01uocAw17jHIHntY65,USD,2025-09-30T11:40:46Z,1,0,51070.01,01sQ4LtuJF9K1vlMFT,01tJs4IP4KXGpqSYC5
01uzrOswHnzmYb6AU7,USD,2025-07-26T02:41:01Z,1,0,14558.98,01sLoYtuPuiAhJSKZN,01t8I3IcAgR0TlmYMW
01ue4CNRY8poPf7Y76,USD,2023-02-26T03:12:34Z,1,1,29301.55,01sQ4LtuJF9K1vlMFT,01t5ehc5TO9L51fAY8
01uM1GWov1Ae00HA3J,USD,2022-08-21T04:39:06Z,0,0,18234.91,01sQ4LtuJF9K1vlMFT,01tkl3rdZhto0MWIR8
01unzqchnBJvFvNARI,USD,2025-03-04T19:59:38Z,1,0,80818.21,01sf902KvuoXgXtOGX,01ticCsbXrjWF9FAH9
01ujq0OzP0Tl8V2IT5,USD,2026-05-21T05:38:43Z,1,1,40945.95,01sJqGPflRJqwqCPRW,01tkl3rdZhto0MWIR8
01urg3aqums3OsAYDX,USD,2024-01-08T17:24:03Z,1,1,88198.63,01sJqGPflRJqwqCPRW,01tLlltcGPITOCRAMC
01uoIM45i0DJHHHQCS,USD,2024-02-06T17:08:56Z,1,1,31634.62,01sQ4LtuJF9K1vlMFT,01tTNvOYUjuEQraQ3O
01u4dHsHv8wA4sGY7I,USD,2024-04-08T12:52:06Z,1,0,90750.36,01sQ4LtuJF9K1vlMFT,01tquqtjfoZD0qtA3P
01uu5XYiFCPTY9mYUD,USD,2024-07-02T10:21:16Z,1,0,76864.24,01sf902KvuoXgXtOGX,01tURhthsLx6JyoQOA
01uDMmufcFPiArgIYR,USD,2023-07-16T18:51:30Z,1,0,35314.99,01sLoYtuPuiAhJSKZN,01tPHiS44NBUdL8I3C
01uSfmaZ9NfAO33IJI,USD,2025-05-16T15:32:51Z,1,1,62535.87,01sJqGPflRJqwqCPRW,01tRE18SLT5MS5yAMK
01uwoyDD3mAFDZjI2L,USD,2022-04-20T11:59:24Z,1,0,82701.94,01sJqGPflRJqwqCPRW,01taeOXPP6XFFqPILJ
01ua3TAVCFZjGSRAIX,USD,2022-07-17T04:39:34Z,1,1,73073.53,01sQ4LtuJF9K1vlMFT,01t395c3btyYidWQZR
01u2Byfa4IwUJDvQM7,USD,2025-05-18T22:18:55Z,1,0,57117.71,01sLoYtuPuiAhJSKZN,01taG1hPSd1cWC7Y2A
01u351AAydylJhOA0I,USD,2022-03-04T02:39:50Z,1,1,65435.81,01sJqGPflRJqwqCPRW,01tJkxkC77BNqpMI1D
01uz35PKYhJf7A2A3O,USD,2023-04-26T00:25:31Z,1,0,34246.42,01sQ4LtuJF9K1vlMFT,01tFpX2FRUqcRnqIM9
01uHRSXfJkCx1mUQFK,USD,2025-04-27T15:05:35Z,1,0,10572.36,01sQ4LtuJF9K1vlMFT,01t5RWDmHRgJiIMYJP
01ublUFS5DlQKuoAT4,USD,2021-11-10T11:17:17Z,1,0,85545.16,01sLoYtuPuiAhJSKZN,01t1YY42ogr623kA2T
01uMigOkLBLlz7uYWX,USD,2024-03-23T00:25:44Z,1,0,95555.44,01sf902KvuoXgXtOGX,01t4at7lw4j5FweYL1
01us4QNzjsELdjnA5J,USD,2023-03-03T12:11:09Z,1,1,75061.99,01sJqGPflRJqwqCPRW,01t7aWrLJOCiWZaA9Z
01uXSQ5fKhH9J0rQIQ,USD,2024-09-22T04:12:30Z,1,1,55376.83,01sf902KvuoXgXtOGX,01t8I3IcAgR0TlmYMW
01uoH2O7EWf3GABIQ7,USD,2023-04-15T08:17:34Z,1,0,42454.51,01sQ4LtuJF9K1vlMFT,01tUsi4SI5lcLBaYYX
01uf2ysW9Eop15DQSX,USD,2022-06-30T13:45:50Z,1,0,79837.86,01sQ4LtuJF9K1vlMFT,01t45T2r1s9UOtNILZ
01u4gVr7speKuuWIU7,USD,2024-05-22T20:48:19Z,1,0,31660.9,01sJqGPflRJqwqCPRW,01tSN9ryyEsSczxIUK
01uchoxiqj7a2N5YGA,USD,2023-07-29T10:28:59Z,1,1,81220.51,01sf902KvuoXgXtOGX,01tJfY8BqOSVuBTQYL
01ut9jBZzSpsiCdICZ,USD,2021-12-05T03:53:04Z,0,1,34986.1,01sLoYtuPuiAhJSKZN,01tjyaSebi2TTnjA4L
01uEj6BcVvMiROBY42,USD,2025-02-23T20:11:31Z,0,0,24150.5,01sJqGPflRJqwqCPRW,01tK4wWzmqn0gSVI9U
01uKf9JD3b3I31TYQ4,USD,2021-08-19T01:31:15Z,1,1,108.35,01sLoYtuPuiAhJSKZN,01tUA1X0YZmoxZ1A4X
01u4Avm107tqlBZQ5W,USD,2022-05-02T09:03:27Z,1,1,75798.3,01sJqGPflRJqwqCPRW,01tsmgmHr3RHO6MQV1
01uHSyfqxvgRD1MIWU,USD,2024-05-10T13:18:12Z,1,1,6572.2,01sLoYtuPuiAhJSKZN,01taxYZ2MCJ1bDrY7X
01uDFd1bdH8xTwvQYW,USD,2021-05-22T15:22:29Z,1,0,68701.27,01sJqGPflRJqwqCPRW,01tDBFsgsRefO2HYYS
01uw2MTNHcr0mB8YU6,USD,2024-02-11T18:42:34Z,1,0,77754.42,01sf902KvuoXgXtOGX,01tK4wWzmqn0gSVI9U
01uVXzdM9yvV1AcA3O,USD,2023-05-14T23:21:15Z,1,0,5606.05,01sLoYtuPuiAhJSKZN,01tvrfAHswk6XJ6AVT
01u6e7sGIJ0p16CAAZ,USD,2024-03-15T20:10:26Z,1,0,26521.11,01sf902KvuoXgXtOGX,01ti4FfLefoJftJAYI
01uXDDMmVGn5CclQUQ,USD,2025-04-09T08:09:40Z,1,1,92396.01,01sf902KvuoXgXtOGX,01tTiYOuKc2VhIKABY
01u2uWEH3Jb5lDlIVZ,USD,2023-10-21T20:14:40Z,1,0,82164.92,01sQ4LtuJF9K1vlMFT,01txqvFsMP4bHGiIM8
01ugExzvR3WjVKWAKZ,USD,2026-04-23T05:15:30Z,1,0,13591.18,01sJqGPflRJqwqCPRW,01tzXDuwSIeVNvXQKW
01usqRMXQcVGKarQK1,USD,2021-11-05T12:58:51Z,1,0,83351.32,01sLoYtuPuiAhJSKZN,01tLFl0Q88j3GaOATF
01uzkFgHHKOHNb8ADY,USD,2024-07-07T12:37:41Z,1,1,98692.28,01sQ4LtuJF9K1vlMFT,01tRVZczygwfQeVYDN
01u67wXhMMkns9xQJ9,USD,2021-10-06T20:32:38Z,1,0,44048.53,01sJqGPflRJqwqCPRW,01tx6kM8gaCVxGVY0I
01uSfOdERukYhY3ICH,USD,2024-05-02T08:27:14Z,1,1,54161.1,01sJqGPflRJqwqCPRW,01tTiYOuKc2VhIKABY
01uDi1J1QfUnVVdI0W,USD,2021-11-16T06:01:14Z,1,0,78787.78,01sf902KvuoXgXtOGX,01tAL3si8B03DPDQ9O
01u410XzXyDchg8YH3,USD,2022-01-02T21:02:48Z,1,1,98585.01,01sQ4LtuJF9K1vlMFT,01tmkTmUIaKve6qAOP
01ulbAgwhu3vmAaIEX,USD,2024-07-15T23:53:22Z,1,0,97038.12,01sQ4LtuJF9K1vlMFT,01tRmAU3fmNV1CqYPI
01u07ivu2QA6dAiA8A,USD,2023-05-21T20:14:59Z,1,1,41137.77,01sQ4LtuJF9K1vlMFT,01toErtMLFCN4nLAFG
01udQk2X7kczPC2IC5,USD,2022-03-07T06:05:52Z,1,0,35347.2,01sJqGPflRJqwqCPRW,01tJs4IP4KXGpqSYC5
01ubVTXfBaCb01jAQV,USD,2026-02-01T10:34:34Z,1,0,69568.01,01sQ4LtuJF9K1vlMFT,01t7lGWe0GCEcFvQ4A
01uluvUCxWKk7rLADT,USD,2021-05-08T00:53:52Z,1,0,89685.26,01sJqGPflRJqwqCPRW,01tKASeQMf6eJe3A8K
01uuCYF9n5XQYNiATY,USD,2023-12-31T03:29:32Z,1,0,90056.07,01sLoYtuPuiAhJSKZN,01t10q07GCeMRMXQCJ
01uiz7sGwHX5TE3AY8,USD,2025-10-18T11:14:42Z,1,1,36401.3,01sQ4LtuJF9K1vlMFT,01tjSACLq3F7ixDIVX
01udB0j16WZOcX5QQ0,USD,2023-01-19T18:29:16Z,1,0,33007.13,01sf902KvuoXgXtOGX,01tmXTTChMUKc8lAZ9
01uEqUZBEAZR9UmY8R,USD,2021-10-07T17:07:05Z,1,0,99122.93,01sLoYtuPuiAhJSKZN,01tIDHvdLE9QNSjY85
01uWL8WfjnvfdWQIB4,USD,2024-05-17T03:12:10Z,1,0,55143.49,01sQ4LtuJF9K1vlMFT,01tRE18SLT5MS5yAMK
01uOgtH6Q9DN1ajABO,USD,2021-03-05T14:13:33Z,1,1,49744.24,01sf902KvuoXgXtOGX,01tWy4aSbWTH5MRAD6
01uv6WsfHjR1VXnIX6,USD,2026-02-22T22:01:52Z,1,1,12925.53,01sJqGPflRJqwqCPRW,01tQEBdIawGRa0EI2M
01uCI9USaya88RGQFI,USD,2021-07-05T21:29:20Z,0,0,75561.22,01sLoYtuPuiAhJSKZN,01t2bA7wlnQeUCxIWS
01uGm9aqZuKAd5vQXA,USD,2022-07-15T18:49:32Z,1,0,17905.53,01sLoYtuPuiAhJSKZN,01t2WPKVWsXQVDUQWP
01u1UxX9MCMWUfpAI9,USD,2025-01-26T21:34:32Z,1,1,29786.39,01sQ4LtuJF9K1vlMFT,01tUA1X0YZmoxZ1A4X
01ugtNsaJdzD5xkYCW,USD,2025-11-13T20:57:22Z,1,0,92685.46,01sJqGPflRJqwqCPRW,01tmXTTChMUKc8lAZ9
01ua1baryg2Ruz5AMA,USD,2025-02-15T05:08:11Z,0,0,25614.7,01sLoYtuPuiAhJSKZN,01t7U5ipBfHp1PQIKM
01uHdudSFChHRFsQ5B,USD,2023-04-05T06:27:56Z,1,0,83647.69,01sLoYtuPuiAhJSKZN,01tLlltcGPITOCRAMC
01u0yZubnpdFfGaIV0,USD,2021-05-21T04:44:35Z,1,1,77395.57,01sf902KvuoXgXtOGX,01tJs4IP4KXGpqSYC5
01u7HDlBEYd20cLA7R,USD,2025-04-05T21:41:00Z,1,0,40496.01,01sf902KvuoXgXtOGX,01tNG3h4vNcQBi8YQG
01ubQogH4f43vxaA17,USD,2025-06-22T10:42:50Z,1,0,17712.77,01sf902KvuoXgXtOGX,01t9zr8VHPQu1LlI0K
01uPMxzxPanDeIoI0I,USD,2021-03-15T09:37:31Z,1,1,31741.15,01sf902KvuoXgXtOGX,01tEGaSJJp85Ed1I1V
01u3kSFhaBLMkghAZY,USD,2024-11-06T02:32:31Z,1,0,67190.91,01sLoYtuPuiAhJSKZN,01tE5PQcgk49jQkYPK
01uJZmWPMk860DrQE5,USD,2025-10-13T14:52:33Z,0,0,60740.1,01sJqGPflRJqwqCPRW,01t1WVbvQg0mCR8IQ5
01usyXTd5JVbu6kA4P,USD,2024-07-07T04:17:16Z,1,0,25142.48,01sJqGPflRJqwqCPRW,01tZQBSs1fvhCTNICA
01ueFoz0cEnrn7mI9X,USD,2024-10-28T10:44:14Z,1,1,55188.87,01sLoYtuPuiAhJSKZN,01t7hUvwBpp5PImQLG
01um2SZhcNHxbHdAST,USD,2022-06-10T20:02:55Z,1,0,93267.92,01sQ4LtuJF9K1vlMFT,01tW9QP1juoicgIQUZ
01uP7hA0q4EnjLrQBI,USD,2021-05-25T08:17:00Z,1,0,42276.24,01sQ4LtuJF9K1vlMFT,01tMLYCFxAL4ZXGYKU
01uWMlFX6XZUlNsYWY,USD,2024-10-23T16:32:42Z,1,0,96268.85,01sf902KvuoXgXtOGX,01tRmAU3fmNV1CqYPI
01ueuC03ppiyMNNAY1,USD,2023-12-16T09:11:02Z,1,1,7980.69,01sJqGPflRJqwqCPRW,01t3PUJZJM7z7ogYQW
01u6i9Nw76KxTuIYF4,USD,2023-11-23T06:13:23Z,1,1,92695.51,01sf902KvuoXgXtOGX,01tjyaSebi2TTnjA4L
01uqINp8CtmB0C1QFE,USD,2021-04-29T01:59:28Z,1,0,19746.29,01sLoYtuPuiAhJSKZN,01tdpEmNx9BOBAyYC2
01umTuXQdudoFUAA13,USD,2022-03-03T12:14:19Z,1,0,96705.28,01sQ4LtuJF9K1vlMFT,01tHvx2HKNjnSrwQW0
01uKyIWYakaLXXxII0,USD,2021-02-21T11:49:20Z,1,0,62062.45,01sf902KvuoXgXtOGX,01t7uoJkYp0qlw7YJC
01uhCzHVx5ltOWXIB9,USD,2025-09-16T08:31:05Z,1,0,75342.36,01sf902KvuoXgXtOGX,01tNyyCG557IZVJAMV
01uMNJLwpZuTDndQVS,USD,2021-11-13T16:08:32Z,1,1,22818.77,01sQ4LtuJF9K1vlMFT,01tJJToWew3jl1jYQN
01uFQR9XJDjmBB5A31,USD,2022-03-26T10:40:15Z,1,0,81958.5,01sf902KvuoXgXtOGX,01tW9QP1juoicgIQUZ
01u7cJEmaMlnXliIX9,USD,2026-05-25T15:14:03Z,1,1,73755.97,01sf902KvuoXgXtOGX,01tFxFJHOHvc9HvARQ
01uKR3EllytN4EsQIZ,USD,2026-04-01T23:19:15Z,1,0,54399.12,01sQ4LtuJF9K1vlMFT,01tURhthsLx6JyoQOA
01uUJWUbolIxMN4AVT,USD,2021-09-22T19:16:59Z,1,1,7120.02,01sLoYtuPuiAhJSKZN,01tF1U6IygSY9tvA1Q
01uoKAmIlDksj0cYMV,USD,2026-03-14T00:42:13Z,1,0,40587.25,01sf902KvuoXgXtOGX,01tkl3rdZhto0MWIR8
01uMQRR3zGeNWaaAA7,USD,2021-06-08T09:17:10Z,1,0,93830.29,01sQ4LtuJF9K1vlMFT,01tdpEmNx9BOBAyYC2
01uGTFnbU5d3q8sQ0M,USD,2022-03-11T10:31:46Z,1,0,15524.74,01sf902KvuoXgXtOGX,01t3PUJZJM7z7ogYQW
01ucauN3ZCRzObtAUR,USD,2024-12-14T18:54:50Z,1,0,88971.85,01sQ4LtuJF9K1vlMFT,01tuDJ2JWNbzA2jA3S
01ugs5rUeguaTaQIXC,USD,2021-06-04T08:10:32Z,1,0,71228.84,01sQ4LtuJF9K1vlMFT,01tajD2y2VoohjWQ7N
01uGmbdcip0JPyRITY,USD,2022-05-29T13:46:15Z,1,1,43055.24,01sJqGPflRJqwqCPRW,01tNyyCG557IZVJAMV
01uCyKZmipXHx2mYRP,USD,2021-08-09T16:36:46Z,0,1,32898.76,01sLoYtuPuiAhJSKZN,01ti4FfLefoJftJAYI
01uDEI2EKNbkqFhA9H,USD,2023-05-05T17:32:59Z,1,1,64837.38,01sf902KvuoXgXtOGX,01tehSnAF5tx1G7IVN
01usnDJaZ6DqB4DQ12,USD,2026-06-06T09:54:19Z,1,1,58596.27,01sQ4LtuJF9K1vlMFT,01tBDs3hhpdYBGwI2D
01uSsMXVfpNjdvRIDT,USD,2023-12-07T10:45:38Z,1,1,80425.02,01sQ4LtuJF9K1vlMFT,01t2WPKVWsXQVDUQWP
01u3gOonB8t78PPYKF,USD,2021-01-07T03:43:00Z,1,1,70100.93,01sQ4LtuJF9K1vlMFT,01t7hUvwBpp5PImQLG
01uVC1vbnOb4uP7YDO,USD,2025-12-16T04:39:27Z,1,1,697.82,01sJqGPflRJqwqCPRW,01t7Wi3QdB9AjcFYKP
01uuG5i3WDKEUOXYND,USD,2022-02-24T21:27:45Z,1,1,70373.39,01sJqGPflRJqwqCPRW,01ttpCDj58dFUZxQW0
01uT86SzfhS9AD4IIJ,USD,2023-07-17T04:20:38Z,1,0,72365.91,01sf902KvuoXgXtOGX,01tbDa8NhBMz25CILB
01upghMAFa2ixN1Q3E,USD,2025-11-21T10:40:59Z,1,0,15866.05,01sQ4LtuJF9K1vlMFT,01tSN9ryyEsSczxIUK
01uUFX0M1o16Q36YWC,USD,2023-02-23T13:48:39Z,1,0,82322.16,01sQ4LtuJF9K1vlMFT,01tLFl0Q88j3GaOATF
01uQ3sPvOW1wcPjYG3,USD,2023-08-05T08:54:44Z,1,0,17317.27,01sLoYtuPuiAhJSKZN,01tK4wWzmqn0gSVI9U
01uglstYdcla0FqQXS,USD,2022-08-20T08:06:45Z,1,0,56647.08,01sJqGPflRJqwqCPRW,01tYt0OB7MID1hWAG2
01u6HEv0YgkCfCBIK7,USD,2024-05-29T21:22:06Z,1,1,23484.04,01sJqGPflRJqwqCPRW,01tPjohq4E615TII7M
01uuQt0w3KuspnOYT7,USD,2024-11-27T05:44:37Z,1,0,47511.27,01sQ4LtuJF9K1vlMFT,01twCEcgDDkMd9pACR
01uiOuapJc0w5rMI3Q,USD,2025-09-14T07:06:53Z,1,0,92037.27,01sQ4LtuJF9K1vlMFT,01t83HgB02KFAPlQZ2
01uKbbbgyfLWQdOQ98,USD,2022-02-14T00:09:26Z,1,1,51887.0,01sJqGPflRJqwqCPRW,01tsmdSzMPxkDVuYGY
01uWETJi2x1uR5oIZE,USD,2022-04-02T01:23:25Z,1,0,85223.76,01sf902KvuoXgXtOGX,01t7lGWe0GCEcFvQ4A
01uKhzXXV7OTzjFYTJ,USD,2024-08-20T15:41:52Z,1,0,15890.96,01sf902KvuoXgXtOGX,01tzg9LgIxoHoakYCC
01u9usVZAaaGnwRYOD,USD,2021-10-04T19:11:24Z,1,0,11297.24,01sLoYtuPuiAhJSKZN,01tNyyCG557IZVJAMV
01uHHDjAknrlvi7Q92,USD,2023-11-18T11:59:22Z,1,1,9356.17,01sJqGPflRJqwqCPRW,01t8I3IcAgR0TlmYMW
01uPAnJ63RGP2cLIN8,USD,2021-06-22T15:55:40Z,1,1,24627.11,01sQ4LtuJF9K1vlMFT,01tOrC3Eh4EDJAvABF
01ujwTES8hRA7BmARX,USD,2024-12-15T11:43:40Z,1,0,78881.62,01sQ4LtuJF9K1vlMFT,01tfdIGGuNBWWCKI1L
01uPr41KGxIVdDtIWK,USD,2021-12-11T21:48:27Z,1,1,46607.73,01sf902KvuoXgXtOGX,01t85nYRxCpN60QICS
01uqHBjbqnCg5OJA4V,USD,2026-04-17T15:25:06Z,1,1,84897.66,01sJqGPflRJqwqCPRW,01tweIfmxoL6ZPIA4Z
01u4klDmXucbRtcAGD,USD,2025-03-30T01:41:32Z,1,0,83453.47,01sJqGPflRJqwqCPRW,01tmpCk8Z1bGpy6A1T
01uAMyCLLNMmR5bA3S,USD,2024-05-05T09:12:05Z,1,0,43669.96,01sf902KvuoXgXtOGX,01tvZzWWmOWS6buIKU
01uEzdznkNnOVwYYTK,USD,2023-09-05T22:49:05Z,1,0,67541.38,01sQ4LtuJF9K1vlMFT,01tCRyGDRzBg7uOANM
01ucOVQYpxTA9fkYLG,USD,2026-02-18T13:54:30Z,1,0,5434.88,01sQ4LtuJF9K1vlMFT,01t8I3IcAgR0TlmYMW
01uYTScXXHBn0tLASI,USD,2024-02-05T14:04:26Z,1,1,18912.69,01sLoYtuPuiAhJSKZN,01tW9QP1juoicgIQUZ
01uGrmz54IceEqlY8F,USD,2024-05-24T13:39:19Z,1,0,66032.45,01sQ4LtuJF9K1vlMFT,01tNxoTQ4jtr1L6AQ6
01ucinPPWhO38beQCE,USD,2025-08-19T22:44:43Z,1,0,60797.06,01sJqGPflRJqwqCPRW,01tmkTmUIaKve6qAOP
01uUZRnGcVQPMSeQKA,USD,2026-04-16T17:19:53Z,1,1,95337.06,01sQ4LtuJF9K1vlMFT,01t2EzMCSR6AFKDYFT
01uQXPpS3qDSOckYL8,USD,2022-06-03T15:41:41Z,1,1,82242.25,01sf902KvuoXgXtOGX,01tRVZczygwfQeVYDN
01uZvmxypRpoEQLYJL,USD,2024-05-11T05:32:23Z,1,1,68132.32,01sLoYtuPuiAhJSKZN,01tkY3ak5ZCRBHjYRC
01uZMsmMl304CKnIWL,USD,2022-07-20T09:53:33Z,1,0,40816.88,01sf902KvuoXgXtOGX,01thBQZLD1IHHQYICZ
01ulWu2LkZaEwOTA7G,USD,2024-05-01T18:50:02Z,1,0,99324.87,01sLoYtuPuiAhJSKZN,01t264L3UVk4S01QTC
01u3VcPWmfc83TAIIQ,USD,2023-05-14T04:42:55Z,1,1,94207.66,01sLoYtuPuiAhJSKZN,01tSN9ryyEsSczxIUK
01uhEab6VThQ3laAJ0,USD,2022-12-02T19:45:50Z,1,0,11049.46,01sJqGPflRJqwqCPRW,01tkY3ak5ZCRBHjYRC
01uXv4K6jjQLtG3AOR,USD,2022-04-17T09:58:41Z,1,0,23090.65,01sQ4LtuJF9K1vlMFT,01tweIfmxoL6ZPIA4Z
01utAAud7huqvEmY3U,USD,2026-04-16T02:22:02Z,1,0,95235.93,01sf902KvuoXgXtOGX,01tTVbIpQ0ISm2pYRV
01ugEm18KYgw8XgQ0P,USD,2025-04-16T08:12:00Z,1,1,69640.55,01sQ4LtuJF9K1vlMFT,01tnFIvrye7TJuKI6Y
01ubt6UAjtxypWLAKP,USD,2024-08-25T04:51:56Z,1,0,24146.12,01sLoYtuPuiAhJSKZN,01tPtwsyf9n0MWKYPH
01uHBgjwoocvy6ZI5L,USD,2024-11-12T21:00:38Z,1,1,5660.84,01sJqGPflRJqwqCPRW,01tBDs3hhpdYBGwI2D
01uvpBeHAob5K44IMR,USD,2022-03-13T23:57:28Z,0,1,27267.4,01sf902KvuoXgXtOGX,01tQzRS8NwN7EaTIA6
01u1sr1soSTDcCMQ43,USD,2025-09-20T10:11:09Z,1,0,81554.43,01sLoYtuPuiAhJSKZN,01tRmAU3fmNV1CqYPI
01uNCGlsM15XwNYYK0,USD,2025-02-06T18:42:20Z,1,0,13676.84,01sf902KvuoXgXtOGX,01tBjvDXiBQe05pQ6K
01uLg1zlhQzViTQQB7,USD,2026-05-16T08:38:45Z,1,1,59186.69,01sJqGPflRJqwqCPRW,01t4at7lw4j5FweYL1
01u5PaTy6Vk6uLCQ0J,USD,2021-05-20T09:46:26Z,1,0,5413.45,01sLoYtuPuiAhJSKZN,01tsCLKAaTcpDt3ARN
01u4hTXwAG7Lox4A3W,USD,2023-11-10T19:10:37Z,1,1,3441.46,01sJqGPflRJqwqCPRW,01t7uoJkYp0qlw7YJC
01uJqm9qkd5Mzq5IKB,USD,2022-06-19T12:02:02Z,1,1,91246.56,01sJqGPflRJqwqCPRW,01tIDHvdLE9QNSjY85
01uVCi0vuLYXEvJQLK,USD,2023-03-21T06:58:48Z,1,1,85070.08,01sLoYtuPuiAhJSKZN,01tsmdSzMPxkDVuYGY
01uGVgElwvBIbvwAMH,USD,2023-11-27T06:28:25Z,1,0,44471.9,01sQ4LtuJF9K1vlMFT,01tDBFsgsRefO2HYYS
01uYKRQRQQfNvwZYXG,USD,2023-10-14T09:31:12Z,1,0,50307.59,01sf902KvuoXgXtOGX,01t1WVbvQg0mCR8IQ5
01uuc5fKtP4ShVVAPK,USD,2023-05-31T18:31:13Z,1,0,2624.51,01sf902KvuoXgXtOGX,01thwlljDEzVPFeIOR
01um1cvKCov7rGbI2J,USD,2022-04-04T23:37:37Z,1,0,2304.88,01sQ4LtuJF9K1vlMFT,01t2bA7wlnQeUCxIWS
01uIoxys3iRmSNgATK,USD,2022-05-24T08:48:03Z,1,0,95465.41,01sQ4LtuJF9K1vlMFT,01tDf1oeVcjAz1QI83
01uQgb8tPmYwgmEQWV,USD,2025-09-16T08:59:09Z,1,0,47514.48,01sLoYtuPuiAhJSKZN,01t7aWrLJOCiWZaA9Z
01uWDZOFCqByNw4QSG,USD,2022-07-29T07:37:22Z,0,0,87419.62,01sJqGPflRJqwqCPRW,01tSnOrHzEYjRlsIDJ
01u1v0qA9XAZC18ANO,USD,2025-10-30T09:26:43Z,1,0,90100.9,01sLoYtuPuiAhJSKZN,01t7uoJkYp0qlw7YJC
01uSoqNuS1WuhQCQ4I,USD,2023-11-06T13:23:59Z,1,0,56452.71,01sLoYtuPuiAhJSKZN,01t85nYRxCpN60QICS
01uC3YBvJB9JpTRQAJ,USD,2026-02-23T00:02:42Z,1,0,35800.46,01sLoYtuPuiAhJSKZN,01tsLqWnGdfONUtA8Q
01uBOscrjq0khZAIW5,USD,2022-06-03T19:47:30Z,1,1,27676.72,01sQ4LtuJF9K1vlMFT,01tWy4aSbWTH5MRAD6
01uQw5uvkMCNitNAR6,USD,2022-03-21T22:02:25Z,1,1,55081.98,01sJqGPflRJqwqCPRW,01tFpX2FRUqcRnqIM9
01udvlfkQgFBsWxQ5O,USD,2023-03-12T16:44:18Z,1,0,45482.52,01sLoYtuPuiAhJSKZN,01trSqsaQ6MiK9TAAL
01uwzxHNpERT5TqAXA,USD,2022-05-28T08:59:47Z,0,0,79316.59,01sf902KvuoXgXtOGX,01taG1hPSd1cWC7Y2A
01uH08kSI20VJz2A7T,USD,2023-02-27T19:36:33Z,1,1,97282.96,01sLoYtuPuiAhJSKZN,01tow8y2sel8hLYA1C
01uJbRaKkjlPvM3I63,USD,2026-05-18T15:18:46Z,1,0,84814.42,01sQ4LtuJF9K1vlMFT,01tASbpFFJhJzjoAQP
01uHFWUTMgyHoQZYYJ,USD,2023-07-23T10:32:30Z,1,1,44107.32,01sf902KvuoXgXtOGX,01tsmdSzMPxkDVuYGY
01utZ03Ty4wkdAWA1Q,USD,2025-02-03T01:43:46Z,1,1,16143.15,01sQ4LtuJF9K1vlMFT,01t0gRllD3sYkehQJL
01u3NZ6wJzAmJMCAOW,USD,2024-03-23T11:10:27Z,1,0,11915.78,01sJqGPflRJqwqCPRW,01thwlljDEzVPFeIOR
01uQS5b9VBjTQ0WAB8,USD,2021-07-22T04:49:44Z,1,1,41178.04,01sJqGPflRJqwqCPRW,01tLQO6rC3r5eZ7I1Z
01uOyGLwPVbjwgxI0L,USD,2021-08-13T12:52:35Z,1,0,18181.38,01sf902KvuoXgXtOGX,01taeOXPP6XFFqPILJ
01uqhMa2zt9ioK1IJ8,USD,2022-03-22T12:05:32Z,1,0,23218.75,01sQ4LtuJF9K1vlMFT,01tAKxax5wNHmuXAAK
01uhKGrd4fvOOHBIHW,USD,2024-04-02T17:28:23Z,1,0,72913.84,01sf902KvuoXgXtOGX,01tPg5AmqfQP9ppYVX
01u0LigxavQESk3IMW,USD,2022-03-31T17:00:39Z,1,0,98773.47,01sf902KvuoXgXtOGX,01txqvFsMP4bHGiIM8
01uVsJ0CYhv8rdAQEB,USD,2021-04-19T21:06:12Z,1,1,42080.37,01sf902KvuoXgXtOGX,01tIDHvdLE9QNSjY85
01uJmKgJiEzuDYNY7S,USD,2021-11-23T08:36:58Z,1,1,31454.81,01sf902KvuoXgXtOGX,01tLLupYH2DWeh5IGW
01ukuCThP8BeOd9YS1,USD,2023-04-13T17:21:15Z,1,0,54498.07,01sLoYtuPuiAhJSKZN,01tZQBSs1fvhCTNICA
01uyJSOTpJrkmcvA2N,USD,2023-01-12T04:05:57Z,1,0,77335.07,01sQ4LtuJF9K1vlMFT,01tjRyBfxPJZEW0YDL
01utnhicIg18uk8QEJ,USD,2021-07-12T07:23:33Z,1,0,61914.34,01sJqGPflRJqwqCPRW,01tumnfMgDuHzp5IGE
01uynmR1qubBiOaYYH,USD,2022-06-08T04:29:15Z,0,0,41826.65,01sf902KvuoXgXtOGX,01tEaTYFbf62XyrIGE
01urFUeONciQEtuQJX,USD,2024-08-30T13:10:43Z,1,1,41155.79,01sJqGPflRJqwqCPRW,01toGBkQESLwGrGAB2
01u3UxsA689uCK2IKM,USD,2025-10-02T04:01:56Z,1,0,582.69,01sJqGPflRJqwqCPRW,01tTnVkfEjkD1grILB
01uJ9W9eav2tkigQWN,USD,2021-04-11T17:13:42Z,1,0,92134.26,01sJqGPflRJqwqCPRW,01t1YY42ogr623kA2T
01uwpchl2gSzc8zISZ,USD,2024-02-06T04:51:03Z,1,1,60854.22,01sLoYtuPuiAhJSKZN,01toErtMLFCN4nLAFG
01ulGWUVmpG9bEwIRB,USD,2023-01-28T11:45:45Z,1,0,77222.56,01sQ4LtuJF9K1vlMFT,01t7U5ipBfHp1PQIKM
01u4YhN3V6h6OcsI8W,USD,2023-03-27T17:23:41Z,1,0,24581.92,01sJqGPflRJqwqCPRW,01tBFNGrwq1AKgWQZM
01uBC3Af2aJPeifQON,USD,2022-10-31T04:15:51Z,1,0,87848.59,01sQ4LtuJF9K1vlMFT,01tCGhSYxgJztyAYCK
01ul6IP0ZbL6Ie6A0B,USD,2021-01-23T09:43:27Z,1,0,38011.35,01sf902KvuoXgXtOGX,01tfpNseevgyHG4I4H
01uJLl4lsfShoyiQNW,USD,2023-12-22T20:22:51Z,1,0,12831.76,01sQ4LtuJF9K1vlMFT,01tPtwsyf9n0MWKYPH
01uxGUu3X0m16ejI17,USD,2021-05-01T02:41:16Z,1,1,9714.31,01sf902KvuoXgXtOGX,01tP6t7BgPZZLjmA3O
01ujQGcX0dFFoJDAEI,USD,2021-10-19T02:55:40Z,1,0,95810.79,01sQ4LtuJF9K1vlMFT,01tvZzWWmOWS6buIKU
01u83TjBu9Aky6iYEW,USD,2022-04-03T22:18:22Z,1,1,59211.93,01sLoYtuPuiAhJSKZN,01taeOXPP6XFFqPILJ
01uOtZP5pu0xo2OY25,USD,2025-04-29T09:52:59Z,1,0,25250.88,01sQ4LtuJF9K1vlMFT,01tQBzLTuDrA4rIY2R
01uPjEJCuNdeQtlA0H,USD,2026-05-27T01:35:29Z,1,0,67862.54,01sf902KvuoXgXtOGX,01t3Z3czK8R4Na6IU7
01uni2Nwruxh3V9IGF,USD,2023-11-10T11:04:19Z,1,0,60399.61,01sJqGPflRJqwqCPRW,01tnFIvrye7TJuKI6Y
01u9aywL7bFTcXFIGN,USD,2024-06-14T16:52:24Z,1,0,88327.12,01sQ4LtuJF9K1vlMFT,01t3Z3czK8R4Na6IU7
01unim0cLH2qX1pAP5,USD,2022-06-02T12:09:34Z,1,0,99776.85,01sLoYtuPuiAhJSKZN,01tTiYOuKc2VhIKABY
01uDVbyZN3NQ2tkQ0N,USD,2025-07-01T22:10:25Z,1,1,83057.52,01sJqGPflRJqwqCPRW,01tJJToWew3jl1jYQN
01u1UwzdW7mgocDAW5,USD,2025-10-20T17:34:35Z,1,1,73154.6,01sJqGPflRJqwqCPRW,01tjSACLq3F7ixDIVX
01uvcwTUKOnzB3VQFV,USD,2024-05-10T16:40:12Z,1,0,54044.45,01sf902KvuoXgXtOGX,01ttnIcUmf2LrF4AX4
01uG3ZGIn6X7JIYICW,USD,2021-07-09T20:31:55Z,1,1,34061.67,01sf902KvuoXgXtOGX,01tABpW6ZnkU3r9I20
01uysnau0KhTkwBAAW,USD,2022-01-04T11:40:28Z,1,0,88961.53,01sLoYtuPuiAhJSKZN,01tx6kM8gaCVxGVY0I
01u0ewzsyx2Y9q7A7T,USD,2022-01-18T22:15:47Z,1,0,84083.67,01sf902KvuoXgXtOGX,01tKjpEkxySpvI7IVL
01usZhoMVh5QFp5A8S,USD,2025-06-26T16:16:31Z,1,0,79934.38,01sQ4LtuJF9K1vlMFT,01tZQBSs1fvhCTNICA
01uDz0Z4yrKt05CQDN,USD,2026-01-11T16:22:51Z,1,1,6024.56,01sf902KvuoXgXtOGX,01tdpEmNx9BOBAyYC2
01uufv2InbzDK0iIMO,USD,2025-09-23T19:49:58Z,1,0,61844.65,01sLoYtuPuiAhJSKZN,01twCEcgDDkMd9pACR
01u2t5lHsuF16GgAD7,USD,2022-03-21T20:21:38Z,1,1,39003.14,01sLoYtuPuiAhJSKZN,01tHvx2HKNjnSrwQW0
01uNzFjMXKixso0Y41,USD,2023-05-15T18:27:52Z,1,0,82963.2,01sLoYtuPuiAhJSKZN,01tP6t7BgPZZLjmA3O
01utqmPyaUkwSFLI56,USD,2024-09-02T23:55:14Z,1,0,33079.55,01sf902KvuoXgXtOGX,01t10q07GCeMRMXQCJ
01uDDVqednLwAxPIMH,USD,2026-06-24T08:32:14Z,1,1,733.43,01sQ4LtuJF9K1vlMFT,01t264L3UVk4S01QTC
01ualDWbU2nsHAyI4N,USD,2022-06-10T17:35:44Z,1,0,63529.24,01sLoYtuPuiAhJSKZN,01tTnVkfEjkD1grILB
01ukTN9SMFYWgwjAMQ,USD,2025-08-11T10:40:04Z,1,1,74773.26,01sLoYtuPuiAhJSKZN,01tRq8pE579FvdwIAM
01uFa5jdtbk2jvnIRL,USD,2024-11-23T09:53:38Z,1,1,17419.7,01sLoYtuPuiAhJSKZN,01t3PUJZJM7z7ogYQW
01uc6d0PpSckL4kYOM,USD,2026-03-23T08:57:20Z,1,0,90497.89,01sf902KvuoXgXtOGX,01tPjohq4E615TII7M
01uFvL7F5Qaj8h6QH0,USD,2022-01-29T04:14:17Z,1,0,42721.94,01sLoYtuPuiAhJSKZN,01tFkHMuj8shz13IXI
01uTHUysWX9DJtwY6N,USD,2024-05-21T17:19:16Z,1,0,24051.85,01sLoYtuPuiAhJSKZN,01tMUwUxqegRhgXQCH
01ujBc1EruOtg57ANE,USD,2023-12-03T20:11:05Z,1,0,97.13,01sQ4LtuJF9K1vlMFT,01tcaoN6u2mHIFoQPB
01uDr8t2kv8XrJiYM8,USD,2023-08-31T23:21:45Z,1,1,84584.2,01sJqGPflRJqwqCPRW,01t5ehc5TO9L51fAY8
01uVCXqrgCKU3tcIXU,USD,2021-04-01T04:38:09Z,1,1,69255.74,01sf902KvuoXgXtOGX,01tNxoTQ4jtr1L6AQ6
01uHhc7RdxJfGWFAN9,USD,2026-03-18T00:12:15Z,1,0,37448.0,01sLoYtuPuiAhJSKZN,01t5RWDmHRgJiIMYJP
01uGRqSyJsjiNj7YGL,USD,2024-06-18T22:32:45Z,1,1,90173.91,01sLoYtuPuiAhJSKZN,01t4NYEPhUw9BamICS
01uGR4Kmqn34CUgYEF,USD,2023-07-01T10:06:29Z,1,0,70760.51,01sJqGPflRJqwqCPRW,01tGZiKZgaKqDjfI4K
01uIpwvxtQysDJ4AUU,USD,2025-04-19T14:31:11Z,1,0,25599.0,01sQ4LtuJF9K1vlMFT,01tumnfMgDuHzp5IGE
01u3p8CHYvz2rqmYEX,USD,2025-01-02T04:27:37Z,1,1,5521.33,01sQ4LtuJF9K1vlMFT,01ttnIcUmf2LrF4AX4
01uQzDnCcdlI5MPI1N,USD,2021-09-01T21:06:19Z,1,0,37070.5,01sJqGPflRJqwqCPRW,01t395c3btyYidWQZR
01usQT9Yxo9DMACALJ,USD,2021-02-13T21:45:13Z,1,0,40545.72,01sQ4LtuJF9K1vlMFT,01tv9oAk6JoaaNjQCS
01usTKqZT4hGB8iYI3,USD,2021-08-05T23:45:09Z,1,1,21705.17,01sJqGPflRJqwqCPRW,01t7lGWe0GCEcFvQ4A
01u1uN5NLk5dXcdY3Z,USD,2025-11-11T15:47:08Z,1,1,12284.71,01sJqGPflRJqwqCPRW,01tFkHMuj8shz13IXI
01u4o2liuGqb4f9YF2,USD,2023-07-22T06:39:40Z,1,0,38677.9,01sQ4LtuJF9K1vlMFT,01tjyaSebi2TTnjA4L
01uLQEDgfv4Hvl4Q5B,USD,2023-09-21T02:16:25Z,1,1,3937.17,01sJqGPflRJqwqCPRW,01tPHiS44NBUdL8I3C
01u9PAeyBtOJM9hIYV,USD,2022-08-16T22:23:13Z,1,0,68127.11,01sQ4LtuJF9K1vlMFT,01taesqWUDciy5yISU
01u4aUT5tGpKbG5IJ9,USD,2023-09-22T09:57:17Z,1,1,37510.18,01sJqGPflRJqwqCPRW,01teaeCt6DWI9p4I4X
01ui8Bge7HlL1BoAM0,USD,2023-05-26T13:46:49Z,1,1,91693.54,01sLoYtuPuiAhJSKZN,01tQEBdIawGRa0EI2M
01uGodhB3HunRL0QTH,USD,2022-04-14T04:27:58Z,1,1,16322.06,01sf902KvuoXgXtOGX,01tXq0A5CBUXNaxY1K
01uz72Mh768cYm5IN8,USD,2021-09-25T12:15:12Z,0,0,52672.02,01sLoYtuPuiAhJSKZN,01tGCTC0Cocai7mYLU
01uXudy9Iv0rweWYS2,USD,2024-08-18T04:58:41Z,1,1,24363.54,01sf902KvuoXgXtOGX,01tTNvOYUjuEQraQ3O
01umywPfsyK0P1QYZ3,USD,2023-08-11T04:38:52Z,1,0,80581.64,01sJqGPflRJqwqCPRW,01tURhthsLx6JyoQOA
01uzUwxgjRvsJBYISJ,USD,2021-01-15T16:52:58Z,1,0,54939.58,01sQ4LtuJF9K1vlMFT,01tKASeQMf6eJe3A8K
01uZFRUWULocAKDA7X,USD,2021-11-28T11:43:19Z,1,0,94867.88,01sQ4LtuJF9K1vlMFT,01tPHiS44NBUdL8I3C
01uj3kuLiyvZJ6VIQZ,USD,2025-09-03T09:23:52Z,1,1,88632.6,01sLoYtuPuiAhJSKZN,01tbDa8NhBMz25CILB
01uj1eeTSR2qMBtADW,USD,2023-11-27T17:38:17Z,1,0,39069.11,01sQ4LtuJF9K1vlMFT,01tFgTvcjvryYPbIQU
01uvM9JQrsP7yGYQ83,USD,2021-09-11T14:05:52Z,1,1,47210.01,01sQ4LtuJF9K1vlMFT,01tdhEbnzCx9gZmI0N
01u0jbVFMwVzRPnI88,USD,2023-03-23T06:09:56Z,1,1,99835.54,01sJqGPflRJqwqCPRW,01t2WPKVWsXQVDUQWP
01uwblHjttgt0qjYKB,USD,2021-12-20T04:52:16Z,1,0,10273.89,01sLoYtuPuiAhJSKZN,01t4at7lw4j5FweYL1
01uLSRYc2aueFNnYD1,USD,2021-07-06T17:50:44Z,1,0,85257.34,01sf902KvuoXgXtOGX,01t2bA7wlnQeUCxIWS
01uRfvkN0HymA5HQXH,USD,2022-06-13T21:01:30Z,1,0,36071.43,01sLoYtuPuiAhJSKZN,01tTxNhlNIdTR8YQIX
01u8XnYHXYRns9gY34,USD,2021-12-02T23:38:59Z,1,1,18970.52,01sLoYtuPuiAhJSKZN,01tBFNGrwq1AKgWQZM
01uWiXi07rUIM5NQCX,USD,2024-09-07T12:47:01Z,1,0,22934.22,01sLoYtuPuiAhJSKZN,01t9zr8VHPQu1LlI0K
01uHIxEL6orCehpYIM,USD,2025-11-24T23:18:06Z,1,0,45823.22,01sQ4LtuJF9K1vlMFT,01tJCv6SzssB7KyQZG
01uWkF1MftLq7fOIP7,USD,2025-11-06T16:59:35Z,1,1,82857.84,01sf902KvuoXgXtOGX,01tfvR6I8rYbw9YA75
01u7IvHitLYj9oAAXL,USD,2022-01-23T07:05:59Z,1,1,94908.04,01sJqGPflRJqwqCPRW,01tKbJWKm600cCgAJE
01uUABfuuRz2CkzYG6,USD,2023-10-23T18:29:45Z,1,0,84593.18,01sJqGPflRJqwqCPRW,01tP6t7BgPZZLjmA3O
01uh9FtSK3Gxm3GYFH,USD,2024-10-12T01:45:14Z,1,0,85428.41,01sLoYtuPuiAhJSKZN,01tRE18SLT5MS5yAMK
01uExFr2ox1wODrIJA,USD,2024-09-14T11:32:26Z,1,1,29156.05,01sQ4LtuJF9K1vlMFT,01tH9FF8fA9CZeKYBG
01uj55A0pG7m4UZQ9N,USD,2023-08-18T00:55:36Z,1,1,7856.89,01sf902KvuoXgXtOGX,01tmpCk8Z1bGpy6A1T
01uHjqtdinrTUk6A6F,USD,2024-06-09T08:32:33Z,1,0,39926.75,01sJqGPflRJqwqCPRW,01tvZzWWmOWS6buIKU
01u5GtifNDPLBQJQCC,USD,2024-11-18T04:59:39Z,1,0,47393.06,01sQ4LtuJF9K1vlMFT,01tTiYOuKc2VhIKABY
01uXnhv90KP987BQ3Y,USD,2021-08-06T07:29:05Z,1,1,91693.99,01sf902KvuoXgXtOGX,01tQEBdIawGRa0EI2M
01uJA14v6nMxBHKI3Q,USD,2024-07-17T23:48:52Z,1,1,32287.2,01sLoYtuPuiAhJSKZN,01tfvR6I8rYbw9YA75
01uYPTzxMh3mfVBQKH,USD,2025-07-29T12:18:23Z,1,0,97582.1,01sf902KvuoXgXtOGX,01tx8wrqOMLNvV7YOZ
01uXemgmbGBj031YMF,USD,2026-05-05T05:07:15Z,1,0,69564.13,01sLoYtuPuiAhJSKZN,01tTz3gcBmsMjInYD3
01uBeJ5ZF9xSBOtQEH,USD,2023-03-23T20:26:33Z,1,1,22411.01,01sQ4LtuJF9K1vlMFT,01tkY3ak5ZCRBHjYRC
01uXO1QlNf8dW1AYOF,USD,2023-03-29T21:55:53Z,1,0,53866.12,01sf902KvuoXgXtOGX,01tnSmeh0qnccnoQDY
01uWAuUJGwgaQSUQWO,USD,2023-10-18T21:17:20Z,1,1,77433.88,01sQ4LtuJF9K1vlMFT,01taxYZ2MCJ1bDrY7X
01u5lAQdtIRbdv3AQF,USD,2026-03-14T06:44:19Z,1,0,52531.29,01sQ4LtuJF9K1vlMFT,01toGBkQESLwGrGAB2
01uoGS05grshvSmALG,USD,2024-05-28T09:22:57Z,0,0,2244.89,01sQ4LtuJF9K1vlMFT,01tx8wrqOMLNvV7YOZ
01u1MWkBFPeJXjmYZG,USD,2023-01-25T03:59:39Z,1,1,74042.93,01sJqGPflRJqwqCPRW,01tCRyGDRzBg7uOANM
01uLkPww5zmfzlpYAT,USD,2021-12-28T14:50:16Z,0,1,92595.45,01sJqGPflRJqwqCPRW,01tFgTvcjvryYPbIQU
01ustgU8gN8B7oLI0K,USD,2025-03-22T22:03:03Z,1,0,29950.68,01sJqGPflRJqwqCPRW,01taG1hPSd1cWC7Y2A
01ufpSNxKRDyqRXQ14,USD,2021-07-15T17:47:25Z,1,0,37179.89,01sQ4LtuJF9K1vlMFT,01t10q07GCeMRMXQCJ
01utCDHCRnPnbCdID0,USD,2023-08-16T08:32:01Z,1,0,42245.73,01sQ4LtuJF9K1vlMFT,01tbwEYr7q9wizHQ3D
01ukbEabFKwQkOkIPL,USD,2026-06-21T13:29:22Z,1,0,84452.95,01sJqGPflRJqwqCPRW,01t3Z3czK8R4Na6IU7
01ueVT7VYwqgtswYUD,USD,2025-03-27T05:20:17Z,1,1,48615.0,01sLoYtuPuiAhJSKZN,01tvZzWWmOWS6buIKU
01uiMwcdOMsv2euIUY,USD,2024-06-13T06:36:53Z,1,1,65307.3,01sJqGPflRJqwqCPRW,01tAKxax5wNHmuXAAK
01uf54WuEpKCETsQX1,USD,2026-05-21T14:58:58Z,1,1,49047.28,01sLoYtuPuiAhJSKZN,01tXFPVYo6XqDczYVB
01ux9dyDM34BDnxQYC,USD,2021-12-21T19:36:45Z,1,0,31323.43,01sJqGPflRJqwqCPRW,01tFjJRl0Bl1V77YFI
01uxfQF7gkFw7jVQWM,USD,2023-05-30T18:32:08Z,1,0,89774.95,01sJqGPflRJqwqCPRW,01tHponlQrn8ajCQWE
01uDiBAAE5g7Vm3QK9,USD,2025-03-01T17:41:58Z,1,0,44279.83,01sf902KvuoXgXtOGX,01taxYZ2MCJ1bDrY7X
01uybNfPLC9zk1iIPC,USD,2026-01-04T10:08:57Z,1,0,49987.98,01sLoYtuPuiAhJSKZN,01t2EzMCSR6AFKDYFT
01uPKxBMkVM61PoIKE,USD,2023-10-03T19:40:28Z,1,0,87146.19,01sJqGPflRJqwqCPRW,01tvrfAHswk6XJ6AVT
01uWy77GJxrrDF2AC5,USD,2021-01-28T05:38:32Z,1,0,69521.75,01sJqGPflRJqwqCPRW,01tRVZczygwfQeVYDN
