Id,FirstName,LastName,Name,Alias,Username,Email,Title,Department,TimeZoneSidKey,LocaleSidKey,LanguageLocaleKey,CreatedDate,IsActive
005BZsYjUUIsDKlY70,Danielle,Figueroa,Danielle B. Figueroa,fprynn-r,danielle-l.figueroa.0@crm.example.invalid,danielle.figueroa.2-4160@example.invalid,Business Analyst,Procurement,America/Los_Angeles,en_US,en_US,2022-04-24T19:16:50Z,1
005ztlrbFPcuOLhY8F,Colin,Munoz,Colin S. Munoz,erellor-,colin-c.munoz.1@crm.example.invalid,colin.munoz.0-9012@example.invalid,Solutions Architect,Finance,America/Chicago,en_US,en_US,2026-01-05T07:48:59Z,1
005yrzZ2QLuB1ZZYH4,George,Martin,George C. Martin,daldren-,george-t.martin.2@crm.example.invalid,george.martin.8-590@example.invalid,Account Director,Sales,America/New_York,en_US,en_US,2023-01-18T23:35:36Z,1
005lkwCvvs1NKzQIH0,Anna,Burgess,Anna C. Burgess,ccorven-,anna-k.burgess.3@crm.example.invalid,anna.burgess.2-616@example.invalid,Engineering Manager,Operations,America/Los_Angeles,en_US,en_US,2024-03-08T10:17:32Z,1
005krCc5IJC2wfdQ2P,Ryan,Smith,Ryan R. Smith,besmere-,ryan-b.smith.4@crm.example.invalid,ryan.smith.1-5555@example.invalid,Operations Lead,Procurement,America/Denver,en_US,en_US,2021-04-14T19:39:28Z,1
005TU4vqRu98dHsY03,Thomas,Baker,Thomas J. Baker,afarlowe,thomas-s.baker.5@crm.example.invalid,thomas.baker.8-5237@example.invalid,Customer Success Manager,Procurement,America/Chicago,en_US,en_US,2024-09-06T07:40:05Z,1
005saydhxcP28XWIZA,Todd,Cummings,Todd T. Cummings,vhollin-,todd-i.cummings.6@crm.example.invalid,todd.cummings.4-5186@example.invalid,Account Director,Sales,America/Chicago,en_US,en_US,2025-05-19T18:53:37Z,1
005vjh2ZrIRqrgrI2H,Corey,Novak,Corey M. Novak,tiverne-,corey-z.novak.7@crm.example.invalid,corey.novak.2-9747@example.invalid,Business Analyst,Sales,America/Los_Angeles,en_US,en_US,2023-08-04T15:30:45Z,1
005lhMYUKPuvXDoIO8,Casey,Leonard,Casey R. Leonard,skelmere,casey-q.leonard.8@crm.example.invalid,casey.leonard.0-2880@example.invalid,Operations Lead,Operations,America/Chicago,en_US,en_US,2021-11-11T02:26:15Z,1
005Nr8mKUnQ3oinATY,Christine,Jones,Christine T. Jones,rmavren-,christine-h.jones.9@crm.example.invalid,christine.jones.0-476@example.invalid,Operations Lead,Customer Success,America/Los_Angeles,en_US,en_US,2024-04-26T23:26:54Z,1
005si8rNhwYkQikIOL,Melissa,King,Melissa C. King,pnorrell,melissa-y.king.10@crm.example.invalid,melissa.king.81-7042@example.invalid,Product Manager,Finance,America/Chicago,en_US,en_US,2024-01-27T08:07:23Z,1
005wmbTnVpYGoJ1AGI,Rachel,Fleming,Rachel A. Fleming,oprynn-e,rachel-p.fleming.11@crm.example.invalid,rachel.fleming.74-0416@example.invalid,Customer Success Manager,Marketing,America/Denver,en_US,en_US,2024-11-10T05:50:06Z,1
005tKyHlBfQhoyvQRI,Mark,Rasmussen,Mark J. Rasmussen,nrellor-,mark-g.rasmussen.12@crm.example.invalid,mark.rasmussen.86-0348@example.invalid,Customer Success Manager,Sales,America/New_York,en_US,en_US,2024-05-03T21:28:13Z,1
005hp0uS7WWG0emI9I,Sara,Diaz,Sara N. Diaz,maldren-,sara-x.diaz.13@crm.example.invalid,sara.diaz.17-8677@example.invalid,Account Director,Operations,America/Los_Angeles,en_US,en_US,2023-03-28T03:15:20Z,1
005MO6uee3FgSiDAVG,Gene,Campbell,Gene T. Campbell,lcorven-,gene-o.campbell.14@crm.example.invalid,gene.campbell.85-2296@example.invalid,Account Director,Marketing,America/Chicago,en_US,en_US,2026-06-15T00:19:13Z,1
005sAEUaULAzZRzQYB,April,Grant,April A. Grant,kesmere-,april-f.grant.15@crm.example.invalid,april.grant.08-2922@example.invalid,Finance Manager,Finance,America/Chicago,en_US,en_US,2023-12-15T19:47:20Z,1
005i8c7j8gCtwTfYQW,Christopher,Hall,Christopher R. Hall,jfarlowe,christopher-w.hall.16@crm.example.invalid,christopher.hall.65-7732@example.invalid,Customer Success Manager,Procurement,America/Denver,en_US,en_US,2025-04-08T23:09:40Z,1
005IQVOfUcHEUsnYPL,Lauren,Pittman,Lauren R. Pittman,ihollin-,lauren-n.pittman.17@crm.example.invalid,lauren.pittman.37-9628@example.invalid,Customer Success Manager,Operations,America/New_York,en_US,en_US,2025-08-28T08:08:09Z,1
005hvPRYHDjoBLOQ3X,Jeffrey,Harrington,Jeffrey A. Harrington,fjassel-,jeffrey-e.harrington.18@crm.example.invalid,jeffrey.harrington.48-7710@example.invalid,Account Director,Procurement,America/New_York,en_US,en_US,2021-02-04T23:46:40Z,0
005yqybzTtVK8u6IOR,Hannah,Garcia,Hannah C. Garcia,ekelmere,hannah-v.garcia.19@crm.example.invalid,hannah.garcia.20-2992@example.invalid,Account Director,Customer Success,America/New_York,en_US,en_US,2021-11-25T16:25:52Z,1
005VOHFbnLYK0gIIP7,Melissa,Ramirez,Melissa M. Ramirez,dmavren-,melissa-m.ramirez.20@crm.example.invalid,melissa.ramirez.40-4546@example.invalid,Solutions Architect,Engineering,America/New_York,en_US,en_US,2023-12-06T14:46:31Z,1
0057jDImegCGqG7YZ2,Shane,Davis,Shane H. Davis,corvell-,shane-d.davis.21@crm.example.invalid,shane.davis.54-862@example.invalid,Engineering Manager,Procurement,America/Los_Angeles,en_US,en_US,2024-08-04T07:24:52Z,0
005xk2KsXa5Ub6fA8M,Jenny,Hooper,Jenny K. Hooper,bprynn-j,jenny-u.hooper.22@crm.example.invalid,jenny.hooper.45-9703@example.invalid,Business Analyst,Procurement,America/Los_Angeles,en_US,en_US,2023-12-17T09:57:24Z,1
005nzeP1FFxSfMhQ5C,Richard,Ray,Richard B. Ray,arellor-,richard-l.ray.23@crm.example.invalid,richard.ray.95-6542@example.invalid,Finance Manager,Engineering,America/Denver,en_US,en_US,2022-06-24T19:44:50Z,1
005LSah1u1GnYGbYOG,Christopher,Thompson,Christopher Z. Thompson,vbelnor-,christopher-b.thompson.24@crm.example.invalid,christopher.thompson.16-1755@example.invalid,Engineering Manager,Finance,America/Chicago,en_US,en_US,2025-08-15T19:09:00Z,1
005s4Xb2ZkbCAMvQEZ,Holly,Mason,Holly A. Mason,tcorven-,holly-s.mason.25@crm.example.invalid,holly.mason.09-2102@example.invalid,Solutions Architect,Engineering,America/New_York,en_US,en_US,2024-02-01T04:03:24Z,1
005ZSIqbJ44gxISAD6,Keith,Cervantes,Keith A. Cervantes,sesmere-,keith-j.cervantes.26@crm.example.invalid,keith.cervantes.97-2252@example.invalid,Engineering Manager,Finance,America/New_York,en_US,en_US,2024-12-20T07:19:07Z,1
0057ufaHufy75ktAX1,Lance,Tran,Lance J. Tran,rgalenor,lance-a.tran.27@crm.example.invalid,lance.tran.08-5911@example.invalid,Business Analyst,Marketing,America/Denver,en_US,en_US,2026-03-14T07:02:01Z,1
005X9VIRE3gtc1zYMH,Justin,Monroe,Justin S. Monroe,phollin-,justin-r.monroe.28@crm.example.invalid,justin.monroe.41-8882@example.invalid,Business Analyst,Finance,America/New_York,en_US,en_US,2021-10-16T19:26:43Z,1
005uhkQoPWOptXZIZE,Renee,Bowen,Renee M. Bowen,ojassel-,renee-i.bowen.29@crm.example.invalid,renee.bowen.13-5774@example.invalid,Account Director,Customer Success,America/Los_Angeles,en_US,en_US,2025-11-29T09:24:09Z,1
0058ltZKG17vpJbQJK,Kelly,Jordan,Kelly A. Jordan,nkelmere,kelly-z.jordan.30@crm.example.invalid,kelly.jordan.23-2701@example.invalid,Product Manager,Engineering,America/New_York,en_US,en_US,2024-07-26T17:46:43Z,0
0056kxsLcWcZ0y6Y1M,Suzanne,Bryant,Suzanne R. Bryant,mmavren-,suzanne-q.bryant.31@crm.example.invalid,suzanne.bryant.02-7951@example.invalid,Product Manager,Customer Success,America/Denver,en_US,en_US,2024-08-20T22:33:14Z,1
005dxKTxH6gxu99IEO,Erica,Fuller,Erica W. Fuller,lorvell-,erica-h.fuller.32@crm.example.invalid,erica.fuller.20-3665@example.invalid,Business Analyst,Operations,America/New_York,en_US,en_US,2022-09-28T04:32:33Z,1
005RHpTOWiLP3HTIID,Krystal,Baker,Krystal J. Baker,kprynn-o,krystal-y.baker.33@crm.example.invalid,krystal.baker.98-8287@example.invalid,Business Analyst,Sales,America/New_York,en_US,en_US,2026-02-10T00:19:38Z,1
0056BILiQX0m1w8QY3,Derek,Watson,Derek E. Watson,jrellor-,derek-p.watson.34@crm.example.invalid,derek.watson.95-0272@example.invalid,Operations Lead,Marketing,America/Denver,en_US,en_US,2021-06-03T13:10:58Z,1
005IKQxHrnOfGBxYIU,Jamie,Willis,Jamie A. Willis,ibelnor-,jamie-g.willis.35@crm.example.invalid,jamie.willis.68-3784@example.invalid,Product Manager,Operations,America/New_York,en_US,en_US,2021-07-30T22:09:26Z,1
005Me1PVqqNBxKJYQP,William,Hayes,William D. Hayes,fcorven-,william-x.hayes.36@crm.example.invalid,william.hayes.29-7828@example.invalid,Product Manager,Customer Success,America/Denver,en_US,en_US,2023-01-09T18:32:53Z,1
005YQJ5uWU8lOKcAT7,Danny,Jordan,Danny M. Jordan,eesmere-,danny-o.jordan.37@crm.example.invalid,danny.jordan.92-9918@example.invalid,Product Manager,Customer Success,America/Los_Angeles,en_US,en_US,2024-01-01T06:03:36Z,1
005oCyN03vzPYXsQE2,Brett,Burke,Brett T. Burke,dgalenor,brett-f.burke.38@crm.example.invalid,brett.burke.20-4407@example.invalid,Customer Success Manager,Operations,America/Chicago,en_US,en_US,2023-09-25T20:30:08Z,1
005xwhqeeWgm4agYMN,Alyssa,Barnes,Alyssa H. Barnes,chollin-,alyssa-w.barnes.39@crm.example.invalid,alyssa.barnes.17-6469@example.invalid,Product Manager,Customer Success,America/Chicago,en_US,en_US,2021-11-21T13:42:20Z,0
005jW0WkCs1awbUYLA,Randall,Smith,Randall J. Smith,bjassel-,randall-n.smith.40@crm.example.invalid,randall.smith.52-1181@example.invalid,Operations Lead,Engineering,America/Denver,en_US,en_US,2022-08-31T06:22:27Z,1
005TIJckr7dVcDJQZF,Laurie,Collier,Laurie A. Collier,alioren-,laurie-e.collier.41@crm.example.invalid,laurie.collier.57-594@example.invalid,Account Director,Operations,America/Denver,en_US,en_US,2024-05-23T17:57:23Z,1
005yjvAMhtwt2EqQ7J,Charles,Marshall,Charles J. Marshall,vmavren-,charles-u.marshall.42@crm.example.invalid,charles.marshall.40-7836@example.invalid,Solutions Architect,Engineering,America/Denver,en_US,en_US,2025-03-29T16:05:13Z,1
005AzSvG3mD63IFAVO,Angela,Cole,Angela D. Cole,torvell-,angela-l.cole.43@crm.example.invalid,angela.cole.45-1206@example.invalid,Engineering Manager,Procurement,America/Denver,en_US,en_US,2022-06-15T01:03:13Z,1
005Vo9gpxbtHjOOIMV,Deborah,Rivera,Deborah A. Rivera,squillen,deborah-c.rivera.44@crm.example.invalid,deborah.rivera.25-4736@example.invalid,Product Manager,Finance,America/Chicago,en_US,en_US,2021-01-05T20:38:01Z,1
0053ucGskT1mdlKYCB,James,Moore,James M. Moore,rrellor-,james-t.moore.45@crm.example.invalid,james.moore.06-0891@example.invalid,Product Manager,Procurement,America/Denver,en_US,en_US,2025-08-22T00:17:32Z,1
005qjJvVPa7zVwrQ4E,Rebecca,Richardson,Rebecca P. Richardson,pbelnor-,rebecca-k.richardson.46@crm.example.invalid,rebecca.richardson.16-8844@example.invalid,Engineering Manager,Sales,America/Denver,en_US,en_US,2021-07-11T11:57:38Z,0
005qOi29J2o9pHYYCI,Randy,Young,Randy T. Young,odenvik-,randy-b.young.47@crm.example.invalid,randy.young.39-457@example.invalid,Product Manager,Customer Success,America/Chicago,en_US,en_US,2024-03-07T23:49:30Z,1
005hfmtBm0piYtTY6K,Mary,Carlson,Mary V. Carlson,nesmere-,mary-s.carlson.48@crm.example.invalid,mary.carlson.49-1813@example.invalid,Engineering Manager,Operations,America/New_York,en_US,en_US,2024-01-25T01:09:40Z,1
005WXEV2UTDr9cIYIW,Allen,Cooper,Allen J. Cooper,mgalenor,allen-j.cooper.49@crm.example.invalid,allen.cooper.67-178@example.invalid,Solutions Architect,Customer Success,America/Denver,en_US,en_US,2023-07-01T11:44:17Z,1
005qHMyq30JstsGA5N,Benjamin,Mitchell,Benjamin P. Mitchell,liverne-,benjamin-a.mitchell.50@crm.example.invalid,benjamin.mitchell.93-6862@example.invalid,Engineering Manager,Finance,America/New_York,en_US,en_US,2021-11-29T19:27:14Z,1
005qptAZodwwrZzYUF,Scott,Williams,Scott F. Williams,kjassel-,scott-r.williams.51@crm.example.invalid,scott.williams.75-0690@example.invalid,Engineering Manager,Customer Success,America/New_York,en_US,en_US,2023-12-16T09:53:27Z,0
0056Go3C6Dl0bjnQEY,Alyssa,Edwards,Alyssa A. Edwards,jlioren-,alyssa-i.edwards.52@crm.example.invalid,alyssa.edwards.36-6376@example.invalid,Customer Success Manager,Engineering,America/Chicago,en_US,en_US,2023-10-30T04:58:05Z,0
005k3rdmx8LrOE0AIT,Jenna,Vance,Jenna R. Vance,imavren-,jenna-z.vance.53@crm.example.invalid,jenna.vance.07-1304@example.invalid,Finance Manager,Marketing,America/Los_Angeles,en_US,en_US,2022-01-02T14:55:10Z,1
0051j8xdsf40yysQI6,Charles,Day,Charles R. Day,forvell-,charles-q.day.54@crm.example.invalid,charles.day.26-8670@example.invalid,Finance Manager,Engineering,America/Denver,en_US,en_US,2021-07-26T13:01:03Z,1
005G7PmEiXypty3IQL,Clarence,Vargas,Clarence J. Vargas,equillen,clarence-h.vargas.55@crm.example.invalid,clarence.vargas.94-5528@example.invalid,Product Manager,Customer Success,America/Denver,en_US,en_US,2021-03-07T16:45:06Z,1
005NradmkgHLf0bIJ5,Catherine,Hensley,Catherine S. Hensley,drellor-,catherine-y.hensley.56@crm.example.invalid,catherine.hensley.87-453@example.invalid,Account Director,Engineering,America/New_York,en_US,en_US,2021-05-09T00:43:50Z,1
005btAWhiiwsSYtA2R,Steven,Jimenez,Steven S. Jimenez,cbelnor-,steven-p.jimenez.57@crm.example.invalid,steven.jimenez.69-3460@example.invalid,Finance Manager,Sales,America/New_York,en_US,en_US,2021-10-28T19:28:47Z,1
005gMY3fFnSvHOzQLX,William,Bryan,William D. Bryan,bdenvik-,william-g.bryan.58@crm.example.invalid,william.bryan.74-7793@example.invalid,Product Manager,Marketing,America/Los_Angeles,en_US,en_US,2026-05-18T18:32:44Z,1
005qn7LR76DmPdbQZN,Amanda,Wells,Amanda J. Wells,aesmere-,amanda-x.wells.59@crm.example.invalid,amanda.wells.86-6968@example.invalid,Product Manager,Customer Success,America/New_York,en_US,en_US,2023-10-23T20:58:12Z,1
005dY26xUNDmki4A5N,Robert,Jenkins,Robert C. Jenkins,vgalenor,robert-n.jenkins.60@crm.example.invalid,robert.jenkins.51-4449@example.invalid,Account Director,Sales,America/Chicago,en_US,en_US,2025-03-12T14:19:02Z,1
0059B3E38iAWjGzQHX,Kellie,Vaughn,Kellie N. Vaughn,tiverne-,kellie-e.vaughn.61@crm.example.invalid,kellie.vaughn.19-0180@example.invalid,Solutions Architect,Customer Success,America/Chicago,en_US,en_US,2023-08-18T02:43:22Z,1
005W8vdEbVdzOCdA62,Brent,Little,Brent C. Little,sjassel-,brent-v.little.62@crm.example.invalid,brent.little.96-2649@example.invalid,Finance Manager,Customer Success,America/Chicago,en_US,en_US,2025-02-25T07:46:04Z,1
005lGkJeYS6wczpY2Q,Jacob,Mcdowell,Jacob M. Mcdowell,rlioren-,jacob-m.mcdowell.63@crm.example.invalid,jacob.mcdowell.27-7746@example.invalid,Solutions Architect,Sales,America/Los_Angeles,en_US,en_US,2025-01-03T11:28:41Z,1
0057pBBoeyfvmpBIQ5,Thomas,Smith,Thomas A. Smith,pnorrell,thomas-d.smith.64@crm.example.invalid,thomas.smith.44-0843@example.invalid,Customer Success Manager,Procurement,America/Chicago,en_US,en_US,2025-10-28T00:22:16Z,1
005HaJ2hmBAEZjjA5K,Katherine,Gill,Katherine R. Gill,oorvell-,katherine-u.gill.65@crm.example.invalid,katherine.gill.84-0187@example.invalid,Account Director,Engineering,America/New_York,en_US,en_US,2021-07-03T16:41:16Z,1
005XE0YLnoIgg8hAV9,Robert,Hansen,Robert C. Hansen,nquillen,robert-l.hansen.66@crm.example.invalid,robert.hansen.45-2443@example.invalid,Account Director,Sales,America/Chicago,en_US,en_US,2023-03-10T05:22:32Z,0
005NvlW1Gc9rLAVAYL,Victoria,Rice,Victoria V. Rice,maldren-,victoria-c.rice.67@crm.example.invalid,victoria.rice.74-4262@example.invalid,Operations Lead,Finance,America/New_York,en_US,en_US,2021-03-13T15:23:45Z,1
005xEqNFzxKXya6IGV,Bradley,Young,Bradley K. Young,lbelnor-,bradley-t.young.68@crm.example.invalid,bradley.young.05-6513@example.invalid,Engineering Manager,Customer Success,America/Chicago,en_US,en_US,2022-04-08T15:31:46Z,1
005YLX0oRwAflvAQZO,Ricky,Bennett,Ricky R. Bennett,kdenvik-,ricky-k.bennett.69@crm.example.invalid,ricky.bennett.67-3500@example.invalid,Engineering Manager,Engineering,America/Denver,en_US,en_US,2022-02-28T23:25:24Z,1
005uepIIzxcmHrDI1O,Angelica,Clark,Angelica B. Clark,jfarlowe,angelica-b.clark.70@crm.example.invalid,angelica.clark.14-8785@example.invalid,Engineering Manager,Procurement,America/Chicago,en_US,en_US,2023-04-18T14:04:01Z,1
0059KOlyv6HX5EpYQY,Michelle,Smith,Michelle D. Smith,igalenor,michelle-s.smith.71@crm.example.invalid,michelle.smith.99-0959@example.invalid,Solutions Architect,Procurement,America/Denver,en_US,en_US,2021-01-28T06:05:56Z,1
005QCiUGxJnyyOsY12,Brandon,Gutierrez,Brandon S. Gutierrez,fiverne-,brandon-j.gutierrez.72@crm.example.invalid,brandon.gutierrez.22-7015@example.invalid,Account Director,Procurement,America/Chicago,en_US,en_US,2022-12-14T23:59:27Z,1
005lJuJ789IRmEmQF4,Lisa,Norton,Lisa T. Norton,ekelmere,lisa-a.norton.73@crm.example.invalid,lisa.norton.21-0159@example.invalid,Solutions Architect,Sales,America/New_York,en_US,en_US,2021-01-04T16:48:58Z,1
005YbujEVi8pPHuINT,Paige,Nelson,Paige K. Nelson,dlioren-,paige-r.nelson.74@crm.example.invalid,paige.nelson.30-3476@example.invalid,Business Analyst,Sales,America/Chicago,en_US,en_US,2023-06-20T21:15:42Z,1
005NNPdRteBuQ8BA3A,Samuel,Peterson,Samuel T. Peterson,cnorrell,samuel-i.peterson.75@crm.example.invalid,samuel.peterson.25-4224@example.invalid,Finance Manager,Finance,America/Los_Angeles,en_US,en_US,2026-02-20T05:01:40Z,1
005KOXaAvBmat2fYFA,Christopher,Cole,Christopher L. Cole,borvell-,christopher-z.cole.76@crm.example.invalid,christopher.cole.99-9362@example.invalid,Solutions Architect,Operations,America/Chicago,en_US,en_US,2023-11-13T10:31:14Z,1
005pAoa72XGI02qYGZ,Bryan,Hill,Bryan T. Hill,aquillen,bryan-q.hill.77@crm.example.invalid,bryan.hill.18-1012@example.invalid,Finance Manager,Marketing,America/Chicago,en_US,en_US,2023-09-06T15:30:01Z,1
005LrfdIjIayQZ0A6D,Timothy,Oconnell,Timothy R. Oconnell,valdren-,timothy-g.oconnell.78@crm.example.invalid,timothy.oconnell.18-4523@example.invalid,Solutions Architect,Engineering,America/Los_Angeles,en_US,en_US,2022-07-18T12:00:52Z,1
005d0g2Kl3pjR5TIFK,Charles,Aguilar,Charles M. Aguilar,tbelnor-,charles-x.aguilar.79@crm.example.invalid,charles.aguilar.27-0794@example.invalid,Business Analyst,Procurement,America/Los_Angeles,en_US,en_US,2022-10-29T16:32:42Z,1
0055EGfQDBgoAh8IFH,Edward,Webb,Edward J. Webb,sdenvik-,edward-o.webb.80@crm.example.invalid,edward.webb.19-1030@example.invalid,Business Analyst,Customer Success,America/Los_Angeles,en_US,en_US,2024-06-08T04:45:51Z,0
0059cNiXLcpBkagI2J,Sarah,Black,Sarah R. Black,rfarlowe,sarah-f.black.81@crm.example.invalid,sarah.black.29-0717@example.invalid,Engineering Manager,Engineering,America/Denver,en_US,en_US,2025-02-13T01:34:34Z,1
005ftlxDfFrLcpCQHP,Jose,Rose,Jose M. Rose,pgalenor,jose-w.rose.82@crm.example.invalid,jose.rose.66-7961@example.invalid,Finance Manager,Operations,America/New_York,en_US,en_US,2022-03-11T17:37:08Z,1
005BLrN0FAgafzHY2K,Heather,Peters,Heather A. Peters,oiverne-,heather-n.peters.83@crm.example.invalid,heather.peters.86-831@example.invalid,Operations Lead,Sales,America/Chicago,en_US,en_US,2023-03-27T07:16:17Z,1
005pFLSqKe2EKv0Q0O,Gary,Cunningham,Gary R. Cunningham,nkelmere,gary-e.cunningham.84@crm.example.invalid,gary.cunningham.27-680@example.invalid,Operations Lead,Engineering,America/Chicago,en_US,en_US,2024-12-05T03:42:37Z,1
005mKVeNm7pzbbYYYT,Jason,Callahan,Jason K. Callahan,mlioren-,jason-v.callahan.85@crm.example.invalid,jason.callahan.35-8991@example.invalid,Finance Manager,Sales,America/Denver,en_US,en_US,2024-03-17T10:48:11Z,1
005RuPGFXVl50YyAI2,Jennifer,Juarez,Jennifer M. Juarez,lnorrell,jennifer-m.juarez.86@crm.example.invalid,jennifer.juarez.26-8775@example.invalid,Product Manager,Engineering,America/Chicago,en_US,en_US,2024-04-23T09:49:13Z,1
005hTpAX3O60UK0AAJ,Marcus,Morgan,Marcus B. Morgan,kprynn-b,marcus-d.morgan.87@crm.example.invalid,marcus.morgan.06-0484@example.invalid,Engineering Manager,Customer Success,America/New_York,en_US,en_US,2022-09-05T06:46:11Z,1
005BCXqjz5iaMXwQAL,Holly,Patterson,Holly J. Patterson,jquillen,holly-u.patterson.88@crm.example.invalid,holly.patterson.09-877@example.invalid,Product Manager,Finance,America/Los_Angeles,en_US,en_US,2022-12-18T18:13:06Z,1
005ifKSPcGiOhecIJG,Douglas,Bishop,Douglas J. Bishop,ialdren-,douglas-l.bishop.89@crm.example.invalid,douglas.bishop.01-615@example.invalid,Customer Success Manager,Marketing,America/Los_Angeles,en_US,en_US,2023-09-16T21:42:45Z,1
