Id,TeamMemberRole,AccountAccessLevel,OpportunityAccessLevel,CaseAccessLevel,CreatedDate,AccountId,UserId
01M3lfDf33ElnGlMT8,Sales Engineer,Edit,Read,Edit,2022-11-10T17:40:39Z,001bEjr0cyFC7SBAXL,005RuPGFXVl50YyAI2
01MtVDRN2RQvzOjUHJ,Executive Sponsor,Edit,Read,Edit,2025-03-04T16:48:14Z,001PuTTthcGKMiPQUX,0056kxsLcWcZ0y6Y1M
01Mgq31lh6WLAM8MKV,Support,Edit,Read,Read,2021-03-07T07:54:18Z,001F0HyTq0ZVe9LIP9,005IKQxHrnOfGBxYIU
01MXGU3TCSR6V5EU2W,Support,Edit,Read,Read,2021-11-08T19:47:25Z,001GvUdh6yZWB0wIIH,0056BILiQX0m1w8QY3
01MFPgaUYM949RNE48,Sales Engineer,Edit,Read,Read,2026-05-23T12:37:44Z,001g2MhymLdN59YQJG,005G7PmEiXypty3IQL
01Mq02yQncHqQKMMAZ,Sales Engineer,Read,Edit,Edit,2023-09-07T06:03:48Z,001j7iSsvqojgmCYMF,005xwhqeeWgm4agYMN
01MHB8CGLTIT9kDM8P,Sales Engineer,Read,Read,Read,2021-04-02T18:11:16Z,001sS1Mj9gSLRavQC2,0051j8xdsf40yysQI6
01MeN8LddpCzQOKMF4,Sales Engineer,Read,Edit,Read,2022-10-28T18:06:57Z,001QlR8r1Q5bRm4IG1,005RHpTOWiLP3HTIID
01MfB4wJIJ0tDzqEYX,Executive Sponsor,Edit,Read,Edit,2023-07-05T00:43:06Z,001apZYag4darBdYRL,005X9VIRE3gtc1zYMH
01MChr7qkIUXXBfEA7,Support,Read,Edit,Edit,2023-09-07T12:14:19Z,001Ivp9E6TmWQvuQ35,005G7PmEiXypty3IQL
01Msy9omWeIbPX1E9C,Account Manager,Edit,Edit,Edit,2023-09-16T23:46:32Z,001ChwEVGrfK5bMI0W,0051j8xdsf40yysQI6
01MOvqLnANejsrBU57,Account Manager,Edit,Read,Read,2023-08-31T13:34:56Z,001tvKQbYklnB9tY2P,005yqybzTtVK8u6IOR
01M32qe4lgtJPfbM6Y,Sales Engineer,Read,Edit,Read,2024-12-27T18:12:26Z,001S6Q42Y1rkKzpYHW,005uepIIzxcmHrDI1O
01M9ztk5V29KAbCE39,Support,Edit,Read,Edit,2021-05-18T12:32:33Z,001tvKQbYklnB9tY2P,005W8vdEbVdzOCdA62
01MXwYn7IP6MqvN2O5,Executive Sponsor,Edit,Edit,Edit,2024-05-27T06:00:25Z,001FChipDL8FyVaQQG,005LSah1u1GnYGbYOG
01MBo7mvDQtWW0fUH4,Support,Edit,Edit,Read,2021-08-25T02:25:35Z,001tvKQbYklnB9tY2P,005k3rdmx8LrOE0AIT
01MzCvjrrNjTAe7EO5,Account Manager,Edit,Edit,Edit,2026-02-28T00:58:04Z,0011Ah4A4sWSLAjA4O,005si8rNhwYkQikIOL
01MSYj3xcd5ouxE2RU,Account Manager,Edit,Read,Edit,2022-08-04T06:28:20Z,001o5vm8lqkBKW6I3B,005RuPGFXVl50YyAI2
01Mxdpqq76s8MzWM1P,Account Manager,Read,Read,Edit,2022-07-01T07:53:22Z,001JTximtecXZZ0IK7,005NradmkgHLf0bIJ5
01MQpg07SzMSGAu2I9,Executive Sponsor,Read,Read,Read,2023-02-28T20:35:29Z,001wZQxrqs61HJWYCI,005XE0YLnoIgg8hAV9
01MqkWQVrHI4VCs2YC,Account Manager,Edit,Read,Edit,2026-02-05T04:52:32Z,001GvUdh6yZWB0wIIH,005dY26xUNDmki4A5N
01M2JLKX548bGkpUYR,Executive Sponsor,Edit,Read,Read,2026-05-21T17:14:53Z,001OphrQTgtGmAPIMC,0051j8xdsf40yysQI6
01MLdS8Zr5K7JvgMAB,Support,Read,Edit,Edit,2023-02-04T13:44:21Z,001Dr3VLTdygyPzIUT,0057jDImegCGqG7YZ2
01M28w4A5gRWXyjUJU,Executive Sponsor,Edit,Read,Read,2023-06-01T06:48:22Z,001JM45YOxOPMdeQIO,005Nr8mKUnQ3oinATY
01MmynkXl8shDo6MDE,Account Manager,Edit,Edit,Read,2025-06-08T23:29:04Z,001DmIO5EqT4tawY4D,005G7PmEiXypty3IQL
01M2gNwFGVxEuglUAV,Executive Sponsor,Read,Read,Read,2024-01-20T02:25:09Z,001OPCPaC5KbkUKAXY,0056kxsLcWcZ0y6Y1M
01MIOPBHK57dJt2UH3,Executive Sponsor,Read,Read,Edit,2022-11-08T20:11:18Z,0016bs349lxRsmUQ0V,005k3rdmx8LrOE0AIT
01MGmySrrvTnK26UNQ,Sales Engineer,Edit,Edit,Read,2026-05-01T22:04:06Z,001glCFlySRS0fOQ6X,0059cNiXLcpBkagI2J
01MeAAgc0nKab6OE0C,Support,Read,Edit,Read,2025-01-30T20:29:36Z,001yvWhfz01vDWFY3M,005jW0WkCs1awbUYLA
01MLQqHuFJo9QvTUX2,Sales Engineer,Edit,Read,Read,2023-09-27T08:12:07Z,001Ivp9E6TmWQvuQ35,005uhkQoPWOptXZIZE
01MtW9RZk1ERsb32PN,Executive Sponsor,Read,Read,Edit,2023-05-03T08:37:23Z,001mmu9iYNsqBnfYFC,005YLX0oRwAflvAQZO
01MFrhzzrL9hVTyUNY,Executive Sponsor,Read,Read,Read,2022-03-07T21:29:46Z,001ZBID6zyXHdcLAAH,0058ltZKG17vpJbQJK
01M7ooAZ98yMcbOUWC,Account Manager,Edit,Read,Read,2026-05-14T17:39:55Z,001zC4hdWCH77CfYVC,005ZSIqbJ44gxISAD6
01Mczi4ZfcZEMK3ERF,Executive Sponsor,Read,Read,Read,2021-11-05T08:36:01Z,001OyqT9LtQtE0fYGU,005ftlxDfFrLcpCQHP
01M7nSgxaBMXVs22Q9,Account Manager,Edit,Read,Read,2025-01-24T11:53:48Z,001rfSg90dRC6Q8Q6D,0056BILiQX0m1w8QY3
01MU5OALKYYYgw4UJ5,Account Manager,Read,Edit,Edit,2023-05-02T20:02:02Z,001EzVzzzPDO3QjIJG,005xwhqeeWgm4agYMN
01MQzxDME4WFAhfMB4,Support,Edit,Read,Edit,2022-04-22T03:02:36Z,001wXq5LbckG7u9AEU,005hp0uS7WWG0emI9I
01MeigaeyqUymEQ2L8,Sales Engineer,Edit,Read,Edit,2021-08-23T06:38:04Z,001IQ2ziiojxbf8YX5,005pAoa72XGI02qYGZ
01MpLTguy3LuwKrMIJ,Account Manager,Read,Edit,Edit,2026-01-08T07:49:05Z,001mOakw0eBtWL3I8G,0059cNiXLcpBkagI2J
01Mn2MnGUErvgiXMDY,Sales Engineer,Read,Edit,Read,2021-07-09T03:59:24Z,001JTximtecXZZ0IK7,005xEqNFzxKXya6IGV
01Mb25ihuNl5fpfMH5,Account Manager,Read,Read,Edit,2024-08-21T09:01:55Z,001ltvwfHnMcdhbAJS,005si8rNhwYkQikIOL
01MXA9tXXTvpTbhE0O,Support,Read,Edit,Read,2024-06-03T03:23:48Z,001s7ZyiePrkNHmYX9,005si8rNhwYkQikIOL
01MhdSJXsuWZt7lUXH,Sales Engineer,Edit,Edit,Edit,2022-10-23T15:40:08Z,001CmyWD3JXNdXOAM9,005gMY3fFnSvHOzQLX
01M8KKB8IW75yhTUUZ,Sales Engineer,Read,Read,Edit,2025-07-01T01:47:09Z,001RPYkI2OuKjJ4ACQ,005G7PmEiXypty3IQL
01M9fut1gMV8NruUZL,Executive Sponsor,Edit,Read,Read,2023-05-26T07:32:03Z,001tvKQbYklnB9tY2P,005YbujEVi8pPHuINT
01MZ5spzMCl3GqpEFC,Support,Read,Edit,Read,2024-07-14T09:24:00Z,001acV09mYJcIa6YCV,005lJuJ789IRmEmQF4
01MUgLhzoLb3mSqU1E,Sales Engineer,Edit,Edit,Read,2021-11-29T00:50:42Z,0015Cr2vcIsO2EGY08,005k3rdmx8LrOE0AIT
01MemgILePlIpUJ261,Support,Read,Read,Edit,2025-04-20T11:18:21Z,001CtKb9oj7o8JaYFV,005TU4vqRu98dHsY03
01MKfJQFJXnF4ViE39,Account Manager,Read,Edit,Edit,2022-08-23T13:17:02Z,001tvKQbYklnB9tY2P,005i8c7j8gCtwTfYQW
01MIDz7MSsoi75sUDZ,Executive Sponsor,Edit,Read,Read,2024-02-11T05:30:20Z,001jIiXAhBEHXIPYQP,005NvlW1Gc9rLAVAYL
01MJVnBlqytJaXB2R8,Account Manager,Read,Read,Read,2024-11-12T10:35:33Z,001Q3kntrifzyYWI62,005jW0WkCs1awbUYLA
01MbKmbaE3y854SE4J,Sales Engineer,Edit,Edit,Edit,2024-01-17T19:31:00Z,001JM45YOxOPMdeQIO,005xwhqeeWgm4agYMN
01Mbky5KzOhpW7iE7I,Sales Engineer,Edit,Read,Read,2024-07-06T16:05:23Z,001ULTfosWQTQf5QW1,005lJuJ789IRmEmQF4
01MdPmZ6batBPx7M31,Support,Edit,Read,Edit,2024-06-11T10:43:40Z,001o5vm8lqkBKW6I3B,005i8c7j8gCtwTfYQW
01Me3Zj3rCOas8UEVM,Sales Engineer,Read,Read,Read,2026-01-15T17:15:29Z,001NlUpPvRS2wnzIYM,005IKQxHrnOfGBxYIU
01MT0l0nH9Q5PpdUNC,Executive Sponsor,Read,Edit,Read,2024-12-09T19:36:58Z,001cnLEQk5pZMibQH2,005ftlxDfFrLcpCQHP
01M4FmY74Y7R7w0E57,Executive Sponsor,Read,Edit,Edit,2021-04-21T07:23:42Z,001eE3A4cmn7G2gIHB,005ZSIqbJ44gxISAD6
01MaxZG1uj5zAXmMF8,Executive Sponsor,Read,Read,Read,2025-05-20T12:49:29Z,001s7ZyiePrkNHmYX9,0057jDImegCGqG7YZ2
01M6XBfdpDy33u6UYJ,Account Manager,Edit,Read,Read,2022-04-17T16:54:13Z,001rayeK09xezjmQSY,005yrzZ2QLuB1ZZYH4
01MVkIaP6JdUcvZ2ZT,Sales Engineer,Edit,Read,Read,2022-11-21T13:08:21Z,001tvKQbYklnB9tY2P,005X9VIRE3gtc1zYMH
01MaK12tAvuOYVgEK4,Account Manager,Edit,Edit,Edit,2023-08-24T08:38:59Z,001JTximtecXZZ0IK7,0058ltZKG17vpJbQJK
01MledtYfYUBBkWUJ6,Executive Sponsor,Edit,Edit,Edit,2023-01-01T04:03:02Z,001zKmRfZNU4LdqIBJ,005k3rdmx8LrOE0AIT
01M786qHXAOmPMzMIP,Support,Read,Read,Edit,2024-12-16T20:41:22Z,001rayeK09xezjmQSY,005MO6uee3FgSiDAVG
01MnAt6n4EDWpgnMUC,Sales Engineer,Edit,Read,Edit,2024-02-02T05:58:50Z,001IQ2ziiojxbf8YX5,0057pBBoeyfvmpBIQ5
01MkFSK1JPeoZ9UMJK,Account Manager,Read,Read,Read,2024-05-25T03:13:08Z,0017R1i3b17QyDUAUX,005pAoa72XGI02qYGZ
01MUZwSiezBpsjPMHP,Account Manager,Read,Edit,Edit,2022-06-09T18:15:33Z,001tvKQbYklnB9tY2P,005G7PmEiXypty3IQL
01MfQilBU0Iu49L2JY,Account Manager,Read,Read,Read,2026-02-25T09:03:02Z,001g6qzdBj5dugTI7C,005XE0YLnoIgg8hAV9
01MBH2HypAiJ24J2AU,Sales Engineer,Read,Read,Edit,2025-01-26T18:01:51Z,001qD5B1fJ8KUKBIVO,005hfmtBm0piYtTY6K
01M3rVTbPMzZlPnUL5,Sales Engineer,Edit,Read,Read,2025-10-09T07:39:21Z,001mKhmK3YHBLkpIFQ,005LSah1u1GnYGbYOG
01MQ8cj9ef2fDQSMUA,Support,Read,Edit,Edit,2021-05-15T15:57:37Z,001CmyWD3JXNdXOAM9,005hTpAX3O60UK0AAJ
01M2fcTHAKDcIncEVU,Sales Engineer,Read,Edit,Edit,2022-02-14T22:32:00Z,001L6QQcpJ1qXB2Y62,005BLrN0FAgafzHY2K
01Mpm2PTsg3lCsd2WX,Executive Sponsor,Read,Edit,Edit,2022-06-29T07:09:13Z,001upirIJhb5AGBA5J,0057jDImegCGqG7YZ2
01MOnafYfO8HZoD2QA,Sales Engineer,Edit,Edit,Edit,2021-06-05T04:24:21Z,001tvKQbYklnB9tY2P,005uhkQoPWOptXZIZE
01MBqkgQy6cz2pY20D,Support,Read,Edit,Read,2021-12-05T11:38:57Z,001ViLIuvoOkEvIYR2,005hp0uS7WWG0emI9I
01M63fVELUZFTm3MYE,Executive Sponsor,Edit,Read,Edit,2022-12-10T02:49:43Z,0016z7B3rnZB3aZYDJ,005MO6uee3FgSiDAVG
01Mg3UXmConrbHk2K8,Account Manager,Edit,Edit,Edit,2021-08-13T07:09:45Z,0018MjZShtig55PAG6,005sAEUaULAzZRzQYB
01MNEVf1T4esOajELR,Executive Sponsor,Read,Edit,Edit,2024-03-06T23:40:04Z,001Ekc6ysmrBHJMQF2,0059cNiXLcpBkagI2J
01Mjgz9vUl9808PET3,Sales Engineer,Edit,Edit,Read,2023-05-08T21:44:32Z,001Hmzu237idVEDY59,005IKQxHrnOfGBxYIU
01M0lMhETN97HOTUFA,Sales Engineer,Read,Read,Edit,2022-01-07T20:19:12Z,001TBaHImIEtjplQN7,005LSah1u1GnYGbYOG
01MKXxEvJdp160nEXE,Support,Read,Read,Read,2026-03-13T13:26:27Z,001tvKQbYklnB9tY2P,005KOXaAvBmat2fYFA
01MUhsuuaRsBgiTUSV,Support,Read,Read,Read,2022-08-09T02:19:05Z,0011JBrPJ5YTub6QBD,0057jDImegCGqG7YZ2
01Mr7BTSfmBr9Fh28W,Account Manager,Read,Edit,Edit,2021-06-21T18:02:12Z,001wOS4RTezb6AxY4U,005uhkQoPWOptXZIZE
01MgtZaUXXZQqzxEWO,Sales Engineer,Edit,Read,Edit,2021-08-19T16:07:16Z,00180qOlX8UtZ7HQTK,005hTpAX3O60UK0AAJ
01Mp3svjbZccL4K2KA,Support,Read,Edit,Read,2021-08-04T00:04:32Z,001TgK7Trt797foQCB,005X9VIRE3gtc1zYMH
01MwTXvsYN77f5WEDD,Executive Sponsor,Edit,Edit,Read,2021-07-24T08:49:08Z,001dbHSEev61SnuI4N,005IKQxHrnOfGBxYIU
01MuDF2PYe1o6AfMZZ,Executive Sponsor,Read,Edit,Edit,2025-08-18T11:16:28Z,001vYy7997Ekj5pAHO,005NvlW1Gc9rLAVAYL
01Ms3ktVSPZimJwEM6,Sales Engineer,Edit,Edit,Edit,2026-02-26T16:46:31Z,001O8ZWUKMYoipYYQ7,005lGkJeYS6wczpY2Q
01MKmaBFNx5GI1KMZI,Executive Sponsor,Edit,Read,Edit,2023-11-27T01:35:10Z,001kpkteJ4XLaaYQTV,005G7PmEiXypty3IQL
01M5FjaODbrZnrd21J,Account Manager,Read,Read,Edit,2026-01-02T00:22:39Z,001PuTTthcGKMiPQUX,005NvlW1Gc9rLAVAYL
01MHLNJDmspZdf32T4,Account Manager,Read,Edit,Read,2023-06-28T00:38:04Z,001JiaHmTdr5UrJQQJ,005Me1PVqqNBxKJYQP
01MQ3h8z9WC7rBFELC,Account Manager,Edit,Read,Edit,2024-01-22T23:21:49Z,001RGWydjko0QMRY5C,005lkwCvvs1NKzQIH0
01MEA3G9WeOjqASM7U,Account Manager,Edit,Read,Read,2024-07-01T18:25:29Z,001F0HyTq0ZVe9LIP9,005MO6uee3FgSiDAVG
01M2wU7n9bUw6DfEIB,Sales Engineer,Read,Edit,Edit,2021-12-02T05:00:59Z,001GJ2vwlaXONX0IFT,0055EGfQDBgoAh8IFH
01MqHo5nAGG1ygH25F,Support,Edit,Read,Edit,2023-04-23T21:35:28Z,001fPZTPr8lY6HWABF,005hTpAX3O60UK0AAJ
01Mq9tDBJiBpLpqU7P,Sales Engineer,Edit,Edit,Read,2021-10-14T03:00:11Z,001Nq19y9hHnEHcAPQ,005yrzZ2QLuB1ZZYH4
01MUV9n2zXOZuPIU7T,Sales Engineer,Edit,Read,Edit,2025-07-05T19:09:38Z,001X3Yql9lqICvlQUO,005xEqNFzxKXya6IGV
01MFaqjO93miVo62WQ,Support,Read,Edit,Read,2021-11-22T11:40:38Z,001FUJDI7PYzDeCQBR,005RuPGFXVl50YyAI2
01M0R6aGk7J6sih2LQ,Executive Sponsor,Edit,Edit,Edit,2023-10-13T16:26:54Z,001BH0vNAlwEWFXALI,005RHpTOWiLP3HTIID
01MvwamjdmGrjWg2O7,Executive Sponsor,Read,Edit,Edit,2022-04-17T10:16:22Z,001EocC12jSBhyyIOU,005wmbTnVpYGoJ1AGI
01MmxnLD5nv3UN2294,Support,Edit,Edit,Edit,2025-07-16T06:18:28Z,001Z9FmqrbfBXeVI9A,005pAoa72XGI02qYGZ
01MXvkwfMAvTJg3EVD,Support,Edit,Edit,Edit,2026-01-30T08:21:20Z,001MfuiALipgsrAIEL,005NradmkgHLf0bIJ5
01ML3JDZoZyMIOT2ZJ,Support,Read,Edit,Edit,2022-08-25T19:18:55Z,001Mpyhcy0YjCuyQPK,0057jDImegCGqG7YZ2
01MP18za7POGPwEUD8,Sales Engineer,Edit,Edit,Read,2025-05-28T04:32:44Z,001yGC8xttQVvNRYNT,005Nr8mKUnQ3oinATY
01MLD0A2akjhGQ3201,Account Manager,Edit,Edit,Read,2023-10-21T14:40:02Z,001GjfBhJ295BInY2G,005wmbTnVpYGoJ1AGI
01M748TeXPITopcU2U,Account Manager,Read,Read,Read,2024-01-17T19:29:03Z,001aRI7kJhlvTf0QY9,0051j8xdsf40yysQI6
01MuPQB3bCmeTlvE52,Sales Engineer,Edit,Read,Read,2024-04-01T09:38:53Z,001h3qGmTCLTLLkQZJ,005yqybzTtVK8u6IOR
01MDW4FNH99ybtX24J,Support,Read,Read,Edit,2024-11-08T18:42:08Z,00173EM2FNl8MMUQT9,005hTpAX3O60UK0AAJ
01Mz2H9YQ4qoOdc2BK,Account Manager,Read,Read,Read,2024-10-06T14:16:53Z,0018MjZShtig55PAG6,0059cNiXLcpBkagI2J
01MHGjYeLc2OkmkM6O,Executive Sponsor,Read,Edit,Edit,2025-08-28T15:38:59Z,0018haifivYezP7QUH,005hvPRYHDjoBLOQ3X
01MKAUVBGkivplHE4L,Account Manager,Edit,Read,Edit,2025-08-24T06:19:35Z,00134kztbICJD2tYCZ,005VOHFbnLYK0gIIP7
01MuekGMBEShyjrEIC,Support,Read,Read,Read,2024-08-13T06:01:57Z,001ibK3DfU4t31gYAM,0059cNiXLcpBkagI2J
01MG8adCMLlMDRB2BS,Executive Sponsor,Edit,Edit,Read,2022-05-30T01:48:21Z,001H8DiQNUTC9JGQA0,0055EGfQDBgoAh8IFH
01MBFblX7XR1aELU49,Sales Engineer,Edit,Edit,Read,2021-04-21T17:19:12Z,001ax6fYCGAkn42YO7,005Vo9gpxbtHjOOIMV
01MC79Oj4U0djMJMXK,Account Manager,Edit,Read,Edit,2026-03-02T00:38:28Z,001yVmlwCnpWY0fA4W,005MO6uee3FgSiDAVG
01MlH8MJRskEtU4EBD,Sales Engineer,Read,Edit,Edit,2022-12-05T08:12:59Z,0018YzqdxvbgCoaYQU,0057jDImegCGqG7YZ2
01MN3H2RRotj70M25R,Account Manager,Read,Read,Read,2021-05-19T12:11:37Z,0010WdqUBYu4EriIM6,005hTpAX3O60UK0AAJ
01MJLySdvu15hYXUNZ,Executive Sponsor,Edit,Edit,Edit,2024-01-07T06:07:15Z,001KInyPfEAkhgcQEO,005lkwCvvs1NKzQIH0
01MZqoNSmLpQulbMTU,Executive Sponsor,Read,Read,Edit,2022-05-05T12:42:36Z,001M2rDfuFzN9SZI6R,005xwhqeeWgm4agYMN
01MHQctmbHeqFwQE7O,Sales Engineer,Read,Read,Read,2021-04-01T20:48:27Z,001FdhXK9A63y9AILQ,005X9VIRE3gtc1zYMH
01M8rf3VublUmZrEJD,Account Manager,Read,Edit,Read,2021-11-14T05:32:25Z,00142tCTlA12GP8QFU,005pAoa72XGI02qYGZ
01MD4ctxPvccgtEUG2,Support,Read,Read,Edit,2025-10-26T04:32:19Z,001EocC12jSBhyyIOU,0051j8xdsf40yysQI6
01MY3ik0g8pcj0aEUQ,Sales Engineer,Read,Edit,Edit,2023-01-31T16:27:06Z,001yU1qilS2HtnNQUW,005yrzZ2QLuB1ZZYH4
01MUvlX51HbgdQlEBY,Support,Read,Edit,Edit,2025-03-30T13:10:50Z,001vXGsLaTZksTjQHC,005KOXaAvBmat2fYFA
01M5J72MCi8UperM3X,Sales Engineer,Edit,Edit,Read,2025-01-22T01:48:26Z,0014BI0PTpGJAb4ICJ,005hvPRYHDjoBLOQ3X
01MwHS5OGG1L9EaEEW,Sales Engineer,Edit,Read,Edit,2021-02-02T22:47:51Z,00195IoHhooLntmYBW,005LSah1u1GnYGbYOG
01MxpX1Qt2VUcGJ2EE,Executive Sponsor,Edit,Edit,Read,2025-10-23T08:17:21Z,001veU1rKvNzbBRQ2J,005Me1PVqqNBxKJYQP
01Mw79KDp3dMrd9MO0,Support,Read,Read,Read,2021-11-30T10:16:41Z,0018haifivYezP7QUH,005ftlxDfFrLcpCQHP
01MwsXxUGi1KrAVMQJ,Account Manager,Edit,Edit,Edit,2021-11-25T01:25:09Z,001Xr4ot1oG2AteQ4O,005hTpAX3O60UK0AAJ
01MdI57if6XU94XETJ,Executive Sponsor,Read,Edit,Read,2024-11-30T21:03:56Z,001b6YbqymKD3ZDA0A,005lkwCvvs1NKzQIH0
01M9B6HoPROxQftM6N,Sales Engineer,Read,Read,Edit,2022-01-23T14:16:11Z,001DLqMjZmJEMS7ID7,005qptAZodwwrZzYUF
01Mh1CU7mJ6XTKDMNK,Sales Engineer,Read,Read,Edit,2026-02-22T08:36:47Z,001kNqWPjavmloHAZ4,005uepIIzxcmHrDI1O
01MD3QNUrXJcYi72SY,Sales Engineer,Read,Edit,Edit,2026-03-25T05:29:42Z,001LDOa8tzZhi9lQLS,005ztlrbFPcuOLhY8F
01ML1iv7PjPtryE2DU,Executive Sponsor,Read,Edit,Edit,2021-07-15T03:48:46Z,001RiZCg1UERbAvQWO,005BLrN0FAgafzHY2K
01MMV5ugLcXLviTUAT,Sales Engineer,Read,Read,Edit,2023-02-19T17:08:24Z,001ExSAKzk0AhqsIN2,005gMY3fFnSvHOzQLX
01M57OKrK7aJy0LM94,Support,Edit,Read,Edit,2025-10-08T19:36:50Z,001QMRyBoOV9ydJAFR,0056BILiQX0m1w8QY3
01M4rd5Jk3JpW9w2UY,Executive Sponsor,Read,Edit,Edit,2025-07-02T18:23:55Z,001gKEIo3A4yzmLATH,005i8c7j8gCtwTfYQW
01MBYnEXMSVKHF1ENS,Support,Read,Read,Edit,2024-02-19T13:59:44Z,001kNqWPjavmloHAZ4,005BLrN0FAgafzHY2K
01M0bkmbNJuQvLdEPL,Sales Engineer,Read,Read,Read,2022-03-31T13:44:14Z,001LDvrdIgxRUc4IID,005NvlW1Gc9rLAVAYL
01MCUVwrPhQM7qC2D5,Sales Engineer,Read,Read,Edit,2022-03-31T02:45:42Z,0015Cr2vcIsO2EGY08,005yqybzTtVK8u6IOR
01MXc7N8T7dMEZuEFC,Account Manager,Edit,Edit,Edit,2026-06-07T15:15:41Z,001XFpYyxD2bjtqY54,005sAEUaULAzZRzQYB
01M6SUU73x3UaiTETT,Account Manager,Edit,Edit,Edit,2024-08-12T03:03:05Z,001v16OKJFuZcV0QCS,005VOHFbnLYK0gIIP7
01MuM3SGmOxMZf62VP,Sales Engineer,Read,Read,Edit,2021-07-28T19:56:14Z,001ue1J9V7XEwHtA5N,005si8rNhwYkQikIOL
01MXwddIJJzqqtzMGY,Account Manager,Edit,Edit,Read,2023-03-08T09:38:34Z,001RGWydjko0QMRY5C,005hp0uS7WWG0emI9I
01MXfztji7OxRI028D,Account Manager,Read,Read,Read,2024-04-27T11:57:35Z,00173EM2FNl8MMUQT9,005lGkJeYS6wczpY2Q
01M3uYR1oKOIX41EUL,Account Manager,Edit,Read,Read,2024-06-12T05:11:23Z,001t1tQX1aEupiNQXE,005xEqNFzxKXya6IGV
01M8QErjHcVOE2aER8,Account Manager,Read,Edit,Read,2023-10-20T22:34:52Z,001vuI7W5NKUSqVAGG,005XE0YLnoIgg8hAV9
01MueskmfTwivw0M5I,Support,Read,Read,Read,2022-04-01T11:03:16Z,001ILvT4IDtyUZiY3D,005uhkQoPWOptXZIZE
01MJdT5XVIQD8puMNC,Support,Edit,Edit,Edit,2024-07-31T03:47:29Z,001Mpyhcy0YjCuyQPK,005W8vdEbVdzOCdA62
01MLjVIwpfHGxW2MKR,Support,Edit,Edit,Read,2022-08-17T15:35:36Z,001apZYag4darBdYRL,005dxKTxH6gxu99IEO
01M61V6uAPD5pdeU9R,Sales Engineer,Read,Edit,Read,2022-09-02T20:27:19Z,001KqKN8Jf0F9i9AKQ,0059cNiXLcpBkagI2J
01MLIxgSGzelCvSUSY,Support,Read,Read,Read,2023-01-22T01:42:22Z,00152hx60eiLsO2QGQ,005dY26xUNDmki4A5N
01M5YJ3p0yqnHbTEYM,Support,Edit,Read,Edit,2022-02-18T03:29:30Z,001FUJDI7PYzDeCQBR,005hp0uS7WWG0emI9I
01MBYhT3OQYXfBE2LL,Support,Edit,Edit,Read,2024-06-11T08:17:28Z,001yvWhfz01vDWFY3M,005dY26xUNDmki4A5N
01MPjtAgtCtfrr22H8,Executive Sponsor,Edit,Edit,Read,2026-01-31T23:38:58Z,001b6p7wMuocXZFIKR,005pFLSqKe2EKv0Q0O
01MNk5BS9IaDiYoU3R,Account Manager,Read,Edit,Edit,2025-02-10T06:57:53Z,001I9h4vN2Mpc08I26,005pFLSqKe2EKv0Q0O
01Mq2k2OYBaULeIUFN,Sales Engineer,Edit,Read,Read,2025-02-17T02:41:08Z,001oTVBgpJb5kxRYJO,005jW0WkCs1awbUYLA
01MYVr7nrbo0GIdE0K,Executive Sponsor,Edit,Edit,Read,2024-04-21T04:46:17Z,001r2Zt5bJoZh5cI46,0057ufaHufy75ktAX1
01MNLRf4tcaA6FhMBL,Support,Read,Edit,Edit,2026-01-28T20:41:11Z,001FHyBhLc8CzxgIVO,005ZSIqbJ44gxISAD6
01MSANTGb5OHYv6UT5,Sales Engineer,Read,Read,Edit,2023-02-06T15:13:42Z,001MetGBUEn7phAIPH,005dxKTxH6gxu99IEO
01MZtE0HovZcuvUM5C,Account Manager,Edit,Edit,Read,2026-05-20T03:53:16Z,001MetGBUEn7phAIPH,005k3rdmx8LrOE0AIT
01MGTMosSSmu22Y2UD,Account Manager,Edit,Read,Read,2025-06-30T09:37:48Z,001wXq5LbckG7u9AEU,005X9VIRE3gtc1zYMH
01MzPyedu4RcNY1206,Account Manager,Edit,Edit,Read,2025-03-11T06:20:59Z,001b1XyoVMftFmnY3Z,005k3rdmx8LrOE0AIT
01MsWE9EQfGIdUaU48,Account Manager,Edit,Edit,Read,2025-09-19T00:51:36Z,001EzVzzzPDO3QjIJG,005BLrN0FAgafzHY2K
01M09Gk87uK8OiXEKL,Support,Read,Edit,Read,2024-09-29T22:32:54Z,0015fdr3n38vtS2Q4V,005Me1PVqqNBxKJYQP
01M2rUrRUZLLTgqE90,Support,Read,Edit,Edit,2024-01-20T16:23:44Z,001lY6NBb5ge9JhIW4,005LSah1u1GnYGbYOG
01M1vlQScnb4ilJE83,Sales Engineer,Read,Read,Read,2023-10-26T00:44:06Z,001qn0PeVSegyj1AFD,005X9VIRE3gtc1zYMH
01McFbAQk96xB6W25L,Sales Engineer,Edit,Edit,Read,2023-10-10T06:03:10Z,001r2Zt5bJoZh5cI46,005uepIIzxcmHrDI1O
01M5JWhXiqGNPgPUGI,Account Manager,Read,Edit,Read,2025-12-08T12:39:53Z,001gKEIo3A4yzmLATH,005X9VIRE3gtc1zYMH
01MvtIl1JanVXEWUKC,Account Manager,Read,Read,Read,2025-05-16T13:33:02Z,001tqRaHFT1utFgIDH,0051j8xdsf40yysQI6
01M8Le3oGhPWp8dMNQ,Sales Engineer,Read,Read,Read,2023-07-18T04:23:48Z,001ZX951OeRh6EHIOJ,005Me1PVqqNBxKJYQP
01M70Ho6IlBaqM7M0W,Executive Sponsor,Read,Edit,Read,2023-07-19T21:28:47Z,0018MjZShtig55PAG6,005YLX0oRwAflvAQZO
01MLIFhyenCjAiS2IF,Executive Sponsor,Read,Edit,Read,2021-12-29T09:43:03Z,001DLqMjZmJEMS7ID7,005lkwCvvs1NKzQIH0
01M5j12x37Wp4FmERV,Support,Read,Read,Edit,2026-04-13T08:49:39Z,001ev39cBq0xejNIY0,005yrzZ2QLuB1ZZYH4
01MuYHmeDXzOZgLES7,Support,Read,Read,Edit,2022-01-10T23:19:50Z,001Ivp9E6TmWQvuQ35,005dY26xUNDmki4A5N
01MtiHRPa2KnBjuMDD,Support,Read,Edit,Edit,2025-11-02T05:52:41Z,001PUaO8FLbQ5tuY7R,0056BILiQX0m1w8QY3
01MeX8qr1alLM7v2SY,Support,Read,Edit,Edit,2023-06-29T22:48:44Z,001HgM5pPhwEa9BAOB,005ZSIqbJ44gxISAD6
01MCI5yesIj8RksU90,Support,Read,Read,Read,2023-12-19T18:56:06Z,001FHyBhLc8CzxgIVO,005dxKTxH6gxu99IEO
01MDtTS2GXsSBxDMU5,Support,Read,Read,Read,2024-03-03T17:26:42Z,001ViLIuvoOkEvIYR2,0051j8xdsf40yysQI6
01M0VikaDrg9kAb23C,Executive Sponsor,Read,Read,Edit,2021-02-15T04:26:49Z,001yyUUvtYcXQSAY46,005hfmtBm0piYtTY6K
01MTg5o1bMtO4qME3K,Sales Engineer,Edit,Read,Read,2022-10-09T16:33:18Z,001zOsseTV2G23QAKL,005mKVeNm7pzbbYYYT
01MoCib2OPnNuVoM8Y,Support,Read,Read,Read,2021-10-28T02:11:30Z,001IqTHPQDIx3azQWL,005XE0YLnoIgg8hAV9
01MaiPTdDP3Q7wHESF,Account Manager,Edit,Edit,Edit,2026-04-16T08:37:08Z,001PGT3RTshcjoGA36,005LSah1u1GnYGbYOG
01M1GxM2TqPjB0eETU,Support,Edit,Read,Read,2022-06-09T12:21:33Z,001s7ZyiePrkNHmYX9,005k3rdmx8LrOE0AIT
01MKhLwAAi9AeK82RP,Executive Sponsor,Read,Read,Edit,2021-10-12T02:57:07Z,001x4qMeufUWlfdINO,005ZSIqbJ44gxISAD6
01MBpovnJK2gY0K2FC,Executive Sponsor,Edit,Edit,Edit,2021-01-16T02:27:18Z,0017jTx407RLO7NAVA,005LSah1u1GnYGbYOG
01M9N54I4QAdySzEP8,Sales Engineer,Read,Edit,Edit,2026-06-24T09:39:19Z,0012lorIPC5zJvCYYX,005si8rNhwYkQikIOL
01MXD2XmyteEs4QU1M,Sales Engineer,Read,Edit,Read,2025-07-26T06:44:32Z,001C3SilogoPTPGIWX,005ZSIqbJ44gxISAD6
01MDRBDJeJBDSwD214,Sales Engineer,Edit,Edit,Edit,2024-05-19T15:16:59Z,001ue1J9V7XEwHtA5N,005i8c7j8gCtwTfYQW
01MdRmYsvjaZlQKMCW,Sales Engineer,Edit,Read,Read,2021-03-06T10:20:51Z,001S6Q42Y1rkKzpYHW,005Me1PVqqNBxKJYQP
01M2pVIqIV4R7DbMAG,Account Manager,Read,Edit,Read,2021-06-02T13:26:33Z,001Cf0Zp88DAw7JQGL,005RuPGFXVl50YyAI2
01MylLNxcF0xiCIMA7,Executive Sponsor,Edit,Edit,Edit,2023-06-27T04:28:46Z,001INTCL5X3OptCYRO,005IKQxHrnOfGBxYIU
01M8kkQgm3ef5oY2J5,Account Manager,Edit,Read,Edit,2021-05-22T16:18:16Z,0017q85b1UbQ3zNQ8K,005W8vdEbVdzOCdA62
01MLa9fBRGYaI7iMMG,Support,Edit,Edit,Read,2021-07-29T16:07:10Z,0016VNR5Nv4nAZ1IGT,005YbujEVi8pPHuINT
01M90zN9FNeFDl2MBA,Account Manager,Read,Edit,Read,2025-06-25T21:37:03Z,001e9z8TRFaUOARQMA,005lkwCvvs1NKzQIH0
01MXOfaiU8BKmHMMDB,Account Manager,Edit,Read,Edit,2022-04-15T23:40:49Z,001QAtek1IxiotWYQX,005gMY3fFnSvHOzQLX
01M63TuHRL82TcbUA5,Sales Engineer,Edit,Edit,Edit,2026-02-05T16:17:48Z,001FdhXK9A63y9AILQ,005ftlxDfFrLcpCQHP
01MKLbaVtIfLQ9j2O5,Sales Engineer,Edit,Read,Read,2024-07-27T02:36:06Z,001eE3A4cmn7G2gIHB,005hp0uS7WWG0emI9I
01M3FQVTw5tiFuV2EC,Executive Sponsor,Edit,Edit,Edit,2022-12-11T13:53:57Z,0012tOpQ4NIa7RbIUI,005qptAZodwwrZzYUF
01MaW3MW4EiRXTE2EO,Sales Engineer,Edit,Read,Edit,2021-04-07T13:41:24Z,001smmPkB9oOSZnIQW,005pAoa72XGI02qYGZ
01MGfkwEQNodLQfEDM,Support,Read,Edit,Edit,2026-06-03T17:35:17Z,001j6nRokzRlCs1Y07,005k3rdmx8LrOE0AIT
01M4JWyIsHHdRTuMDM,Support,Edit,Read,Read,2024-11-16T21:38:56Z,001O9pjOr1MPWQwQSK,005jW0WkCs1awbUYLA
01MdvnYG0ubAXt12J8,Account Manager,Edit,Edit,Read,2021-11-05T06:10:41Z,001cgzJWlSIy1t0I9S,005xwhqeeWgm4agYMN
01MplUdTGMPOsXyU5X,Sales Engineer,Read,Edit,Read,2021-01-31T00:53:48Z,001UFuHNhHx2c9ZQQ9,005dY26xUNDmki4A5N
01MMyCJDQx1ImxmUNV,Sales Engineer,Read,Read,Read,2025-01-25T18:32:08Z,001ev39cBq0xejNIY0,005MO6uee3FgSiDAVG
01MO0zkVlWY7TYbU11,Executive Sponsor,Read,Edit,Read,2021-01-25T00:01:52Z,001LDOa8tzZhi9lQLS,005Me1PVqqNBxKJYQP
01MFr2UGUv8aumYMBA,Account Manager,Edit,Read,Read,2022-03-08T00:55:33Z,001mmu9iYNsqBnfYFC,005xEqNFzxKXya6IGV
01MuTzAI36NFxAdM37,Support,Read,Read,Edit,2026-02-27T09:59:08Z,001tvKQbYklnB9tY2P,0055EGfQDBgoAh8IFH
01MhNnDwvzVk7rG2XY,Sales Engineer,Read,Read,Read,2024-11-15T13:48:59Z,001GvUdh6yZWB0wIIH,0059cNiXLcpBkagI2J
01M1Z1jzPAHMXijM8T,Executive Sponsor,Edit,Edit,Read,2025-09-13T00:31:44Z,001F0saAL86T3h5IUF,005ztlrbFPcuOLhY8F
01M3skg8U7PErMUUQQ,Executive Sponsor,Edit,Read,Edit,2022-07-11T17:02:08Z,001ev39cBq0xejNIY0,005uepIIzxcmHrDI1O
01MNOX5qA8SVUzI2QV,Executive Sponsor,Read,Edit,Read,2024-11-18T16:10:48Z,001r2Zt5bJoZh5cI46,005hTpAX3O60UK0AAJ
01MM8sns2zY0OWAMTH,Account Manager,Edit,Edit,Edit,2023-06-04T09:31:24Z,001yWq2JW5BZvvMQ0L,005G7PmEiXypty3IQL
01MwaTa3CzmaQfZU76,Sales Engineer,Read,Read,Read,2023-05-31T06:06:24Z,001QAtek1IxiotWYQX,005xwhqeeWgm4agYMN
01MsH61YcqKKTSm207,Sales Engineer,Read,Read,Read,2026-01-14T13:09:50Z,001FChipDL8FyVaQQG,005yrzZ2QLuB1ZZYH4
01MFo2zarJpcy5tEDA,Support,Edit,Read,Edit,2024-12-14T03:22:57Z,001HUzAEaUc4liGY2K,0059cNiXLcpBkagI2J
01Mr6tEW2w4VkXI29V,Support,Edit,Read,Read,2025-05-13T19:51:52Z,001DTfDp9zxDPNhAA2,005KOXaAvBmat2fYFA
01MXtpvoDvh0t4dUZ0,Sales Engineer,Edit,Edit,Edit,2023-09-29T09:17:17Z,001tvKQbYklnB9tY2P,005si8rNhwYkQikIOL
01MG1OoobzzuqBb2RU,Executive Sponsor,Read,Edit,Edit,2021-03-07T17:43:19Z,001CWFhyR8QJd16AFG,005si8rNhwYkQikIOL
01MACLuG6sQ1brKUJ4,Executive Sponsor,Read,Read,Read,2021-02-26T08:15:45Z,001Y7WfxpecwwzUQ8R,005uhkQoPWOptXZIZE
01MKQcUE57GJVBsE6R,Account Manager,Read,Edit,Read,2021-09-19T04:29:53Z,001Hbp8pEhElgRqIO2,005dxKTxH6gxu99IEO
01M0jIXK4MNy0RvEB5,Executive Sponsor,Read,Edit,Read,2026-06-07T19:41:55Z,001wp2Q6PkIMrfFY6U,005VOHFbnLYK0gIIP7
01M7oEtP7xuyaiVUKX,Support,Edit,Edit,Read,2022-03-20T20:19:45Z,001DTfDp9zxDPNhAA2,005gMY3fFnSvHOzQLX
01MdrjYKf4YF1n6M5X,Support,Edit,Read,Edit,2025-09-26T21:27:56Z,001LW8OXe6IEB5RAZR,005si8rNhwYkQikIOL
01MjW5YRQyRsseJ29F,Sales Engineer,Read,Read,Read,2023-01-17T05:14:42Z,001lY6NBb5ge9JhIW4,005XE0YLnoIgg8hAV9
01MGETd24ypfBKEE3O,Executive Sponsor,Read,Edit,Edit,2024-03-25T20:29:23Z,001X50Bqc5cThUtYIX,005X9VIRE3gtc1zYMH
01MYB1pQtus2vFN2HY,Executive Sponsor,Edit,Edit,Edit,2022-05-04T17:26:00Z,001QAtek1IxiotWYQX,005TIJckr7dVcDJQZF
01Mo4VXaAQ3ZVW5UV8,Sales Engineer,Edit,Read,Edit,2021-10-20T03:41:55Z,001NRMSr13PD4ICIOI,0056kxsLcWcZ0y6Y1M
01MI44pxmyotcw4U97,Executive Sponsor,Edit,Edit,Read,2025-12-05T05:42:38Z,001nrvjrS2WHC2oY9X,005IKQxHrnOfGBxYIU
01MsAqYWYnh1nhxMAV,Account Manager,Edit,Read,Read,2025-03-20T02:03:59Z,001rLqfAY4OfLS1QF8,005dxKTxH6gxu99IEO
01M63vAYfjge3eG24V,Account Manager,Read,Read,Read,2024-07-10T16:27:55Z,001A42WSazTcqOlAN5,005dxKTxH6gxu99IEO
01MSqVQC6c7Fc1V2QN,Sales Engineer,Edit,Edit,Edit,2024-03-23T10:52:33Z,001FzQ1Vu9hM4AsIVS,005pAoa72XGI02qYGZ
01MuqxS2ZLrRtmO27T,Support,Read,Read,Edit,2024-08-27T15:58:50Z,001Z9FmqrbfBXeVI9A,005TIJckr7dVcDJQZF
01MPIhiu1cMTdBaU0K,Support,Edit,Read,Read,2021-11-27T01:11:05Z,001FifSg7G2gzZrY2M,005YLX0oRwAflvAQZO
01MyNm8xRzaMhbcMHX,Executive Sponsor,Edit,Edit,Read,2026-01-26T20:23:06Z,001DLqMjZmJEMS7ID7,005k3rdmx8LrOE0AIT
01M0EXvlEINVRZdMQ9,Support,Read,Edit,Read,2023-06-01T03:31:30Z,001vuI7W5NKUSqVAGG,005BLrN0FAgafzHY2K
01MXuDOnDplbOvWUPI,Sales Engineer,Read,Read,Read,2025-12-20T13:33:20Z,001EM3ljRRvtOqaQZO,005gMY3fFnSvHOzQLX
01MGjlnwE2jbYG0UPQ,Account Manager,Read,Read,Read,2024-12-20T14:45:39Z,001Incobp7HHs7MAA7,005lkwCvvs1NKzQIH0
01MUezZcg83eMny2RL,Support,Read,Read,Read,2023-11-18T02:27:41Z,0017q85b1UbQ3zNQ8K,005LSah1u1GnYGbYOG
01M1LU3kxRcWpWcEOK,Sales Engineer,Edit,Read,Read,2023-11-28T17:10:11Z,001dVg5Hd2ux7OeY11,005dY26xUNDmki4A5N
01Mh6IZwbuK6XSAM37,Sales Engineer,Edit,Edit,Read,2026-01-01T06:53:58Z,001DbpAGYxaJeBJQYG,005VOHFbnLYK0gIIP7
01MoaiaaO9mURECEZO,Account Manager,Edit,Edit,Edit,2021-04-03T10:40:48Z,0012lorIPC5zJvCYYX,005hfmtBm0piYtTY6K
01MNbzE0UFjVfJF2LM,Account Manager,Edit,Read,Read,2025-03-26T09:08:56Z,001paldePwcfVa7AJJ,005MO6uee3FgSiDAVG
01MVhzVRWWWUO9tE83,Sales Engineer,Edit,Read,Read,2023-07-01T10:09:20Z,001pOXC8pNylRaRY5A,005hTpAX3O60UK0AAJ
01MyUJycoWS8LjMMXT,Support,Edit,Read,Read,2021-09-20T19:30:04Z,001mC8KS3W25A4qI66,005hTpAX3O60UK0AAJ
01MK3y6yJqpTfJi2BG,Executive Sponsor,Edit,Edit,Edit,2025-12-08T00:54:45Z,001Inbo5xzWKldwA1H,005Nr8mKUnQ3oinATY
01MR2wlueafLLRZ2L2,Sales Engineer,Edit,Read,Read,2022-03-30T21:58:30Z,001bEjr0cyFC7SBAXL,005xwhqeeWgm4agYMN
01ME69tQBtQ02Na2TF,Account Manager,Read,Edit,Edit,2023-02-12T14:37:47Z,001t1tQX1aEupiNQXE,005mKVeNm7pzbbYYYT
01M6GRkKRLarTliUST,Support,Read,Read,Read,2024-11-09T16:36:57Z,0019laP52dnqWh3AF4,005qptAZodwwrZzYUF
01Mp1lX2Raz4hcDELU,Account Manager,Read,Edit,Read,2025-10-29T20:15:37Z,001yvWhfz01vDWFY3M,005yqybzTtVK8u6IOR
01MVcFxwDVxkn9pEDL,Support,Edit,Edit,Edit,2023-09-10T04:54:54Z,001YrVA37VnfW7fIO3,005wmbTnVpYGoJ1AGI
01MufPAWiDgPgnN2PR,Account Manager,Read,Read,Read,2021-11-19T13:50:34Z,001Q3kntrifzyYWI62,0058ltZKG17vpJbQJK
01MXShRWjyRW6kgMD2,Executive Sponsor,Read,Edit,Read,2025-10-04T04:12:02Z,001OLEw0xIyryQpQ2X,005YbujEVi8pPHuINT
01MPFHnJrudXhuzU8Q,Executive Sponsor,Edit,Edit,Read,2022-04-26T02:46:01Z,001kBV5ho7M1GOwA4E,005RHpTOWiLP3HTIID
01Mccis9GBit5FcU9C,Support,Edit,Edit,Read,2021-09-20T05:06:40Z,001sAtRqmoa84s0IBV,005uepIIzxcmHrDI1O
01MReDyhtpRjI7JMKO,Executive Sponsor,Edit,Read,Read,2024-01-11T15:15:03Z,001IZMzpc9F1Z8oAA7,0058ltZKG17vpJbQJK
01M6gyDTmjKV1kDU8G,Account Manager,Edit,Edit,Read,2021-07-08T09:12:53Z,001DbG9gnZEl0ZPAAY,005ztlrbFPcuOLhY8F
01M6zahQa8r3MleEZ8,Account Manager,Edit,Read,Edit,2026-01-02T17:14:51Z,0016qNzHRpaK4VVIC7,005TIJckr7dVcDJQZF
01MhiPVUTNgJd7FUE1,Sales Engineer,Read,Edit,Read,2022-08-13T14:44:48Z,0014BI0PTpGJAb4ICJ,005mKVeNm7pzbbYYYT
01MZ1EHEPzHq70xMK7,Executive Sponsor,Edit,Edit,Read,2022-08-04T03:56:31Z,001nrvjrS2WHC2oY9X,005YbujEVi8pPHuINT
01MO9zr3A1fFbU4E20,Support,Read,Read,Read,2025-04-01T17:42:38Z,001kgFF0qALhnGGYD4,005YbujEVi8pPHuINT
01MCrbqfqEywtzCMGI,Executive Sponsor,Read,Read,Read,2024-03-29T15:31:03Z,001HN4NjiBD6CXII3H,0056kxsLcWcZ0y6Y1M
01MDi8CNKhhkHCuUV9,Sales Engineer,Read,Read,Edit,2025-08-30T12:09:20Z,001Nq19y9hHnEHcAPQ,005ZSIqbJ44gxISAD6
01M1sFlucnX57r1U5K,Account Manager,Edit,Read,Edit,2021-04-29T19:56:16Z,001MMbrZQQUkCyfI5Q,005uhkQoPWOptXZIZE
01MxhDz86cpAA0dMB0,Executive Sponsor,Read,Read,Read,2025-02-15T14:20:17Z,001mKhmK3YHBLkpIFQ,005Vo9gpxbtHjOOIMV
01MFtscsA3i4DtUEBL,Sales Engineer,Edit,Edit,Edit,2023-09-09T08:41:17Z,001dbHSEev61SnuI4N,005yqybzTtVK8u6IOR
01MwF6KWLwOfEwnEED,Account Manager,Read,Edit,Read,2023-10-24T21:29:08Z,001b9Ubd6IpdBJKANL,005hp0uS7WWG0emI9I
01MWaEtrRDUKa562Y3,Executive Sponsor,Read,Read,Edit,2024-04-26T00:13:45Z,001MetGBUEn7phAIPH,0056Go3C6Dl0bjnQEY
01MIAIFggP4XIRQEPM,Executive Sponsor,Edit,Edit,Read,2024-10-18T22:53:11Z,0015fdr3n38vtS2Q4V,005KOXaAvBmat2fYFA
01MuzEaME5T6VmqMR0,Account Manager,Read,Edit,Read,2025-04-02T19:26:43Z,001ZX951OeRh6EHIOJ,005RuPGFXVl50YyAI2
01MvRIuA7ZYZvE0ESO,Sales Engineer,Read,Edit,Read,2022-12-14T20:15:03Z,001Z9FmqrbfBXeVI9A,005RHpTOWiLP3HTIID
01MAPa8jloO2EPn2DO,Support,Read,Read,Read,2024-08-19T20:42:19Z,001lppe6kqinEz1A7H,005ZSIqbJ44gxISAD6
01MzbSy1dwQ1s6B2DR,Account Manager,Edit,Edit,Read,2025-08-16T05:09:34Z,001OR7GRtb417SOIE9,005i8c7j8gCtwTfYQW
01MIBT200jzkWuEMLL,Account Manager,Read,Read,Read,2025-03-09T16:02:32Z,001Xr4ot1oG2AteQ4O,005qptAZodwwrZzYUF
01MuDQdewr4RpS1EI5,Account Manager,Read,Read,Read,2022-11-29T05:48:11Z,001OyqT9LtQtE0fYGU,005W8vdEbVdzOCdA62
01M0BesrKCwarzS26W,Executive Sponsor,Read,Read,Read,2022-06-21T19:26:50Z,001Inbo5xzWKldwA1H,005Vo9gpxbtHjOOIMV
01MmRGz2REaasB7UQ9,Support,Edit,Read,Read,2023-12-17T19:18:12Z,001yVmlwCnpWY0fA4W,005lkwCvvs1NKzQIH0
01MsdqdIuQ5YxHWUJH,Executive Sponsor,Edit,Edit,Edit,2021-04-14T03:36:59Z,001kC1LlUdj8c3zY68,0059cNiXLcpBkagI2J
01M3pFistJPIW3bEKP,Account Manager,Read,Read,Read,2022-04-30T07:53:32Z,001Ts4G5LvwmAxUY42,005qptAZodwwrZzYUF
01MhsC5IQUifpmZ2TT,Account Manager,Edit,Read,Read,2024-09-15T08:17:53Z,001CWFhyR8QJd16AFG,005LSah1u1GnYGbYOG
01MvYSj3p98V8qWET6,Account Manager,Edit,Edit,Edit,2021-08-04T06:25:17Z,0014rAjCuliftUBIPG,005lJuJ789IRmEmQF4
01MUARMCaH5E0zIU0G,Account Manager,Edit,Edit,Edit,2023-02-16T05:09:11Z,001hY0bG1ZS5TO8AMZ,005mKVeNm7pzbbYYYT
01MfMJ74GoveY2lUVI,Sales Engineer,Edit,Read,Read,2024-01-19T03:25:46Z,001veU1rKvNzbBRQ2J,005lJuJ789IRmEmQF4
01MdwGqZ52RYJlFESP,Sales Engineer,Read,Read,Edit,2024-11-26T23:17:29Z,0014rAjCuliftUBIPG,005uepIIzxcmHrDI1O
01MW3Figx46tRIQM84,Support,Edit,Edit,Edit,2024-08-17T12:37:22Z,001xWEEO3zOAo9KY3S,005MO6uee3FgSiDAVG
01MnltAniYDs9P42KV,Account Manager,Read,Read,Read,2022-03-05T08:18:17Z,0012B0IsTb8G7BVAST,005IKQxHrnOfGBxYIU
01MH523KcblVPftM5I,Executive Sponsor,Read,Read,Read,2021-12-24T17:27:06Z,001DTfDp9zxDPNhAA2,005RuPGFXVl50YyAI2
01MvjQ0hky8fOOYMW1,Account Manager,Read,Edit,Read,2026-04-19T21:38:12Z,001wOS4RTezb6AxY4U,005Nr8mKUnQ3oinATY
01MWgxAUu84vE0TMRJ,Sales Engineer,Edit,Read,Edit,2023-11-30T13:09:07Z,001Ts4G5LvwmAxUY42,005G7PmEiXypty3IQL
01MMI8owwgnxlh82D8,Support,Read,Read,Read,2023-08-28T10:11:17Z,0015F3Mg4glglAzQRW,005TIJckr7dVcDJQZF
01MlZlA3Lbn1D71U4E,Support,Edit,Edit,Edit,2021-11-04T06:22:47Z,001sS1Mj9gSLRavQC2,0057pBBoeyfvmpBIQ5
01MeBLmZh7iz6rL25M,Executive Sponsor,Read,Read,Read,2025-10-04T04:58:22Z,001tvKQbYklnB9tY2P,005dxKTxH6gxu99IEO
01MSs1uFRddAGajMRY,Sales Engineer,Read,Read,Read,2023-06-12T02:42:02Z,001jIiXAhBEHXIPYQP,005lGkJeYS6wczpY2Q
01MwLZtNPV3TQ0nU1E,Support,Read,Edit,Read,2024-03-26T08:51:57Z,001lpuGrFmSTBnuY0M,005lGkJeYS6wczpY2Q
01M2AsCxVujzPo42PK,Sales Engineer,Read,Read,Edit,2022-04-05T11:09:56Z,001rfSg90dRC6Q8Q6D,005hfmtBm0piYtTY6K
01MviHuXauaO1VgUQF,Sales Engineer,Read,Read,Edit,2024-01-21T14:10:54Z,0012n9SIy3FafTfYR5,005G7PmEiXypty3IQL
01M2bFuM9LNcLb2E4C,Executive Sponsor,Edit,Read,Read,2025-04-12T19:17:48Z,001jKBzUVUKDjFLYTU,0056kxsLcWcZ0y6Y1M
01MUUibtgFinyDAUN0,Executive Sponsor,Read,Edit,Read,2024-05-18T10:33:44Z,001FzQ1Vu9hM4AsIVS,005k3rdmx8LrOE0AIT
01MPumMXXPzGVYV2FK,Executive Sponsor,Edit,Edit,Read,2021-08-05T19:09:00Z,001ZIcBit9DhXpUAPA,0056Go3C6Dl0bjnQEY
01MR7VgAqnTz5QQ263,Sales Engineer,Read,Read,Read,2024-09-26T09:54:32Z,0011qafIoKOaGWeA3A,005lGkJeYS6wczpY2Q
01McwUmmxmuWjTyE5K,Executive Sponsor,Read,Read,Read,2025-11-02T04:26:20Z,0014xFF5q1fi7GwQMP,005pFLSqKe2EKv0Q0O
01MALWwZ1v7rOr5U1Y,Executive Sponsor,Edit,Read,Read,2026-01-10T10:47:07Z,0014xFF5q1fi7GwQMP,005lJuJ789IRmEmQF4
01MpoyrUapPQSwrU0E,Support,Edit,Read,Read,2024-05-23T21:43:53Z,0012VwYreWt0DuEATR,005NradmkgHLf0bIJ5
01MlKjUsj4M83HjEJ9,Support,Read,Read,Read,2021-12-12T16:33:56Z,001OphrQTgtGmAPIMC,005mKVeNm7pzbbYYYT
01MuuoGD3exAIrUUZX,Account Manager,Edit,Read,Edit,2023-05-23T18:50:51Z,001xCcjaWJxjfQtAJX,005TU4vqRu98dHsY03
01MiCYL1nq05I2gMZ8,Support,Edit,Read,Edit,2022-08-11T08:04:02Z,001pUY9CVMaLCa4YQV,005KOXaAvBmat2fYFA
01MgeaCXJpahHuWMQX,Account Manager,Edit,Edit,Read,2022-12-04T21:25:42Z,001I5KBo2Mtskg9I6K,0056kxsLcWcZ0y6Y1M
01MqI2iv5MOoS0fERC,Sales Engineer,Edit,Edit,Read,2024-11-07T22:20:52Z,0016VNR5Nv4nAZ1IGT,005W8vdEbVdzOCdA62
01Mj6hpK2vaO7fREXP,Support,Edit,Edit,Edit,2021-11-12T00:03:03Z,001jsWcaI2ueqNkQ4J,0056kxsLcWcZ0y6Y1M
01MFwUUjbFFxtOlMLR,Account Manager,Edit,Edit,Read,2026-05-05T04:10:54Z,001ZIcBit9DhXpUAPA,005Me1PVqqNBxKJYQP
01MWaMSEK40Y48c2UN,Sales Engineer,Edit,Read,Read,2023-03-18T23:49:37Z,001yQSD3rwvt3ZBAV9,0051j8xdsf40yysQI6
01MvnnqicRcSsOoMBI,Executive Sponsor,Edit,Edit,Edit,2025-05-29T18:24:19Z,001rfSg90dRC6Q8Q6D,005mKVeNm7pzbbYYYT
01MCfXbrU3L5kc3M2P,Executive Sponsor,Edit,Read,Edit,2026-05-03T21:08:10Z,001XJBJ9looV3jVARS,005wmbTnVpYGoJ1AGI
01MJ69WqZuYkXFx2UI,Sales Engineer,Edit,Edit,Edit,2023-07-19T12:55:09Z,001RUYGIDukMN3HIZS,0056Go3C6Dl0bjnQEY
01MeZQaOiT8hh7hUUQ,Support,Edit,Read,Read,2025-08-29T19:58:31Z,0011qafIoKOaGWeA3A,005lJuJ789IRmEmQF4
01MphK8w67O3niV2OS,Support,Edit,Edit,Read,2024-12-26T17:21:24Z,001PzKgNp7GjqwfI1O,0059cNiXLcpBkagI2J
01MLBbl8koQaasOUQ2,Account Manager,Edit,Read,Read,2023-08-20T14:35:49Z,001LDvrdIgxRUc4IID,0058ltZKG17vpJbQJK
01MYCrrknopAedfMIF,Sales Engineer,Edit,Edit,Edit,2024-11-12T15:47:50Z,001Q3kntrifzyYWI62,005TIJckr7dVcDJQZF
01MmhduhpGWDTodEQP,Account Manager,Read,Edit,Read,2026-03-21T03:42:01Z,001TBaHImIEtjplQN7,0056kxsLcWcZ0y6Y1M
01MPQWUNHUiwjenM1I,Executive Sponsor,Read,Edit,Read,2025-08-16T23:29:08Z,001KInyPfEAkhgcQEO,005pAoa72XGI02qYGZ
01MuOw34IwXDJxtU2D,Support,Edit,Read,Edit,2023-11-10T20:46:19Z,001X5lK5MbsgblUIV7,005RHpTOWiLP3HTIID
01MtjoMcwAGRh1hUXD,Sales Engineer,Read,Edit,Edit,2023-03-11T09:43:28Z,001DvFcs2OCjLNHAFJ,0056kxsLcWcZ0y6Y1M
01MeDnOgHWE2REoUI6,Support,Edit,Read,Edit,2024-10-26T03:20:10Z,001BjMFM5mN692fQ0D,005hp0uS7WWG0emI9I
01MgU0GI8cyBtqLMLW,Account Manager,Edit,Read,Read,2026-04-21T11:08:10Z,0018MjZShtig55PAG6,005TIJckr7dVcDJQZF
01Mu5xHRR2yMmDd2C1,Sales Engineer,Read,Edit,Read,2022-12-11T15:36:59Z,001EM3ljRRvtOqaQZO,005mKVeNm7pzbbYYYT
01MVaMZt8yw5vZ62EP,Support,Edit,Edit,Read,2022-11-24T02:04:54Z,001KKprsa8fDGWEQ2J,005yqybzTtVK8u6IOR
01M9ERndtV0vQ3REJE,Executive Sponsor,Edit,Edit,Edit,2021-02-01T06:48:12Z,001FifSg7G2gzZrY2M,005uepIIzxcmHrDI1O
01MqaRQrEnvoq1f2QP,Executive Sponsor,Read,Read,Read,2022-08-14T13:57:57Z,0014RvX7ofOXrw9I9V,005VOHFbnLYK0gIIP7
01MYB0inTE8EvpuUHT,Executive Sponsor,Read,Read,Read,2024-12-11T11:44:30Z,001gQSNxeXgntf7YR3,005jW0WkCs1awbUYLA
01MMRaJGgWwymqAE5H,Support,Edit,Read,Read,2025-09-09T15:05:16Z,001NRMSr13PD4ICIOI,0058ltZKG17vpJbQJK
01Mj03XA1EgpSM0UK8,Sales Engineer,Read,Edit,Read,2021-09-16T08:58:32Z,001hgdJHI7bDrNzIKJ,005wmbTnVpYGoJ1AGI
01MJkmRvrIpBpzIEH0,Support,Edit,Edit,Edit,2022-01-24T16:51:28Z,00180qOlX8UtZ7HQTK,005ftlxDfFrLcpCQHP
01Mi3GFqTf2uL8zMC5,Support,Read,Edit,Edit,2026-03-14T04:06:32Z,001Ql5gfswhLAUiIZH,0051j8xdsf40yysQI6
01M8n6GxSrfjdC3E7T,Executive Sponsor,Edit,Edit,Read,2025-04-12T03:23:51Z,001UhwyHPMFM5liAM5,005ztlrbFPcuOLhY8F
01MJ25mbAMnmZZwMJQ,Sales Engineer,Read,Edit,Edit,2025-01-04T17:48:19Z,001t1tQX1aEupiNQXE,005yrzZ2QLuB1ZZYH4
01MPXtPowbuY4zq20M,Executive Sponsor,Read,Read,Read,2023-03-26T17:09:32Z,001SDonDyKHRDRwYPS,005hfmtBm0piYtTY6K
01MuiLgmoTPriGdU5M,Sales Engineer,Read,Edit,Read,2022-04-27T12:22:55Z,001BjMFM5mN692fQ0D,005k3rdmx8LrOE0AIT
01M17NIjTuVpOqTESG,Account Manager,Edit,Edit,Edit,2025-05-18T06:54:32Z,001Rc1LJzjoerNoYJJ,005Nr8mKUnQ3oinATY
01MHsfe7SCcNT7YE41,Account Manager,Read,Edit,Edit,2021-10-31T23:03:18Z,0012Mm2CXMo3FSXAIK,005sAEUaULAzZRzQYB
01MiIpfIF6n4YoAUEU,Executive Sponsor,Read,Edit,Read,2023-09-26T16:49:23Z,001yyUUvtYcXQSAY46,0058ltZKG17vpJbQJK
01MZe6XMzGBqTVyER2,Executive Sponsor,Edit,Edit,Read,2021-08-25T09:48:37Z,0012tOpQ4NIa7RbIUI,005RHpTOWiLP3HTIID
01MVuEcd7CQySGNEWH,Sales Engineer,Read,Read,Read,2021-11-03T20:33:26Z,001ue1J9V7XEwHtA5N,005wmbTnVpYGoJ1AGI
01MLhCIQI4dfVLvMVV,Support,Read,Read,Edit,2025-01-01T11:03:26Z,001BAfwqbwr0TsUA0T,005IKQxHrnOfGBxYIU
01MVOQfUe8gx1yLM7B,Support,Read,Read,Edit,2023-01-16T02:40:54Z,001X50Bqc5cThUtYIX,005hvPRYHDjoBLOQ3X
01MkfnWy7YENh2JUNL,Sales Engineer,Edit,Edit,Edit,2021-12-12T17:33:13Z,001Ts4G5LvwmAxUY42,005dxKTxH6gxu99IEO
01MvMFAB231vE0zMEX,Support,Edit,Edit,Edit,2024-07-29T13:36:17Z,001wXq5LbckG7u9AEU,005lkwCvvs1NKzQIH0
01MZHuG1dyzm9Nj2ZI,Account Manager,Edit,Edit,Read,2021-04-15T07:33:48Z,001LW8OXe6IEB5RAZR,005VOHFbnLYK0gIIP7
01M8sLLCqARKyaJU8Q,Executive Sponsor,Read,Read,Edit,2024-08-12T19:44:44Z,001Xr4ot1oG2AteQ4O,005Nr8mKUnQ3oinATY
01MgFDBjimX9OmKUO7,Account Manager,Edit,Read,Read,2024-06-10T22:10:04Z,001ZIcBit9DhXpUAPA,005dxKTxH6gxu99IEO
01MmO6E0B5r1wypM8L,Support,Edit,Read,Read,2025-12-18T04:13:23Z,001LInXZfFVYqWIIEB,005TU4vqRu98dHsY03
01MrregnRYwc0rCEW4,Support,Edit,Edit,Edit,2022-08-16T02:43:59Z,001nyKCWKQ4K1MEQBJ,005ftlxDfFrLcpCQHP
01MTFA2D6oP0RVYEX5,Sales Engineer,Edit,Edit,Read,2026-03-19T12:14:59Z,001XZVDN3n2dRIsQB9,005pFLSqKe2EKv0Q0O
01MDqUCUjRXfRBsMPV,Support,Read,Edit,Edit,2023-02-06T00:14:13Z,001zDxxuW7kQ4BrAGJ,005ztlrbFPcuOLhY8F
01MBgp0R9UTtydBUW2,Account Manager,Edit,Edit,Read,2024-04-18T11:15:11Z,0014RvX7ofOXrw9I9V,005gMY3fFnSvHOzQLX
01MPJbgTFayCbsEEV6,Executive Sponsor,Edit,Edit,Read,2026-01-26T05:54:30Z,0014xFF5q1fi7GwQMP,005yqybzTtVK8u6IOR
01MCXg8BrHFz2s5MEI,Sales Engineer,Read,Edit,Edit,2021-05-11T05:56:41Z,001HN4NjiBD6CXII3H,005YLX0oRwAflvAQZO
01MJeCWJDTrMz9sMR8,Support,Edit,Edit,Edit,2024-03-24T16:56:57Z,001uKtjv3QWz3nDQSN,005sAEUaULAzZRzQYB
01MmE1maPl13BVO2QP,Support,Read,Read,Edit,2024-02-14T17:37:37Z,001JTximtecXZZ0IK7,005uepIIzxcmHrDI1O
01MUxYOHZHbjuoQUYD,Account Manager,Read,Read,Edit,2023-07-20T08:38:29Z,001GjfBhJ295BInY2G,005W8vdEbVdzOCdA62
01MDH61DJnRNuWfM57,Executive Sponsor,Read,Edit,Read,2021-12-17T00:23:12Z,001PygtS3FHgKj8Q8G,005RuPGFXVl50YyAI2
01MoTwndkqsx6En23Y,Account Manager,Edit,Edit,Read,2023-08-30T07:56:00Z,001Mpyhcy0YjCuyQPK,005XE0YLnoIgg8hAV9
01MnaHMzlpSyw1aEKU,Support,Edit,Read,Read,2023-03-29T02:31:51Z,0019ojrY0cvCQ2UQ6L,005TIJckr7dVcDJQZF
01MEKQswz5Ea0sY2CE,Support,Edit,Edit,Read,2026-04-02T22:01:20Z,001IqN1uANorRv0AGO,005NvlW1Gc9rLAVAYL
01M3ipxHIXt90jkUG0,Support,Edit,Edit,Read,2024-05-17T14:02:34Z,001Y7WfxpecwwzUQ8R,0056BILiQX0m1w8QY3
01MgeetRivYAWLn2Z2,Support,Edit,Read,Read,2025-04-05T22:56:36Z,001OH94vlTF3MI8Y08,005Vo9gpxbtHjOOIMV
01MfAvz8B9DmIZqMD4,Account Manager,Read,Edit,Read,2021-03-04T22:35:47Z,0015F3Mg4glglAzQRW,0056kxsLcWcZ0y6Y1M
01MyVrOjWP35CUFMLT,Executive Sponsor,Edit,Edit,Read,2024-12-16T00:06:41Z,001ULaAYdBnWIytQCT,005Nr8mKUnQ3oinATY
01MJYa87nlXTshjEW7,Account Manager,Edit,Edit,Edit,2021-04-20T01:09:07Z,001HPdcdRz4xhIHI7A,005pAoa72XGI02qYGZ
01M6TrnFyIt03hcMMW,Sales Engineer,Read,Read,Edit,2023-12-22T19:16:33Z,001tvKQbYklnB9tY2P,005jW0WkCs1awbUYLA
01MmiOORunGz7j0MYF,Sales Engineer,Read,Edit,Edit,2021-10-17T04:13:24Z,001iIp10CH2rdjrQCH,005TIJckr7dVcDJQZF
01MUFv3RZlMamXfMEM,Support,Read,Read,Read,2025-08-29T02:38:47Z,001OLEw0xIyryQpQ2X,005ztlrbFPcuOLhY8F
01M6CRN58v1p0YlE5Z,Sales Engineer,Read,Edit,Read,2024-11-26T23:53:05Z,001cML7G0gkmAuyYXM,005BLrN0FAgafzHY2K
01MPcoRpvOdFkMJE71,Sales Engineer,Read,Edit,Read,2025-10-24T00:03:58Z,001YrVA37VnfW7fIO3,005ztlrbFPcuOLhY8F
01MqwLoNQGlQWE3EGE,Support,Read,Edit,Edit,2023-06-20T01:12:37Z,001smmPkB9oOSZnIQW,005xwhqeeWgm4agYMN
01Mj2hkTvlQrMQ921Z,Support,Edit,Edit,Edit,2024-07-29T01:32:51Z,001IqN1uANorRv0AGO,0056BILiQX0m1w8QY3
01M7QYI270TutjKUUD,Account Manager,Edit,Read,Read,2025-11-17T03:09:13Z,001JX719udcxa4uA9H,005pFLSqKe2EKv0Q0O
01MttJNpBvOjDlWE5O,Support,Edit,Read,Read,2024-07-23T20:15:37Z,001X3Yql9lqICvlQUO,0056BILiQX0m1w8QY3
01MJBL36MDxbCWh2JB,Support,Edit,Edit,Edit,2024-10-23T21:06:57Z,0017rl4CBbT95B0YG7,005W8vdEbVdzOCdA62
01Mmo6oDZefEVz124K,Account Manager,Edit,Edit,Edit,2023-11-08T15:09:54Z,001yGC8xttQVvNRYNT,005jW0WkCs1awbUYLA
01M45DUbh9NZQ4EMMF,Support,Edit,Read,Read,2025-02-28T06:13:43Z,001DvFcs2OCjLNHAFJ,005MO6uee3FgSiDAVG
01MMoxHqZXeg0WeEMA,Sales Engineer,Edit,Read,Read,2025-04-15T21:44:46Z,001TBaHImIEtjplQN7,005sAEUaULAzZRzQYB
01MCbfSeVzrjDRW2H6,Executive Sponsor,Read,Edit,Read,2024-12-22T18:38:21Z,001U9TwW1ZhV64GITA,0059cNiXLcpBkagI2J
01M2RDv6qxETjGrE7E,Executive Sponsor,Edit,Read,Edit,2022-09-30T03:32:44Z,001smmPkB9oOSZnIQW,005yqybzTtVK8u6IOR
01MbtcIqbmBJD1pUJ1,Executive Sponsor,Edit,Edit,Edit,2023-05-29T15:54:06Z,001x4qMeufUWlfdINO,0057pBBoeyfvmpBIQ5
01MwPHTaD3HYnv2MNQ,Sales Engineer,Edit,Read,Edit,2023-12-12T12:40:55Z,001JTximtecXZZ0IK7,005pAoa72XGI02qYGZ
01M8xc5RVrd9gY4UIE,Sales Engineer,Read,Edit,Edit,2022-06-21T01:00:11Z,0011Ah4A4sWSLAjA4O,005dxKTxH6gxu99IEO
01MMTOZmq0ztCnpUOL,Executive Sponsor,Read,Edit,Read,2022-03-01T21:41:58Z,001tqRaHFT1utFgIDH,005lkwCvvs1NKzQIH0
01MwqLcDCyBRbzWMZC,Account Manager,Read,Read,Read,2021-02-07T05:55:40Z,001Le6Z1bT7O20fIWC,005MO6uee3FgSiDAVG
01Mqou2q1nhDbikUGC,Sales Engineer,Read,Read,Read,2024-10-20T23:24:21Z,001JTximtecXZZ0IK7,005mKVeNm7pzbbYYYT
01Mo2IFfXFi74AkUDP,Account Manager,Read,Edit,Edit,2021-10-10T03:57:34Z,001paldePwcfVa7AJJ,0057pBBoeyfvmpBIQ5
01M10DRxPmn4M4tMIM,Support,Read,Read,Read,2026-04-02T07:39:34Z,001sriFmgu6lhqcIL6,0057pBBoeyfvmpBIQ5
01MDt10ARgiIWcXU9V,Support,Read,Edit,Edit,2022-02-25T23:30:35Z,001Pv3IESUoMrhiAAG,005YbujEVi8pPHuINT
01MnUbjhSnJCw7zMHS,Executive Sponsor,Edit,Edit,Edit,2023-11-21T22:32:19Z,001sriFmgu6lhqcIL6,005NvlW1Gc9rLAVAYL
01MplmJpoP2ROqFEPK,Sales Engineer,Edit,Edit,Edit,2023-06-11T20:54:47Z,001wHDsRuiwyR4oI2F,005k3rdmx8LrOE0AIT
01MDtn8zv4VAmspEHK,Support,Edit,Read,Edit,2022-11-22T12:00:08Z,001ibK3DfU4t31gYAM,005yrzZ2QLuB1ZZYH4
01MmZd0hYhaJtUN2J8,Executive Sponsor,Read,Read,Edit,2021-08-20T17:36:31Z,001CQsu3nn5gAVpQ7B,0057pBBoeyfvmpBIQ5
01M4oDyKPqoMlucUP3,Executive Sponsor,Edit,Edit,Edit,2023-09-24T21:28:58Z,00134kztbICJD2tYCZ,005wmbTnVpYGoJ1AGI
01Mqjo3RCwcTfqJ2BO,Executive Sponsor,Read,Edit,Edit,2023-09-13T13:55:54Z,001QlR8r1Q5bRm4IG1,005uhkQoPWOptXZIZE
01MKlpaMvVEKgOzM0G,Executive Sponsor,Read,Read,Edit,2023-09-13T19:48:42Z,001IPJgib6XfdIUAAZ,005hfmtBm0piYtTY6K
01MSCsqI8TLUzM32WA,Account Manager,Read,Read,Read,2024-02-15T08:49:43Z,001Rc1LJzjoerNoYJJ,005hvPRYHDjoBLOQ3X
01MwyJDUdcXBDBTMNR,Sales Engineer,Edit,Edit,Edit,2021-07-04T16:13:22Z,001NlUpPvRS2wnzIYM,005si8rNhwYkQikIOL
01MweMH51jvf5UyU0O,Executive Sponsor,Read,Read,Edit,2025-12-18T23:05:49Z,001f3j7ZUJ5YxijYYQ,005Vo9gpxbtHjOOIMV
01MzaeDjIjVtmOLEUU,Account Manager,Edit,Read,Edit,2022-06-21T20:02:22Z,001U2E3Mrt3KZlKQE7,005ftlxDfFrLcpCQHP
01MVlTE84lBX2YdMJV,Sales Engineer,Read,Read,Read,2021-08-22T12:17:09Z,001cgzJWlSIy1t0I9S,005i8c7j8gCtwTfYQW
01MoOIlZqEjO7yDEY7,Account Manager,Edit,Read,Read,2022-10-26T01:15:40Z,001Dr3VLTdygyPzIUT,005mKVeNm7pzbbYYYT
01MJDHIUGjGhlG0MRF,Sales Engineer,Read,Edit,Read,2021-07-10T05:52:59Z,001ZtdM0LykySWPIE4,005gMY3fFnSvHOzQLX
01MXQaKErBHe8L2U4C,Executive Sponsor,Read,Read,Edit,2025-05-02T21:09:45Z,001Ok5JQopT2gTPQYR,005jW0WkCs1awbUYLA
01Mz8ZyypRizTeTMNS,Executive Sponsor,Read,Edit,Edit,2021-10-07T11:20:47Z,001h3qGmTCLTLLkQZJ,005sAEUaULAzZRzQYB
01Mj9PJtfjdBEyOE7A,Support,Read,Edit,Edit,2022-10-04T05:54:20Z,001cvG5DjhEsIaIAD0,005TU4vqRu98dHsY03
01Mw6L898ythYqVMG7,Support,Edit,Edit,Edit,2023-08-09T05:02:38Z,001n3aMHCveux7aI17,0056Go3C6Dl0bjnQEY
01MKJsyw85KKNc2ERL,Support,Edit,Edit,Edit,2025-09-15T06:11:05Z,0012n9SIy3FafTfYR5,005gMY3fFnSvHOzQLX
01MNaCb0KP6shcr2FS,Support,Edit,Read,Edit,2023-01-12T01:23:40Z,001xWEEO3zOAo9KY3S,0057jDImegCGqG7YZ2
01Mu0MczSUizhIb2VW,Sales Engineer,Edit,Read,Read,2022-06-06T01:24:08Z,001ULTfosWQTQf5QW1,005pFLSqKe2EKv0Q0O
01MaZBhycFPoyMZ2G0,Sales Engineer,Read,Edit,Edit,2024-01-12T02:02:11Z,001Y94eVbSCMZThYRA,005RHpTOWiLP3HTIID
01MwwYSRTFyhrj0UTI,Sales Engineer,Read,Edit,Read,2023-05-25T23:46:01Z,001tvKQbYklnB9tY2P,005qptAZodwwrZzYUF
01MsSrTsFqvKNdBUPD,Support,Read,Edit,Edit,2023-12-06T18:02:31Z,001RUYGIDukMN3HIZS,005Vo9gpxbtHjOOIMV
01MzfAyl8rPG883UMF,Support,Edit,Edit,Read,2024-04-24T00:10:42Z,001kNqWPjavmloHAZ4,005hfmtBm0piYtTY6K
01M5vUQS9q5pJ8XEXD,Support,Edit,Edit,Read,2025-01-23T14:52:08Z,001X5lK5MbsgblUIV7,005TIJckr7dVcDJQZF
01Mi7GldpJme5y4MWK,Support,Edit,Read,Edit,2023-06-30T15:24:00Z,001DbG9gnZEl0ZPAAY,005Me1PVqqNBxKJYQP
01MtasKFuYvSAYmUQB,Support,Edit,Edit,Edit,2024-01-08T17:25:14Z,001eRJ4GILnQbQxQA2,005hfmtBm0piYtTY6K
01MKqEeRvyqG822ECA,Support,Read,Read,Read,2021-05-10T09:48:20Z,001b9Ubd6IpdBJKANL,005BLrN0FAgafzHY2K
01MwbBpLj851cj9U93,Executive Sponsor,Edit,Read,Edit,2025-11-15T10:15:41Z,0015Cr2vcIsO2EGY08,005lJuJ789IRmEmQF4
01MtkptCNxbg1mV2BB,Sales Engineer,Read,Read,Edit,2021-09-11T11:23:49Z,001X50Bqc5cThUtYIX,005sAEUaULAzZRzQYB
01M68gdDnxxt4OmMG3,Account Manager,Edit,Edit,Read,2022-09-02T23:53:43Z,001dbHSEev61SnuI4N,005xEqNFzxKXya6IGV
01M6QghqXlEOHE0E0J,Support,Edit,Read,Edit,2024-11-15T00:26:14Z,001RUYGIDukMN3HIZS,0057jDImegCGqG7YZ2
01MLmCVOVZFODVCMYR,Executive Sponsor,Read,Read,Read,2023-03-18T06:56:58Z,001vYy7997Ekj5pAHO,005yrzZ2QLuB1ZZYH4
01M224ofDRfVPKnMUY,Executive Sponsor,Read,Edit,Edit,2023-05-18T14:32:11Z,001lUr971GtA6wXYCT,005NradmkgHLf0bIJ5
01MBCRhO6pAs72AUNI,Sales Engineer,Read,Read,Read,2024-03-14T16:18:20Z,001pOXC8pNylRaRY5A,005MO6uee3FgSiDAVG
01MIRHi70cqK27OEGF,Account Manager,Read,Edit,Edit,2023-02-27T16:39:01Z,001CAWJWrCJUDD2Q42,005Vo9gpxbtHjOOIMV
01M5rpXrn2KNVgWEQ9,Executive Sponsor,Edit,Edit,Edit,2021-11-07T16:49:35Z,001CWFhyR8QJd16AFG,005hfmtBm0piYtTY6K
01MMRi43G5OByuPM8B,Account Manager,Edit,Edit,Read,2025-06-19T16:58:15Z,001qP46mGWsPnuOQ5R,005pFLSqKe2EKv0Q0O
01M82tDHD8hOTgYMKP,Account Manager,Read,Edit,Edit,2021-01-25T12:13:49Z,001sS1Mj9gSLRavQC2,005gMY3fFnSvHOzQLX
01MDqEst60DQoAZEFC,Support,Read,Read,Edit,2024-11-09T13:46:49Z,001Ivgehi2RhpxmIXK,005NvlW1Gc9rLAVAYL
01MeVp2qFZxBncSML2,Account Manager,Read,Edit,Edit,2025-11-30T15:04:20Z,0012Sv7fgBrqn2tAX8,005YbujEVi8pPHuINT
01MBzud3fwTgZbvMY2,Executive Sponsor,Read,Read,Edit,2021-04-11T13:45:25Z,001hgdJHI7bDrNzIKJ,005XE0YLnoIgg8hAV9
01M8g2R6iHxrkwyM3V,Support,Edit,Edit,Edit,2025-11-23T02:01:00Z,001OH94vlTF3MI8Y08,0058ltZKG17vpJbQJK
01MUoRVVpeUZjBJMR7,Sales Engineer,Read,Read,Read,2026-05-04T14:17:50Z,0012n9SIy3FafTfYR5,005KOXaAvBmat2fYFA
01MNwVR4EzsYqK1EX7,Support,Read,Read,Edit,2025-12-23T16:04:09Z,001PygtS3FHgKj8Q8G,005KOXaAvBmat2fYFA
01MeVCED7SkHgTRU4S,Executive Sponsor,Read,Read,Read,2022-10-16T02:33:55Z,0017zKMESrLRf4iY3C,005hvPRYHDjoBLOQ3X
01MtmLir0Nosu7c2TR,Executive Sponsor,Read,Read,Edit,2021-05-12T13:49:51Z,001vnn1W5RPN0LPYO8,005i8c7j8gCtwTfYQW
01MDJf8pqxKdDiOUZZ,Support,Edit,Read,Read,2021-09-01T03:17:17Z,001QlR8r1Q5bRm4IG1,005ztlrbFPcuOLhY8F
01MG91CwGE78vfsM4N,Support,Edit,Edit,Read,2024-04-06T18:15:45Z,0019laP52dnqWh3AF4,005YbujEVi8pPHuINT
01MuZXsOVtg8WzxMPX,Sales Engineer,Read,Edit,Read,2023-01-29T09:18:05Z,001ClNAQA1Xn4fUINT,005dY26xUNDmki4A5N
01MWfJjt0ok3MbAMUB,Support,Read,Read,Edit,2025-06-13T16:14:46Z,001mdSX3YnkEjM0IVS,0055EGfQDBgoAh8IFH
01MDBeZHapa4S1Z215,Account Manager,Edit,Edit,Edit,2021-06-29T19:38:47Z,001HPdcdRz4xhIHI7A,005pFLSqKe2EKv0Q0O
01MNQgNOtqttg4D2PW,Sales Engineer,Read,Read,Edit,2025-07-26T18:07:23Z,001MPbzljMNLiv5QZV,005ftlxDfFrLcpCQHP
01MujFIEdQ5ZISoMMC,Account Manager,Edit,Read,Read,2024-07-16T23:35:06Z,0016aFsydu36rL2Y22,005dY26xUNDmki4A5N
01MAJZIMn6DNyfJEQ5,Sales Engineer,Read,Read,Read,2022-08-16T02:21:03Z,0018YzqdxvbgCoaYQU,005si8rNhwYkQikIOL
01MLidNDCFKxc232BM,Executive Sponsor,Edit,Read,Read,2023-07-23T19:00:37Z,001O8ZWUKMYoipYYQ7,005gMY3fFnSvHOzQLX
01MsInbnzIEm7wj23R,Support,Read,Edit,Read,2023-07-10T01:56:38Z,001sriFmgu6lhqcIL6,005IKQxHrnOfGBxYIU
01MV4Hf8laPCb6z2OC,Executive Sponsor,Read,Read,Edit,2023-05-20T09:57:29Z,001g6qzdBj5dugTI7C,0051j8xdsf40yysQI6
01M4HvMAD6m28eaUEN,Support,Read,Read,Read,2023-03-27T11:35:10Z,0016z7B3rnZB3aZYDJ,005xwhqeeWgm4agYMN
01Msq5pYENjF9nn2HG,Executive Sponsor,Read,Read,Read,2021-12-10T05:34:49Z,001tvKQbYklnB9tY2P,005hp0uS7WWG0emI9I
01MuLVURmseNtYe2GB,Support,Edit,Edit,Read,2022-06-26T09:40:24Z,001Incobp7HHs7MAA7,005hvPRYHDjoBLOQ3X
01M8M4QccIyvdn124I,Account Manager,Read,Read,Edit,2021-01-08T14:47:40Z,001upirIJhb5AGBA5J,005pFLSqKe2EKv0Q0O
01M1z9g5avKckmWEZU,Support,Read,Read,Read,2022-07-05T16:18:12Z,001mOakw0eBtWL3I8G,0058ltZKG17vpJbQJK
01MbJQEdlfAUnYiUK2,Support,Read,Read,Edit,2024-08-31T20:35:55Z,0016aFsydu36rL2Y22,005VOHFbnLYK0gIIP7
01M4ZiX5ST4H61BMWY,Account Manager,Edit,Read,Read,2022-08-21T06:56:54Z,0014xFF5q1fi7GwQMP,005NradmkgHLf0bIJ5
01M9duoqeSJEdG4MK1,Account Manager,Read,Edit,Read,2022-12-19T13:29:17Z,001yU1qilS2HtnNQUW,0059cNiXLcpBkagI2J
01MEqiW9jCBoDBjEXV,Support,Read,Edit,Read,2025-04-05T21:45:39Z,001t1tQX1aEupiNQXE,005LSah1u1GnYGbYOG
01MRsL8aqUWYU4F2BI,Account Manager,Read,Read,Edit,2024-02-19T22:51:29Z,001v3PBn9EDl48XQNP,0056Go3C6Dl0bjnQEY
01MC6hOIRvuJ2wSU2Q,Executive Sponsor,Edit,Read,Edit,2024-02-12T06:09:16Z,001ILvT4IDtyUZiY3D,005yqybzTtVK8u6IOR
01MMgLKUY6pH6yOUVH,Sales Engineer,Edit,Read,Edit,2021-11-11T00:21:34Z,001ll0htSxmTlUFAHW,0057jDImegCGqG7YZ2
01MMrcIU3LPFMKQMHZ,Sales Engineer,Read,Read,Read,2021-06-25T16:17:24Z,001RPYkI2OuKjJ4ACQ,005yrzZ2QLuB1ZZYH4
01MVRaPCiXuTII9MCG,Sales Engineer,Read,Read,Edit,2022-10-14T10:09:32Z,001O9pjOr1MPWQwQSK,0057pBBoeyfvmpBIQ5
01MqvcZTjfVje22MVS,Sales Engineer,Read,Read,Edit,2022-12-06T14:06:12Z,001K8KFXGzOosWAASK,005MO6uee3FgSiDAVG
01MtMvLds5GE4ZfE9Q,Account Manager,Read,Read,Read,2024-08-21T14:42:31Z,001bEjr0cyFC7SBAXL,005lJuJ789IRmEmQF4
01MEdn3gGCQ7JCVUHL,Account Manager,Edit,Edit,Read,2022-10-20T03:47:43Z,0012Sv7fgBrqn2tAX8,005hvPRYHDjoBLOQ3X
01MQmpNrgAEysa9U3K,Support,Read,Read,Edit,2025-03-13T23:11:51Z,001UhwyHPMFM5liAM5,005uhkQoPWOptXZIZE
01M4jV9kGaBAuEuE5L,Sales Engineer,Edit,Edit,Edit,2024-10-15T19:46:46Z,001tvKQbYklnB9tY2P,005lkwCvvs1NKzQIH0
01MsvXrRDTCslBRM17,Support,Edit,Read,Edit,2022-11-03T23:23:21Z,001TgK7Trt797foQCB,005jW0WkCs1awbUYLA
01MtR9egFnzNolAM51,Executive Sponsor,Read,Edit,Read,2021-05-21T11:07:11Z,0011qafIoKOaGWeA3A,005W8vdEbVdzOCdA62
01MWBE2879qhrSBEYU,Account Manager,Read,Edit,Edit,2022-10-17T14:00:49Z,001HUzAEaUc4liGY2K,005IKQxHrnOfGBxYIU
01MRJ0xQVDg0RzRULR,Support,Read,Edit,Edit,2023-03-22T07:32:41Z,0013e2Rh2QW4yB5YBM,005hvPRYHDjoBLOQ3X
01MLfgCLSHdflawU0O,Support,Edit,Read,Edit,2022-05-28T21:46:49Z,001ExSAKzk0AhqsIN2,005sAEUaULAzZRzQYB
01MojQTQee4c9M827U,Support,Edit,Edit,Read,2022-06-06T19:50:55Z,001MPbzljMNLiv5QZV,005xwhqeeWgm4agYMN
01MOlGigR3SeWG7UBM,Support,Edit,Read,Read,2024-03-09T01:01:28Z,001Rc1LJzjoerNoYJJ,005Me1PVqqNBxKJYQP
01MIuD08V284zbNUFY,Sales Engineer,Edit,Read,Edit,2021-01-25T17:12:32Z,001f3j7ZUJ5YxijYYQ,005Nr8mKUnQ3oinATY
01M9vyTJsDYhxKpE50,Executive Sponsor,Edit,Read,Read,2021-12-20T18:15:27Z,001e9z8TRFaUOARQMA,005lJuJ789IRmEmQF4
01MUUIUYZ4X8zIoMJB,Account Manager,Read,Edit,Read,2025-03-08T21:05:26Z,001dst7EZIkJP6gQAU,005pAoa72XGI02qYGZ
01MxtBK0dQ3bBpEUGS,Account Manager,Edit,Read,Edit,2026-01-20T22:21:04Z,001e0UGOTVraqTKQN3,005ZSIqbJ44gxISAD6
01MpsyDibS8MJ1cM68,Executive Sponsor,Edit,Read,Edit,2026-03-28T01:04:01Z,0019laP52dnqWh3AF4,005uepIIzxcmHrDI1O
01MIISNHkeEmvqEEDQ,Executive Sponsor,Edit,Edit,Read,2021-08-16T07:57:43Z,001qn0PeVSegyj1AFD,005sAEUaULAzZRzQYB
01MZqRNXfmygqEJUZG,Executive Sponsor,Read,Edit,Read,2023-12-15T03:03:44Z,001qwQ0uBTzXeScQCK,005YbujEVi8pPHuINT
01M0E9hsSFWAChCUZX,Support,Edit,Read,Edit,2021-10-20T20:52:49Z,0016qNzHRpaK4VVIC7,0055EGfQDBgoAh8IFH
01MQvsmx6p66O1kET7,Executive Sponsor,Edit,Read,Edit,2022-06-23T21:56:41Z,001LT9I3sxXG212YUI,0057jDImegCGqG7YZ2
01Mp6DACiZ6WpYoEXN,Executive Sponsor,Read,Read,Read,2023-08-25T15:52:56Z,001qP46mGWsPnuOQ5R,005YLX0oRwAflvAQZO
01MIVLeTy1Ccbv12NZ,Support,Edit,Read,Read,2023-10-30T15:45:24Z,001KQsenOWHB4fuQM5,005VOHFbnLYK0gIIP7
01Md5ZsbcKrqycSM0K,Support,Read,Edit,Edit,2023-11-10T20:21:59Z,001FvdsL8UlrHiPQB9,0058ltZKG17vpJbQJK
01MVwqfN0gliuwJUB0,Account Manager,Edit,Read,Read,2026-03-30T22:25:36Z,0013e2Rh2QW4yB5YBM,0051j8xdsf40yysQI6
01MK1Ieyq7Bc8luMNU,Executive Sponsor,Edit,Edit,Edit,2024-09-01T22:43:55Z,001NRMSr13PD4ICIOI,005NvlW1Gc9rLAVAYL
01MKzzOpggUEpAFET8,Account Manager,Read,Edit,Edit,2024-09-21T00:44:37Z,001yVmlwCnpWY0fA4W,0055EGfQDBgoAh8IFH
01MU3P1hZrBLYxdMFT,Sales Engineer,Read,Read,Read,2025-10-05T20:28:58Z,001ax6fYCGAkn42YO7,005hTpAX3O60UK0AAJ
01MZqlKXbUwMsOcUC2,Executive Sponsor,Read,Read,Edit,2024-08-18T11:54:21Z,0016z7B3rnZB3aZYDJ,005RHpTOWiLP3HTIID
01MFIwG8ZvOet6B2ZP,Sales Engineer,Read,Read,Read,2024-08-14T18:24:43Z,001JiaHmTdr5UrJQQJ,005lGkJeYS6wczpY2Q
01MIKjF2odmBShB2L9,Support,Read,Read,Read,2024-11-23T01:45:16Z,001lUr971GtA6wXYCT,005TU4vqRu98dHsY03
01MxdeSbKkPQjqjMR6,Support,Read,Read,Edit,2024-02-16T04:30:47Z,001nyKCWKQ4K1MEQBJ,005YLX0oRwAflvAQZO
01MrGA17sfTQEUnE1X,Support,Read,Read,Read,2021-01-21T12:07:05Z,001j6nRokzRlCs1Y07,005dxKTxH6gxu99IEO
01MiXwHXEFkeTX12NK,Executive Sponsor,Edit,Read,Read,2025-12-10T17:47:06Z,001OXfC2jDKfDmwYPX,005dxKTxH6gxu99IEO
01MmdHV2QsvGIWRERN,Account Manager,Read,Edit,Read,2021-12-28T16:39:53Z,001kIZzocnhLCvOQBW,005LSah1u1GnYGbYOG
01MHZX4c6cmwtcGUJ7,Account Manager,Read,Read,Edit,2026-05-09T01:09:50Z,001A42WSazTcqOlAN5,005RuPGFXVl50YyAI2
01MjWWfySYAwo6uEET,Support,Edit,Read,Read,2023-09-15T04:31:08Z,0016bs349lxRsmUQ0V,005KOXaAvBmat2fYFA
01MXu0Di95zus20UM4,Account Manager,Read,Read,Read,2021-09-02T11:29:08Z,001z1doamdywpaZI4C,005G7PmEiXypty3IQL
01M3l3txutM11jEMYE,Account Manager,Read,Edit,Edit,2022-12-20T04:47:03Z,0016VNR5Nv4nAZ1IGT,005si8rNhwYkQikIOL
01M6RZYgAuNAE8eUGF,Executive Sponsor,Edit,Read,Edit,2024-07-16T10:45:41Z,001qjNM8E6bbhfTQD0,005Me1PVqqNBxKJYQP
01Muq6MQRw0oCbqMSN,Account Manager,Edit,Edit,Edit,2023-11-23T18:52:47Z,001OyqT9LtQtE0fYGU,005i8c7j8gCtwTfYQW
01MDEEW1zCOGB4s2WC,Support,Read,Edit,Edit,2024-10-28T06:42:03Z,001WHkVb04B78wfY3Q,005pAoa72XGI02qYGZ
01MsNFSyCp8owSREQR,Sales Engineer,Edit,Read,Read,2022-12-12T03:21:39Z,001Ql5gfswhLAUiIZH,005lkwCvvs1NKzQIH0
01MjF1wa7vo6y0g2BA,Account Manager,Edit,Edit,Edit,2026-06-19T18:23:04Z,0018wiQDxKxpFvLYGU,005qptAZodwwrZzYUF
01MTeQoUDwqqNiY2AK,Executive Sponsor,Read,Edit,Edit,2021-01-26T04:30:38Z,001LInXZfFVYqWIIEB,005MO6uee3FgSiDAVG
01MSX7hhOOX8aUHUOB,Sales Engineer,Read,Read,Edit,2025-08-14T16:19:26Z,001N2mO6ogfdaXBYDK,005yrzZ2QLuB1ZZYH4
01M4A8LIEGwPxT8ECJ,Support,Edit,Edit,Edit,2022-08-13T09:33:21Z,0019ojrY0cvCQ2UQ6L,005XE0YLnoIgg8hAV9
01MW3Ydemq1rwZ1E9G,Executive Sponsor,Read,Read,Edit,2022-05-08T18:02:12Z,001JTximtecXZZ0IK7,005ztlrbFPcuOLhY8F
01MMlkykovaMiKs2XY,Support,Edit,Edit,Edit,2022-11-02T05:50:30Z,001EocC12jSBhyyIOU,005dxKTxH6gxu99IEO
01MQNH8U4Ls3bSlEIU,Support,Read,Read,Edit,2024-04-24T09:51:51Z,001qjNM8E6bbhfTQD0,005ZSIqbJ44gxISAD6
01MrD4vd0uX9RbF2YK,Support,Read,Edit,Read,2022-06-25T08:55:03Z,0014WYoiYbOMlUgQDX,005NradmkgHLf0bIJ5
01MnkNBttCvcTLpMU5,Executive Sponsor,Read,Read,Edit,2025-04-16T05:39:56Z,001PUaO8FLbQ5tuY7R,005wmbTnVpYGoJ1AGI
01Ma8TmDXbAiCTIE0S,Sales Engineer,Edit,Read,Read,2024-07-18T06:09:34Z,0018fHG08zFMfdsQ4N,005dxKTxH6gxu99IEO
01MeWHHLwWe5tU5E8Z,Account Manager,Read,Edit,Read,2025-08-03T03:00:25Z,001R0OuIWPEowdMYT2,005lGkJeYS6wczpY2Q
01MNzf6mum5gMAzUY9,Executive Sponsor,Read,Read,Read,2021-05-10T04:37:49Z,001IZMzpc9F1Z8oAA7,005uepIIzxcmHrDI1O
01Mj2Jr0jckjclrMUD,Executive Sponsor,Read,Edit,Read,2025-05-06T16:56:27Z,001v3PBn9EDl48XQNP,005ZSIqbJ44gxISAD6
01M0Jon31tgUpioUEV,Support,Edit,Edit,Read,2025-02-05T17:38:42Z,001K8KFXGzOosWAASK,005LSah1u1GnYGbYOG
01Mx7DCgG9PHIPaM5I,Sales Engineer,Read,Edit,Edit,2023-08-24T02:00:07Z,001Ivgehi2RhpxmIXK,0057pBBoeyfvmpBIQ5
01MsaryE9y0ChlP29A,Support,Edit,Edit,Edit,2022-12-30T17:05:52Z,001G40EGKjt7p96I7T,005si8rNhwYkQikIOL
01MJcfErkey5l6LUM0,Support,Edit,Edit,Edit,2024-09-23T09:12:19Z,001Ql5gfswhLAUiIZH,005YbujEVi8pPHuINT
01MY5J46y22AtsjM2E,Support,Edit,Edit,Read,2026-03-14T14:06:35Z,001qxvOxGkxKlKoYCS,005wmbTnVpYGoJ1AGI
01M3KFZ5ptfxZRKEAJ,Executive Sponsor,Edit,Read,Read,2024-09-01T01:13:57Z,001qxvOxGkxKlKoYCS,0056Go3C6Dl0bjnQEY
01Mk0FAnGqwRIyrEDQ,Executive Sponsor,Edit,Edit,Edit,2025-11-19T15:17:41Z,001wZQxrqs61HJWYCI,005lJuJ789IRmEmQF4
01MhM6P3r7NMM41MO3,Executive Sponsor,Read,Edit,Edit,2023-06-17T00:42:56Z,001ZtdM0LykySWPIE4,005ftlxDfFrLcpCQHP
01Mb6fd9iHd9nhuEYR,Sales Engineer,Edit,Read,Read,2022-12-06T18:41:21Z,001zOsseTV2G23QAKL,005TU4vqRu98dHsY03
01MZvpgmRomUqVjUVW,Executive Sponsor,Edit,Edit,Edit,2023-05-18T06:11:27Z,001KQsenOWHB4fuQM5,005lJuJ789IRmEmQF4
01MsDwgbaGoBgE12V0,Executive Sponsor,Edit,Read,Edit,2024-09-03T02:04:12Z,001ViLIuvoOkEvIYR2,005RHpTOWiLP3HTIID
01ModI9q20YOBv3MWX,Executive Sponsor,Read,Read,Edit,2021-12-11T23:47:01Z,001cnLEQk5pZMibQH2,005yqybzTtVK8u6IOR
01MkrNFVz00HKPyE18,Account Manager,Edit,Read,Read,2022-05-30T02:14:06Z,001YrVA37VnfW7fIO3,005xwhqeeWgm4agYMN
01MLEeVrC5MrKjsMRG,Account Manager,Read,Read,Read,2024-12-17T18:12:39Z,001LDvrdIgxRUc4IID,005yrzZ2QLuB1ZZYH4
01Msh9Lc0ouTyQg2XA,Executive Sponsor,Read,Edit,Read,2023-06-14T13:18:51Z,001Oil2EokU3tWpID9,005TU4vqRu98dHsY03
01MoR7DLZmiykJhUBV,Sales Engineer,Edit,Edit,Read,2024-12-13T14:37:12Z,001N2mO6ogfdaXBYDK,005hfmtBm0piYtTY6K
01MZi5NoQfHByRyUWX,Support,Read,Edit,Edit,2021-03-18T05:56:18Z,001OH94vlTF3MI8Y08,005jW0WkCs1awbUYLA
01MELZVaZfvp1doM5X,Sales Engineer,Read,Read,Edit,2022-10-06T03:10:28Z,0014BI0PTpGJAb4ICJ,005yqybzTtVK8u6IOR
01MPznRWrpNrZvRE0L,Account Manager,Read,Read,Edit,2022-12-12T03:24:28Z,001XuarHFEI17I9AWA,005YLX0oRwAflvAQZO
01M2VHtAXeUZbWlE89,Account Manager,Read,Read,Edit,2021-02-02T21:42:44Z,001C3SilogoPTPGIWX,005NvlW1Gc9rLAVAYL
01MKc01PdvcFEgXUGC,Support,Edit,Edit,Read,2022-05-05T00:24:32Z,0010WdqUBYu4EriIM6,005Nr8mKUnQ3oinATY
01M3KnGFabdFTUJUKT,Executive Sponsor,Edit,Read,Edit,2021-03-23T05:35:43Z,001AZHmNsDfQdrZQQD,005VOHFbnLYK0gIIP7
01MG3xv1lN8zr6mU6H,Support,Read,Edit,Read,2024-11-29T16:10:35Z,001kgFF0qALhnGGYD4,0057pBBoeyfvmpBIQ5
01MAr2rFHaOr8meMFF,Account Manager,Edit,Edit,Read,2022-06-19T14:41:32Z,001jKBzUVUKDjFLYTU,005yqybzTtVK8u6IOR
01Mqxk0vDvzfcJo2IT,Support,Edit,Edit,Edit,2022-02-16T05:49:35Z,001ClNAQA1Xn4fUINT,005mKVeNm7pzbbYYYT
01MISVZYnvmTYJaUF6,Executive Sponsor,Read,Edit,Read,2022-10-23T09:30:21Z,001sAtRqmoa84s0IBV,005BLrN0FAgafzHY2K
01MnvfdvR0pR8NGEUY,Account Manager,Read,Read,Read,2026-04-25T21:04:04Z,0018wiQDxKxpFvLYGU,005ZSIqbJ44gxISAD6
01MhR2LGeLBe2Hq2O1,Account Manager,Edit,Edit,Read,2024-08-29T05:04:17Z,001vnn1W5RPN0LPYO8,005hTpAX3O60UK0AAJ
01MdaQLKPXbfR4h2RA,Executive Sponsor,Edit,Read,Read,2022-03-25T06:32:21Z,001yyUUvtYcXQSAY46,005yrzZ2QLuB1ZZYH4
01MQzdRpD9zHYODMNX,Executive Sponsor,Edit,Edit,Edit,2021-05-12T17:48:15Z,001zOsseTV2G23QAKL,0057pBBoeyfvmpBIQ5
01MV5KDI7cJrZXm2C9,Sales Engineer,Read,Read,Read,2023-06-24T04:01:47Z,001U2E3Mrt3KZlKQE7,005MO6uee3FgSiDAVG
01MnxkWr8D50L1ZM2W,Executive Sponsor,Edit,Read,Read,2026-06-03T12:20:31Z,0018YzqdxvbgCoaYQU,005qptAZodwwrZzYUF
01M2cCL0ylu5b12EGK,Executive Sponsor,Edit,Edit,Read,2023-06-16T22:05:05Z,001Hbp8pEhElgRqIO2,005Vo9gpxbtHjOOIMV
01MfdueYEq5NiuHM11,Executive Sponsor,Edit,Edit,Read,2023-07-16T12:24:50Z,001avRKkn0zGBkGQ4J,005si8rNhwYkQikIOL
01M4ul1ctznIttlURB,Support,Edit,Read,Read,2022-05-29T09:49:34Z,001cvG5DjhEsIaIAD0,005VOHFbnLYK0gIIP7
01MoQGosRER9VVZUHG,Support,Read,Read,Edit,2024-06-26T13:50:41Z,001U9TwW1ZhV64GITA,005RuPGFXVl50YyAI2
01MBFgjhFeDSfkP2KO,Sales Engineer,Edit,Edit,Edit,2022-12-27T11:19:28Z,001KqKN8Jf0F9i9AKQ,005TIJckr7dVcDJQZF
01MPCyn2b51QjzqEVL,Sales Engineer,Read,Read,Edit,2022-02-02T02:34:14Z,001gcyiBi1aOx6uAJ7,005pFLSqKe2EKv0Q0O
01M7lngDijDlYvqM2M,Sales Engineer,Read,Edit,Read,2024-11-22T02:59:58Z,001LaewwyaBMECsIRO,005NvlW1Gc9rLAVAYL
01MFqOtf8baRRyN2BP,Sales Engineer,Edit,Edit,Read,2025-10-31T20:06:54Z,001ULaAYdBnWIytQCT,005hp0uS7WWG0emI9I
01MLqPHpzqDz0kmUQG,Account Manager,Edit,Read,Read,2021-06-28T21:03:48Z,001LInXZfFVYqWIIEB,0051j8xdsf40yysQI6
01M29Ku7SXllIXsUIO,Support,Read,Read,Read,2021-06-22T06:01:52Z,001acV09mYJcIa6YCV,005qptAZodwwrZzYUF
01McsgZElsxOPZfEJ1,Support,Edit,Read,Edit,2022-10-18T02:02:54Z,0016aFsydu36rL2Y22,005NradmkgHLf0bIJ5
01MAHgw2OWQvdsP2WJ,Sales Engineer,Edit,Edit,Read,2021-03-29T18:25:24Z,001j6nRokzRlCs1Y07,005mKVeNm7pzbbYYYT
01M3WLR8DM8NSt5EVR,Support,Edit,Read,Read,2023-10-06T19:10:37Z,001DmIO5EqT4tawY4D,0056kxsLcWcZ0y6Y1M
01MkhXcAMGhkkkeUX1,Account Manager,Read,Read,Edit,2023-12-29T07:21:11Z,001uaLZFmzUomVXQGA,005ztlrbFPcuOLhY8F
01M7HAgEhmnOAw6UG8,Support,Read,Read,Edit,2022-06-24T11:19:58Z,001DvFcs2OCjLNHAFJ,005qptAZodwwrZzYUF
01MrDsgEVCEd0KQMOI,Sales Engineer,Read,Read,Edit,2023-09-20T11:22:51Z,001Inbo5xzWKldwA1H,005BLrN0FAgafzHY2K
01Ml88LYXRFcCUOMTV,Executive Sponsor,Edit,Read,Edit,2026-03-04T15:08:02Z,0018haifivYezP7QUH,005BLrN0FAgafzHY2K
01MUIgC3xzzn0Cz2CB,Account Manager,Read,Read,Edit,2025-10-15T02:58:49Z,001iIp10CH2rdjrQCH,005mKVeNm7pzbbYYYT
01MDYKlGF9ueGyJUPJ,Support,Read,Edit,Read,2025-10-07T03:29:53Z,001hY0bG1ZS5TO8AMZ,005VOHFbnLYK0gIIP7
01MMg9khgOXh49NEHF,Sales Engineer,Edit,Edit,Read,2024-09-22T16:14:11Z,00134kztbICJD2tYCZ,0058ltZKG17vpJbQJK
01MDEf8ycJZxMKOELY,Sales Engineer,Edit,Edit,Edit,2024-08-01T21:17:17Z,001jKBzUVUKDjFLYTU,005lGkJeYS6wczpY2Q
01MQr6vwYNkhbBPE6A,Account Manager,Edit,Edit,Read,2023-11-18T17:22:51Z,001M2rDfuFzN9SZI6R,005ztlrbFPcuOLhY8F
01MJxrkU6dyGM2AMRJ,Sales Engineer,Read,Edit,Read,2025-12-24T06:34:49Z,001xWEEO3zOAo9KY3S,005pFLSqKe2EKv0Q0O
01MqRltj0lF82mBUSL,Sales Engineer,Edit,Read,Edit,2023-07-14T03:45:49Z,001L6QQcpJ1qXB2Y62,005xEqNFzxKXya6IGV
01MNvjVqKf5R7ouM6E,Account Manager,Edit,Edit,Read,2024-05-05T20:44:01Z,001Qm6Qlk3KEL3HIOS,0057jDImegCGqG7YZ2
01Mw0FWdBjc9MMMU7Y,Executive Sponsor,Edit,Edit,Read,2023-02-10T16:30:35Z,0012Sv7fgBrqn2tAX8,005W8vdEbVdzOCdA62
01Md4ZEheFUBKm42V8,Executive Sponsor,Edit,Read,Read,2022-08-26T19:49:05Z,001IqTHPQDIx3azQWL,005ztlrbFPcuOLhY8F
01MTKjNwoAewBuuUST,Support,Edit,Edit,Edit,2023-03-01T19:52:16Z,001HgM5pPhwEa9BAOB,005VOHFbnLYK0gIIP7
01MkjXjcooN3B8REMM,Sales Engineer,Read,Edit,Edit,2021-08-29T10:44:57Z,001TOsnOw1hho3AAGT,005ftlxDfFrLcpCQHP
01MacaIzlklA4NUU0I,Support,Edit,Read,Edit,2022-12-30T14:50:31Z,0012VwYreWt0DuEATR,005lGkJeYS6wczpY2Q
01MeaPwYV0dr38PEIR,Executive Sponsor,Edit,Edit,Edit,2022-05-09T04:27:55Z,001ll0htSxmTlUFAHW,005uhkQoPWOptXZIZE
01MCkiBABih9t0C2WO,Executive Sponsor,Read,Read,Read,2022-04-20T10:51:58Z,001FChipDL8FyVaQQG,005si8rNhwYkQikIOL
01MOrrUnzOAnfyW2BG,Account Manager,Read,Edit,Read,2022-09-21T16:16:30Z,001GjfBhJ295BInY2G,005sAEUaULAzZRzQYB
01MPQkgYBBOfWp0MY0,Account Manager,Edit,Read,Read,2021-06-23T22:55:08Z,001ULaAYdBnWIytQCT,005lJuJ789IRmEmQF4
01MNqadvJ8FmyPi24C,Account Manager,Edit,Read,Read,2025-11-24T10:03:11Z,001TOsnOw1hho3AAGT,005ZSIqbJ44gxISAD6
01M78GAOYYEoXniEIJ,Support,Read,Read,Edit,2022-05-11T20:48:08Z,001veU1rKvNzbBRQ2J,005X9VIRE3gtc1zYMH
01Ma8WxUGq8Ng53MOQ,Executive Sponsor,Read,Read,Edit,2023-07-21T15:12:07Z,001I5KBo2Mtskg9I6K,005gMY3fFnSvHOzQLX
01MQLmoFbZhsPsE2A6,Account Manager,Read,Edit,Edit,2024-03-02T18:10:30Z,001I9h4vN2Mpc08I26,005TIJckr7dVcDJQZF
01MM4j7mJFJrirDEBZ,Support,Edit,Read,Read,2025-03-18T23:20:42Z,001DbpAGYxaJeBJQYG,005RuPGFXVl50YyAI2
01MoGBHkOir34uiEK5,Support,Read,Read,Edit,2022-12-05T09:19:55Z,0018c9GjM4ln0cnQIN,005W8vdEbVdzOCdA62
01M8GEYXu1caj2G2IW,Executive Sponsor,Edit,Read,Edit,2025-02-12T01:55:46Z,001qD5B1fJ8KUKBIVO,005xEqNFzxKXya6IGV
01MFGoXgwV6CVeyUIQ,Sales Engineer,Edit,Edit,Read,2021-09-18T23:06:07Z,001kC1LlUdj8c3zY68,005dxKTxH6gxu99IEO
01MQGrvUSzHAF4HMMU,Executive Sponsor,Edit,Read,Edit,2021-09-28T01:09:39Z,001tvKQbYklnB9tY2P,005lGkJeYS6wczpY2Q
01M4zyJ6eTx39yW2XN,Support,Read,Read,Edit,2026-03-04T01:40:08Z,001gQSNxeXgntf7YR3,0055EGfQDBgoAh8IFH
01MuFF0IVQ2xCuNMX9,Sales Engineer,Edit,Read,Edit,2023-11-08T20:29:45Z,001yWq2JW5BZvvMQ0L,005KOXaAvBmat2fYFA
01M0e927XzIliWOULA,Executive Sponsor,Read,Edit,Read,2026-03-04T10:28:13Z,001OH94vlTF3MI8Y08,005si8rNhwYkQikIOL
01MsOtNvS1RXlGjM1K,Support,Edit,Edit,Edit,2025-10-22T09:32:57Z,001z1doamdywpaZI4C,005uhkQoPWOptXZIZE
01M2bMQcnXGVQjG280,Account Manager,Edit,Read,Read,2024-05-05T02:29:24Z,0012Mm2CXMo3FSXAIK,005pAoa72XGI02qYGZ
01MHmcKmxcjtyfl2AQ,Executive Sponsor,Edit,Read,Read,2026-02-20T18:42:07Z,001jIiXAhBEHXIPYQP,005hfmtBm0piYtTY6K
01MiBB7hVjXTV0eU39,Executive Sponsor,Edit,Read,Read,2026-04-08T22:27:18Z,0014WYoiYbOMlUgQDX,005hTpAX3O60UK0AAJ
01MIudfRqCer7l7MPT,Executive Sponsor,Edit,Edit,Edit,2024-12-28T02:10:31Z,001uKtjv3QWz3nDQSN,005Me1PVqqNBxKJYQP
01MANV8lpcumj7f2N4,Sales Engineer,Edit,Edit,Edit,2021-08-14T03:04:00Z,001KInyPfEAkhgcQEO,005Vo9gpxbtHjOOIMV
01MuL4vOc9xHxyDMH7,Executive Sponsor,Read,Edit,Read,2024-02-06T14:27:54Z,001mdSX3YnkEjM0IVS,005Me1PVqqNBxKJYQP
01M2nQsoLMnZDixUTG,Sales Engineer,Edit,Read,Edit,2023-05-31T08:59:40Z,001ZtdM0LykySWPIE4,0056BILiQX0m1w8QY3
01MnWMpmAoFRx5G2W5,Support,Read,Read,Read,2024-12-17T02:48:37Z,001SDonDyKHRDRwYPS,005i8c7j8gCtwTfYQW
01MqV0E4gTURtvUUQM,Support,Edit,Read,Edit,2023-09-16T01:10:53Z,0014RvX7ofOXrw9I9V,005yqybzTtVK8u6IOR
01MEkN31mJ779lVUPL,Sales Engineer,Edit,Edit,Edit,2025-03-16T02:39:41Z,001zKmRfZNU4LdqIBJ,005RHpTOWiLP3HTIID
01MsbhGQ4UXmbnHM2S,Support,Edit,Read,Read,2021-08-12T06:52:10Z,001TgK7Trt797foQCB,005gMY3fFnSvHOzQLX
01MOVJWiEynpT8eMMI,Account Manager,Edit,Read,Read,2021-05-31T18:43:07Z,001CXiPlYrfwSgoQU2,0056kxsLcWcZ0y6Y1M
01MVEq5RvKmcqRd2U3,Sales Engineer,Edit,Read,Read,2021-05-31T13:41:53Z,001Dr3VLTdygyPzIUT,005xwhqeeWgm4agYMN
01MkVxC11NqaWJTU9P,Sales Engineer,Edit,Read,Read,2025-11-03T00:26:39Z,001kpkteJ4XLaaYQTV,005LSah1u1GnYGbYOG
01MUf13bBRZ1zkt2AN,Support,Edit,Read,Edit,2022-11-19T18:48:25Z,0017zKMESrLRf4iY3C,005XE0YLnoIgg8hAV9
01M8fgFVcoMS1PcEBP,Sales Engineer,Edit,Edit,Edit,2021-11-26T12:30:21Z,001kBV5ho7M1GOwA4E,005XE0YLnoIgg8hAV9
01M9ptFPk2Vcb0lMX6,Support,Read,Read,Edit,2024-01-20T05:20:13Z,001Pv3IESUoMrhiAAG,005wmbTnVpYGoJ1AGI
01MRLMnrrfOr7DIMMN,Executive Sponsor,Read,Read,Edit,2021-07-31T04:16:08Z,001Qm6Qlk3KEL3HIOS,005wmbTnVpYGoJ1AGI
01M1CTHpKI2NN5C2RX,Executive Sponsor,Read,Read,Edit,2023-03-18T05:48:34Z,00180qOlX8UtZ7HQTK,005dxKTxH6gxu99IEO
01M4OrjOyVemaY9M6B,Executive Sponsor,Read,Edit,Edit,2021-12-14T08:59:15Z,001qjNM8E6bbhfTQD0,0057pBBoeyfvmpBIQ5
01MS0N3ZbiFjmiME98,Sales Engineer,Read,Read,Edit,2025-12-17T06:54:48Z,001Hbp8pEhElgRqIO2,0051j8xdsf40yysQI6
01MzSdW9Sfx7Rdx2D3,Executive Sponsor,Edit,Read,Read,2025-06-11T11:37:54Z,001XuarHFEI17I9AWA,005BLrN0FAgafzHY2K
01M7qfGJVFWw9u3M34,Account Manager,Edit,Edit,Read,2021-06-28T23:23:31Z,001g2MhymLdN59YQJG,005uhkQoPWOptXZIZE
01McF4IoYvszVy3UZL,Sales Engineer,Edit,Read,Read,2023-05-26T16:25:59Z,001CXiPlYrfwSgoQU2,005jW0WkCs1awbUYLA
01MPJNRwSUYPlA62U9,Sales Engineer,Edit,Read,Read,2024-08-03T05:48:27Z,001OR7GRtb417SOIE9,005Vo9gpxbtHjOOIMV
01MEkah2M5W7OvH2MU,Support,Edit,Edit,Read,2024-11-16T06:58:17Z,001JX719udcxa4uA9H,005IKQxHrnOfGBxYIU
01MTGSyAupiGVHS2RK,Account Manager,Edit,Read,Read,2025-05-04T12:53:49Z,001r2Zt5bJoZh5cI46,005YbujEVi8pPHuINT
01MLmIqZ1frLvwVMB6,Executive Sponsor,Edit,Read,Read,2025-04-16T11:50:49Z,001lppe6kqinEz1A7H,005LSah1u1GnYGbYOG
01MT8jwLVMveQVoU30,Account Manager,Edit,Read,Read,2026-05-06T11:08:04Z,001UFuHNhHx2c9ZQQ9,0055EGfQDBgoAh8IFH
01MKJFJxiSheAsrUPZ,Account Manager,Read,Read,Read,2021-05-03T21:00:43Z,001RiZCg1UERbAvQWO,0055EGfQDBgoAh8IFH
01MukWKElJdkV4UUI3,Executive Sponsor,Read,Edit,Edit,2021-09-26T01:29:11Z,001FChipDL8FyVaQQG,005dxKTxH6gxu99IEO
01MFEnFUPzNUT8z282,Support,Edit,Edit,Edit,2023-06-02T17:18:56Z,001tvKQbYklnB9tY2P,0056BILiQX0m1w8QY3
01MKRnOTafaq17C205,Support,Read,Read,Edit,2025-01-12T10:04:59Z,001wHDsRuiwyR4oI2F,005uhkQoPWOptXZIZE
01Me9ikqbC9N6yJMCI,Sales Engineer,Edit,Edit,Read,2026-04-29T06:15:20Z,001FvdsL8UlrHiPQB9,005uhkQoPWOptXZIZE
01MCz3sPAYDHKLCU5O,Support,Read,Edit,Read,2021-04-21T13:41:30Z,001JcZQ7uhRMVxxILW,005uepIIzxcmHrDI1O
01MIZZzl5AGtkOBMLQ,Account Manager,Read,Read,Read,2023-12-31T00:03:05Z,001tvKQbYklnB9tY2P,005pFLSqKe2EKv0Q0O
01Mv2epjMbTAhrtEGG,Sales Engineer,Edit,Read,Edit,2023-11-21T13:19:38Z,001FvdsL8UlrHiPQB9,005hvPRYHDjoBLOQ3X
01Mu7Mcl2TlWfif2UJ,Sales Engineer,Edit,Read,Edit,2023-05-02T03:22:57Z,001HN4NjiBD6CXII3H,005NradmkgHLf0bIJ5
01MjeCWVWcUZTsUEP9,Support,Read,Edit,Read,2025-11-08T00:58:23Z,001MPbzljMNLiv5QZV,005jW0WkCs1awbUYLA
01MpqYcPFRI5Z6n2YA,Account Manager,Edit,Edit,Read,2024-06-24T23:54:59Z,001GIi2sHi8hI1AQ7T,005yqybzTtVK8u6IOR
01MWC5qudQVcH5xU6S,Sales Engineer,Edit,Read,Edit,2024-03-08T17:43:56Z,001G40EGKjt7p96I7T,005IKQxHrnOfGBxYIU
01MRARrNdh6q68tEPA,Account Manager,Read,Edit,Edit,2025-04-10T05:13:33Z,001NlUpPvRS2wnzIYM,0051j8xdsf40yysQI6
01Mgwv0uXuyvokqMY3,Account Manager,Read,Edit,Edit,2022-09-05T23:46:49Z,0011JBrPJ5YTub6QBD,005Vo9gpxbtHjOOIMV
01MbZsYJFA1YvQMMF1,Executive Sponsor,Read,Edit,Edit,2025-03-04T07:50:38Z,001b9Ubd6IpdBJKANL,005qptAZodwwrZzYUF
01MnuZMgNEPdviXU6D,Executive Sponsor,Edit,Edit,Read,2022-05-25T15:15:02Z,001MMbrZQQUkCyfI5Q,0055EGfQDBgoAh8IFH
01MqPGaSHmRB4BD2ER,Sales Engineer,Read,Read,Edit,2025-12-06T06:45:41Z,00195IoHhooLntmYBW,0056Go3C6Dl0bjnQEY
01MJaVJE0kFYIQGM8H,Account Manager,Read,Edit,Read,2023-08-04T03:54:44Z,0018c9GjM4ln0cnQIN,005uepIIzxcmHrDI1O
01M7SCpq4lWJsh6MUI,Support,Edit,Read,Edit,2021-04-14T14:00:28Z,001lpuGrFmSTBnuY0M,005gMY3fFnSvHOzQLX
01MnCHuUAIRpZ3q2G2,Support,Edit,Edit,Edit,2021-01-25T04:20:12Z,001mC8KS3W25A4qI66,0056BILiQX0m1w8QY3
01MnQOGEPTDcFIXEF8,Executive Sponsor,Edit,Read,Edit,2025-01-17T00:27:39Z,001pTLwbTFSx0AVIHA,0058ltZKG17vpJbQJK
01MbuxXXoHMovtwUOX,Account Manager,Read,Read,Edit,2024-08-17T19:02:45Z,001eRJ4GILnQbQxQA2,005qptAZodwwrZzYUF
01M1mHMPb6TRafz2YD,Account Manager,Edit,Edit,Edit,2022-08-04T15:18:08Z,001JiaHmTdr5UrJQQJ,005uepIIzxcmHrDI1O
01MYYp1zBXU0hHeMCD,Support,Read,Read,Read,2021-10-18T02:57:06Z,001Pv3IESUoMrhiAAG,005XE0YLnoIgg8hAV9
01MhY75ZqYkb5F52RT,Account Manager,Edit,Read,Read,2024-12-06T15:03:59Z,001nyKCWKQ4K1MEQBJ,005XE0YLnoIgg8hAV9
01MkCekojULPCcYMMV,Account Manager,Read,Read,Edit,2022-06-04T00:01:13Z,001KKprsa8fDGWEQ2J,0056Go3C6Dl0bjnQEY
01MKPScU7pF2NmRE1Z,Account Manager,Read,Edit,Read,2021-07-16T02:08:40Z,001pOXC8pNylRaRY5A,005ftlxDfFrLcpCQHP
01MEB9rwSIfQr38E5F,Support,Read,Edit,Read,2025-07-18T11:46:57Z,001M2rDfuFzN9SZI6R,005pAoa72XGI02qYGZ
01MFIcAcfFE8fuM2FA,Account Manager,Read,Read,Edit,2024-05-04T07:10:30Z,0017Pw79T9KgAdXIW1,005qptAZodwwrZzYUF
01MbVynM6wuxCg4E28,Sales Engineer,Edit,Edit,Read,2021-06-06T08:07:57Z,0010APGD8asQ2PkIS9,0059cNiXLcpBkagI2J
01MVguyUi2wWouuMWM,Sales Engineer,Edit,Read,Read,2022-10-23T22:40:08Z,001GbztdrMfr2gJYIG,005W8vdEbVdzOCdA62
01Mqhmf7zOV3paR273,Executive Sponsor,Read,Edit,Edit,2022-06-16T07:37:53Z,001tvKQbYklnB9tY2P,005wmbTnVpYGoJ1AGI
01MfEd5Z5u3gXZjM94,Account Manager,Read,Edit,Read,2025-11-22T13:08:46Z,001zC4hdWCH77CfYVC,005RuPGFXVl50YyAI2
01Mtq9pP9yqXuazMSC,Executive Sponsor,Read,Edit,Read,2025-12-21T11:47:50Z,0010WdqUBYu4EriIM6,005YLX0oRwAflvAQZO
01ME7Q8MlvGBjwPMUT,Sales Engineer,Edit,Edit,Read,2026-04-12T12:17:10Z,001b6p7wMuocXZFIKR,005W8vdEbVdzOCdA62
01MWghzsL3sumYBUXB,Account Manager,Edit,Edit,Read,2024-03-10T20:46:22Z,001yGC8xttQVvNRYNT,005Vo9gpxbtHjOOIMV
01MBdYb52mWTWStU3U,Account Manager,Edit,Edit,Edit,2023-08-03T20:25:15Z,001CXiPlYrfwSgoQU2,005xEqNFzxKXya6IGV
01MBFUee72tDo5cU2G,Account Manager,Read,Edit,Edit,2022-10-01T14:15:08Z,0013e2Rh2QW4yB5YBM,0057jDImegCGqG7YZ2
01M7HG7gc6Kytm7UJ6,Executive Sponsor,Edit,Read,Edit,2025-01-24T05:33:50Z,001oowXHzEaXod1YS1,005lGkJeYS6wczpY2Q
01MerO1ZUB9Tq1N225,Support,Edit,Read,Read,2025-03-01T11:34:00Z,001mmu9iYNsqBnfYFC,005lJuJ789IRmEmQF4
01M1Zs5mhowH4SzEAN,Account Manager,Edit,Read,Edit,2024-01-09T01:45:29Z,001x87pLwsHhY3bAD8,005xEqNFzxKXya6IGV
01MyE5xzojUtoASM8Q,Account Manager,Edit,Read,Edit,2025-07-16T23:56:47Z,001O8ZWUKMYoipYYQ7,005uhkQoPWOptXZIZE
01MUADxDFOXdxS72ST,Support,Read,Edit,Read,2023-02-01T22:14:44Z,001vnn1W5RPN0LPYO8,005xwhqeeWgm4agYMN
01M3P9rZT5ZwPr2U16,Support,Edit,Read,Read,2026-03-30T00:54:18Z,00142tCTlA12GP8QFU,005VOHFbnLYK0gIIP7
01Mr90J30vhwzeMEEZ,Account Manager,Edit,Read,Edit,2023-08-23T08:36:02Z,001kIZzocnhLCvOQBW,0057jDImegCGqG7YZ2
01Mw9wt1uHhJp5A2SR,Support,Edit,Read,Edit,2023-08-09T00:01:29Z,001GikJVQQYFMgSI6M,0057jDImegCGqG7YZ2
01MViYfWGstaj5N25J,Account Manager,Read,Read,Read,2023-09-07T16:20:36Z,001TBaHImIEtjplQN7,005k3rdmx8LrOE0AIT
01MHkvUxW7GF5acES6,Support,Read,Read,Edit,2022-09-15T02:05:53Z,001g2MhymLdN59YQJG,005gMY3fFnSvHOzQLX
01MYQfqjuwNbX8qE99,Executive Sponsor,Edit,Read,Read,2024-06-21T22:37:09Z,001U2E3Mrt3KZlKQE7,005xwhqeeWgm4agYMN
01MEvlVQf3z2vysUPI,Support,Read,Edit,Edit,2022-05-18T03:04:32Z,001yQSD3rwvt3ZBAV9,005hp0uS7WWG0emI9I
01MuUYmi6hcn6iF2I6,Support,Edit,Read,Read,2023-05-26T17:32:59Z,001Hmzu237idVEDY59,005RuPGFXVl50YyAI2
01MdDOoqxMxc35PED3,Executive Sponsor,Read,Read,Edit,2022-12-25T01:47:13Z,001eRJ4GILnQbQxQA2,005Nr8mKUnQ3oinATY
01M7oDxlG6o2U4dUMZ,Executive Sponsor,Edit,Edit,Edit,2025-08-25T12:36:12Z,001INTCL5X3OptCYRO,0056BILiQX0m1w8QY3
01MFVEJOikHNDZlM75,Sales Engineer,Read,Read,Read,2022-10-13T19:59:06Z,001BjMFM5mN692fQ0D,005lGkJeYS6wczpY2Q
01MJjXRkDf1a6WPUC4,Support,Edit,Edit,Read,2023-07-18T16:57:13Z,001acV09mYJcIa6YCV,005lGkJeYS6wczpY2Q
01Mwrt87enTtFYf2SY,Support,Edit,Read,Edit,2024-03-15T11:10:07Z,001GikJVQQYFMgSI6M,005NradmkgHLf0bIJ5
01M5vUtZ5jMyJBCE8E,Support,Edit,Edit,Read,2024-11-06T06:12:34Z,001R0OuIWPEowdMYT2,005Vo9gpxbtHjOOIMV
01M3MJyHbGkhqfm2A5,Support,Read,Edit,Read,2024-09-09T09:15:47Z,001upirIJhb5AGBA5J,005xEqNFzxKXya6IGV
01Mi5OJBvcY0wN2MVL,Account Manager,Read,Read,Read,2023-11-13T23:44:25Z,001XFpYyxD2bjtqY54,005YbujEVi8pPHuINT
01MILICTIx6jYu2UQF,Account Manager,Read,Read,Read,2021-08-27T00:37:02Z,001vXGsLaTZksTjQHC,005sAEUaULAzZRzQYB
01MVGnEhTxIO5I52HS,Executive Sponsor,Read,Edit,Edit,2024-10-31T02:24:14Z,001pTLwbTFSx0AVIHA,0055EGfQDBgoAh8IFH
01MlDGpfFQIvGErM6G,Account Manager,Read,Edit,Edit,2024-10-26T14:05:16Z,001ibK3DfU4t31gYAM,005W8vdEbVdzOCdA62
01MU0eXwJUgEJMb2M8,Account Manager,Read,Read,Read,2021-11-19T19:28:07Z,001b6p7wMuocXZFIKR,005si8rNhwYkQikIOL
01M1ovyUajr8GnzE6Z,Account Manager,Edit,Edit,Edit,2021-12-11T02:43:58Z,001UFuHNhHx2c9ZQQ9,005lGkJeYS6wczpY2Q
01MxGBOJquD5MFS22S,Account Manager,Read,Edit,Read,2024-04-01T04:02:11Z,001B9D5LGsgGdbtAQA,005qptAZodwwrZzYUF
01MHij5n3PkI4UV2LD,Executive Sponsor,Read,Edit,Read,2023-12-10T22:16:55Z,001gn26KfjMg4ZII8J,005NradmkgHLf0bIJ5
01MVGklfQkszj9DE8B,Support,Read,Edit,Edit,2024-01-06T21:56:26Z,001aRI7kJhlvTf0QY9,0056kxsLcWcZ0y6Y1M
01MLwEdC0HhL4elEM9,Account Manager,Read,Edit,Edit,2026-03-04T17:54:58Z,001v16OKJFuZcV0QCS,0056BILiQX0m1w8QY3
01MWywFxleUlK4bENW,Account Manager,Read,Edit,Read,2025-06-06T17:28:12Z,001v3PBn9EDl48XQNP,005X9VIRE3gtc1zYMH
01MZyIUPB7Q40ZH2AN,Executive Sponsor,Read,Edit,Edit,2025-10-09T22:43:36Z,00134G8VQW0MQTYI8N,0059cNiXLcpBkagI2J
01MehdujDFoavUFEZL,Executive Sponsor,Edit,Edit,Edit,2026-02-05T09:22:15Z,001cML7G0gkmAuyYXM,005hp0uS7WWG0emI9I
01Mmfuq1U4jyavJM2X,Sales Engineer,Read,Edit,Edit,2021-07-21T18:07:04Z,0010APGD8asQ2PkIS9,0056Go3C6Dl0bjnQEY
01Mu7Y3I0s4SuxyMMC,Account Manager,Edit,Read,Read,2021-12-22T21:01:31Z,001We3no8uGmxSIY96,005Vo9gpxbtHjOOIMV
01M71CBdIpF27r3M0J,Executive Sponsor,Edit,Read,Edit,2022-08-09T20:56:45Z,001j7iSsvqojgmCYMF,005TU4vqRu98dHsY03
01MPpCw1ONfTY2lMN6,Executive Sponsor,Edit,Read,Edit,2025-10-14T01:38:06Z,001xCcjaWJxjfQtAJX,005BLrN0FAgafzHY2K
01MP82QUNe05oJ3E7L,Sales Engineer,Read,Edit,Edit,2021-10-02T22:09:33Z,001pTLwbTFSx0AVIHA,005s4Xb2ZkbCAMvQEZ
01M6rFX5HlhRH5A20B,Executive Sponsor,Read,Read,Read,2023-12-20T10:40:34Z,001n3aMHCveux7aI17,005YLX0oRwAflvAQZO
01Mj9WeMTwGved9USC,Support,Edit,Read,Edit,2025-11-19T17:54:29Z,001OPCPaC5KbkUKAXY,005jW0WkCs1awbUYLA
01MwZQ3gUc4vpQ2EFP,Support,Read,Edit,Read,2021-05-19T23:58:37Z,001MVhM44DqZNFnI35,0056Go3C6Dl0bjnQEY
01MdC3sfPbmEXUEUA2,Account Manager,Read,Read,Read,2022-12-06T16:59:54Z,001xCcjaWJxjfQtAJX,005i8c7j8gCtwTfYQW
01MsUia14ulobUxMGY,Account Manager,Edit,Read,Read,2022-09-05T21:55:43Z,001CQsu3nn5gAVpQ7B,005sAEUaULAzZRzQYB
01MragkiTw3556LEJV,Sales Engineer,Edit,Read,Read,2023-08-17T13:22:38Z,001b6p7wMuocXZFIKR,005dxKTxH6gxu99IEO
01MRBb6xUO3tLR5E16,Sales Engineer,Edit,Read,Edit,2022-04-29T23:04:11Z,001vYy7997Ekj5pAHO,0057pBBoeyfvmpBIQ5
01MB77CKxUShXOIU07,Account Manager,Read,Edit,Edit,2026-01-17T12:37:04Z,001tvKQbYklnB9tY2P,005Nr8mKUnQ3oinATY
01MshdzB0tTJkg6U00,Account Manager,Edit,Read,Edit,2022-12-03T11:08:15Z,001HMeyM0ISzwz5I0E,005TU4vqRu98dHsY03
01MnDvTgOLfQfJdU7V,Support,Edit,Edit,Edit,2022-12-04T08:05:45Z,001GJ2vwlaXONX0IFT,005RHpTOWiLP3HTIID
01MwPTcJ6UEgRBk2NL,Executive Sponsor,Edit,Edit,Read,2023-11-23T20:20:06Z,001I5KBo2Mtskg9I6K,0057pBBoeyfvmpBIQ5
01MfeD0FOfzkQAcEY1,Sales Engineer,Edit,Read,Read,2025-04-27T23:17:45Z,001JX719udcxa4uA9H,005Nr8mKUnQ3oinATY
01MEOi5L9DjNZT5UAJ,Account Manager,Edit,Edit,Edit,2023-10-01T10:28:59Z,001mdSX3YnkEjM0IVS,005gMY3fFnSvHOzQLX
01MSuuuW7aZf1lJEI5,Sales Engineer,Edit,Edit,Edit,2021-06-19T14:52:58Z,001Hmzu237idVEDY59,005i8c7j8gCtwTfYQW
01MV89ivEanUACMEA7,Account Manager,Edit,Edit,Read,2022-10-25T09:29:17Z,0018sCn7wzuyGKcIWS,005hp0uS7WWG0emI9I
01My1XnFy4J7EPTMHY,Support,Edit,Read,Read,2022-05-31T03:28:16Z,001gcyiBi1aOx6uAJ7,005xEqNFzxKXya6IGV
01MKEKKynylKYh1EJR,Support,Edit,Edit,Edit,2021-08-07T15:28:14Z,001Ivgehi2RhpxmIXK,005xwhqeeWgm4agYMN
01M4DLtwLzlhegSUR1,Sales Engineer,Edit,Edit,Edit,2024-04-13T07:22:18Z,00152hx60eiLsO2QGQ,005i8c7j8gCtwTfYQW
01MwqKUHcQM7X10MIG,Account Manager,Read,Read,Edit,2022-05-06T02:54:31Z,001Oil2EokU3tWpID9,005W8vdEbVdzOCdA62
01MBenVawgvRdhEM9O,Sales Engineer,Edit,Read,Read,2024-07-01T01:04:00Z,001LaewwyaBMECsIRO,005KOXaAvBmat2fYFA
01Mhhx0wj5llpLxES4,Executive Sponsor,Read,Edit,Read,2023-05-08T10:18:04Z,001dVg5Hd2ux7OeY11,0056Go3C6Dl0bjnQEY
01MZVeTDhdt2dsh2WR,Account Manager,Edit,Edit,Edit,2022-06-27T03:38:41Z,001ygA3FAG75gTTAXO,0056kxsLcWcZ0y6Y1M
01MfqFBjiIzW4mJMZU,Support,Edit,Edit,Read,2021-07-19T02:39:24Z,001kBV5ho7M1GOwA4E,0056BILiQX0m1w8QY3
01MefriUIndbmQi2SZ,Executive Sponsor,Read,Edit,Edit,2021-05-23T10:05:55Z,001GbztdrMfr2gJYIG,005RuPGFXVl50YyAI2
01MXURqCWbTVbXhM1X,Sales Engineer,Edit,Edit,Edit,2021-08-02T21:26:15Z,001vuI7W5NKUSqVAGG,005NradmkgHLf0bIJ5
01MIcnSup5xwbj8UX5,Executive Sponsor,Read,Edit,Read,2025-12-19T20:58:36Z,001FifSg7G2gzZrY2M,005xEqNFzxKXya6IGV
01MjZ3uPmaBFGqLEJM,Account Manager,Edit,Edit,Read,2021-03-07T09:36:27Z,001mGDaaFm0faepARX,005ftlxDfFrLcpCQHP
01Mym8XH54towUAM0C,Sales Engineer,Edit,Read,Edit,2025-04-03T16:15:22Z,001cnLEQk5pZMibQH2,005qptAZodwwrZzYUF
01M5oajIX7cGQURMK3,Executive Sponsor,Edit,Edit,Read,2021-12-10T17:49:18Z,001o5vm8lqkBKW6I3B,0056Go3C6Dl0bjnQEY
01MMEQ9sydGiuaTMTU,Executive Sponsor,Edit,Read,Edit,2025-01-01T10:29:35Z,001MVhM44DqZNFnI35,005YbujEVi8pPHuINT
01MovHx9kz9fol5EYH,Support,Edit,Read,Edit,2023-10-13T10:09:19Z,0010APGD8asQ2PkIS9,005hfmtBm0piYtTY6K
01Mc51uyCZqn7RGEHU,Support,Read,Read,Read,2022-06-25T16:31:51Z,001rayeK09xezjmQSY,0057pBBoeyfvmpBIQ5
01MH7qW0RrIf2IYEB2,Executive Sponsor,Edit,Edit,Read,2023-04-26T21:14:54Z,001b1XyoVMftFmnY3Z,005lJuJ789IRmEmQF4
01MkShcj2viCw5TMJN,Account Manager,Read,Read,Read,2024-01-03T03:45:38Z,001PygtS3FHgKj8Q8G,005BLrN0FAgafzHY2K
01MvHmEu1teM94PM1E,Support,Edit,Read,Read,2023-03-31T13:58:36Z,001EM3ljRRvtOqaQZO,005TU4vqRu98dHsY03
01M1GtV4Ict04FNEW1,Account Manager,Edit,Read,Read,2026-05-25T10:27:14Z,001mGDaaFm0faepARX,0057pBBoeyfvmpBIQ5
01MnkXV94MmiHklMZ8,Executive Sponsor,Edit,Edit,Edit,2024-10-31T02:51:05Z,001O9pjOr1MPWQwQSK,005LSah1u1GnYGbYOG
01M5ILhiyDiIevt293,Account Manager,Edit,Read,Read,2023-12-28T10:52:35Z,001Ivgehi2RhpxmIXK,005qptAZodwwrZzYUF
01M2z8OFoEaXX7vMMV,Sales Engineer,Read,Read,Edit,2026-04-09T15:09:51Z,001qD5B1fJ8KUKBIVO,005yrzZ2QLuB1ZZYH4
01MloYmCtWBZBuP2RG,Executive Sponsor,Read,Edit,Read,2023-12-08T17:52:25Z,0018VJzGTzgcunuQ03,0058ltZKG17vpJbQJK
01MNppiCs4lDaSeU39,Sales Engineer,Read,Read,Edit,2023-08-10T03:58:25Z,001GikJVQQYFMgSI6M,005X9VIRE3gtc1zYMH
01Me3rQFthhLnaWECM,Account Manager,Edit,Edit,Read,2025-06-03T21:18:34Z,001TtyIW37HieQzYDX,005hvPRYHDjoBLOQ3X
01Mqd9PO8LDebE5E38,Sales Engineer,Edit,Read,Edit,2026-01-08T05:03:23Z,001fPZTPr8lY6HWABF,005pAoa72XGI02qYGZ
01M5JkD8rxJKlM6UAE,Sales Engineer,Read,Read,Edit,2024-12-27T03:03:07Z,00152hx60eiLsO2QGQ,005MO6uee3FgSiDAVG
01MagA5i7wNzsgYUXQ,Executive Sponsor,Edit,Read,Edit,2024-11-21T01:10:42Z,001ULTfosWQTQf5QW1,005hvPRYHDjoBLOQ3X
01MUE0NYiRwgqPD2N0,Sales Engineer,Read,Edit,Edit,2025-06-17T05:38:23Z,0018sCn7wzuyGKcIWS,005NvlW1Gc9rLAVAYL
01ME1UWmibHLwNc2DM,Executive Sponsor,Edit,Edit,Edit,2022-07-27T18:03:00Z,001oTVBgpJb5kxRYJO,0056BILiQX0m1w8QY3
01MwztBM5oawTRg2T2,Executive Sponsor,Edit,Edit,Edit,2024-10-13T07:43:23Z,001RPYkI2OuKjJ4ACQ,0056BILiQX0m1w8QY3
01MSlUTtiU6fqICUD9,Account Manager,Edit,Edit,Edit,2025-11-18T05:48:19Z,001Y7WfxpecwwzUQ8R,005TU4vqRu98dHsY03
01Miw7FlHQAyT63EFA,Sales Engineer,Edit,Edit,Edit,2022-08-01T12:46:10Z,001lY6NBb5ge9JhIW4,005Me1PVqqNBxKJYQP
01Mnx9tBozVBOPYUU9,Executive Sponsor,Edit,Edit,Read,2024-03-06T23:21:51Z,001oowXHzEaXod1YS1,005mKVeNm7pzbbYYYT
01MHsJglX4rCsWtEIZ,Support,Edit,Edit,Read,2023-10-02T20:24:25Z,0018sCn7wzuyGKcIWS,005pFLSqKe2EKv0Q0O
01M1oHztqR6nbZAEEX,Support,Read,Read,Edit,2023-03-15T14:50:35Z,001CQsu3nn5gAVpQ7B,005BLrN0FAgafzHY2K
01MUcMIWvwUs6qiUC8,Sales Engineer,Read,Read,Edit,2023-09-24T08:40:40Z,001TgK7Trt797foQCB,005dY26xUNDmki4A5N
01My0qWQn1pa1CPMMO,Account Manager,Edit,Read,Read,2023-02-27T14:09:11Z,001OLEw0xIyryQpQ2X,005RuPGFXVl50YyAI2
01MEX2NfYCpMG05UVO,Executive Sponsor,Read,Read,Edit,2024-09-03T01:54:53Z,001PFA4WC7yjw84AX1,005BLrN0FAgafzHY2K
01MHxz47CGJTNdK2U6,Account Manager,Read,Read,Read,2025-03-31T19:46:02Z,001aRI7kJhlvTf0QY9,005pAoa72XGI02qYGZ
01MQ4f8SKOiEClvMGD,Sales Engineer,Read,Read,Edit,2022-11-20T13:53:23Z,001Y94eVbSCMZThYRA,005hTpAX3O60UK0AAJ
01M9anu7MOafVO4207,Account Manager,Read,Edit,Read,2024-07-08T03:05:07Z,001tvKQbYklnB9tY2P,005lJuJ789IRmEmQF4
01M5mQ5bhRy44PBM98,Support,Read,Read,Read,2023-06-25T22:38:35Z,001j7iSsvqojgmCYMF,005W8vdEbVdzOCdA62
01MUFdCDke04LrJ2R0,Support,Edit,Edit,Edit,2024-07-20T13:52:26Z,001K8KFXGzOosWAASK,005YbujEVi8pPHuINT
01MrrYayV15ypdsUGO,Account Manager,Read,Edit,Read,2023-03-02T08:10:16Z,001L6QQcpJ1qXB2Y62,005ZSIqbJ44gxISAD6
01Mr45RN91UaOEXEB7,Account Manager,Read,Read,Edit,2023-03-10T05:16:15Z,001z1doamdywpaZI4C,005lGkJeYS6wczpY2Q
01MwGiCxXoDuBbBENI,Account Manager,Read,Edit,Edit,2022-03-01T08:50:13Z,001HMeyM0ISzwz5I0E,005MO6uee3FgSiDAVG
01M5503s8K0rtKUUO6,Account Manager,Read,Read,Edit,2024-03-01T10:34:36Z,001JcZQ7uhRMVxxILW,005RHpTOWiLP3HTIID
01MLMvGeIncKPTlETU,Account Manager,Read,Edit,Read,2026-02-05T22:07:49Z,001OXfC2jDKfDmwYPX,005jW0WkCs1awbUYLA
01MOODqLG9jG3sNEBS,Support,Read,Read,Edit,2025-11-28T20:59:03Z,001Le6Z1bT7O20fIWC,005mKVeNm7pzbbYYYT
01MQRqyMGpQ7x6XU25,Support,Edit,Read,Edit,2024-12-30T06:53:55Z,001kC1LlUdj8c3zY68,005X9VIRE3gtc1zYMH
01M8z2I68UkYCRz2C7,Support,Read,Edit,Edit,2022-01-03T02:28:55Z,001kgFF0qALhnGGYD4,0058ltZKG17vpJbQJK
01MeOnbmvHVydMK26D,Support,Read,Edit,Read,2024-07-04T23:45:16Z,001yWq2JW5BZvvMQ0L,005yqybzTtVK8u6IOR
01M8M4pWrwANvTkM1O,Account Manager,Edit,Read,Edit,2024-01-25T23:30:33Z,001wOS4RTezb6AxY4U,005BLrN0FAgafzHY2K
01MpqPftOoMlqLv2DS,Sales Engineer,Read,Edit,Read,2023-02-16T18:46:32Z,0012tOpQ4NIa7RbIUI,005wmbTnVpYGoJ1AGI
01MWpKFLQfXcqFV2OG,Sales Engineer,Read,Read,Edit,2024-07-12T07:37:45Z,001cvG5DjhEsIaIAD0,0056Go3C6Dl0bjnQEY
01Mng0FAuRqkpQpUG9,Support,Read,Edit,Edit,2023-12-27T21:12:57Z,001LT9I3sxXG212YUI,005RuPGFXVl50YyAI2
01Mk6tZpIPXkHj8EU7,Support,Edit,Edit,Edit,2022-02-22T22:24:48Z,0014WYoiYbOMlUgQDX,005lkwCvvs1NKzQIH0
01MudwHttY7rdZrESU,Sales Engineer,Read,Edit,Edit,2025-12-16T08:45:57Z,001zC4hdWCH77CfYVC,005dY26xUNDmki4A5N
01MsKKo7mEXLMTwEP2,Support,Read,Read,Read,2025-07-28T02:26:38Z,001OR7GRtb417SOIE9,005YLX0oRwAflvAQZO
01MZFhCNQwBdAWhEZK,Executive Sponsor,Read,Read,Edit,2025-12-31T13:51:31Z,001ygA3FAG75gTTAXO,005lkwCvvs1NKzQIH0
01M0EQAn11g8G7HUVB,Account Manager,Read,Read,Read,2022-04-07T23:14:02Z,001ZBID6zyXHdcLAAH,0059cNiXLcpBkagI2J
01MzUNKh7bs0HCbU8O,Sales Engineer,Read,Read,Read,2025-06-12T05:41:19Z,0016bs349lxRsmUQ0V,005hTpAX3O60UK0AAJ
01MNOO4A7I0G7PB20D,Account Manager,Edit,Read,Edit,2025-07-29T21:38:31Z,001LW8OXe6IEB5RAZR,005YLX0oRwAflvAQZO
01MvQD5tTjAZo8WU5H,Support,Edit,Read,Read,2025-01-20T06:32:58Z,0017R1i3b17QyDUAUX,005dY26xUNDmki4A5N
01MF076JS445BfLUUW,Sales Engineer,Edit,Edit,Read,2026-04-14T19:13:21Z,001yQSD3rwvt3ZBAV9,005qptAZodwwrZzYUF
01MtA7MdAFZBLfxUCR,Sales Engineer,Edit,Edit,Read,2025-08-27T08:12:10Z,001OXfC2jDKfDmwYPX,005G7PmEiXypty3IQL
01MzLtYjBqK7H4CE4H,Support,Read,Edit,Edit,2024-05-27T13:42:12Z,001AZHmNsDfQdrZQQD,005hvPRYHDjoBLOQ3X
01Mp6TC8OakJh132QE,Account Manager,Edit,Edit,Edit,2023-12-19T21:19:16Z,001OPKDJQJag0BvIDS,0055EGfQDBgoAh8IFH
01M94LQt3y0AByW2RH,Account Manager,Edit,Edit,Read,2026-04-15T19:16:50Z,0017jTx407RLO7NAVA,005Nr8mKUnQ3oinATY
01MSzKqoiocFcBfURF,Sales Engineer,Read,Read,Edit,2024-03-08T22:29:55Z,001JcZQ7uhRMVxxILW,0051j8xdsf40yysQI6
01Mh430mZNap2MaEY8,Sales Engineer,Read,Read,Read,2022-01-14T09:00:09Z,0015fdr3n38vtS2Q4V,005sAEUaULAzZRzQYB
01MKi61xOImyuGjEWB,Support,Read,Edit,Edit,2025-01-31T03:45:34Z,0018wiQDxKxpFvLYGU,005G7PmEiXypty3IQL
01MiJLOPOnHiJivU3C,Executive Sponsor,Read,Read,Read,2022-06-03T01:03:25Z,001rLqfAY4OfLS1QF8,005YLX0oRwAflvAQZO
01MJgjnnufiCgCxEWT,Account Manager,Read,Read,Read,2023-05-07T06:04:27Z,001qwQ0uBTzXeScQCK,005KOXaAvBmat2fYFA
01MtvwcWmynAfkcE76,Account Manager,Edit,Edit,Edit,2022-04-03T01:13:52Z,001WHkVb04B78wfY3Q,005ztlrbFPcuOLhY8F
01MdFCPCR56zsfe2BC,Support,Edit,Read,Edit,2025-03-17T12:17:43Z,001MfuiALipgsrAIEL,005hTpAX3O60UK0AAJ
01MVRGrHJ0P1U2EUB9,Account Manager,Edit,Read,Edit,2025-04-08T10:12:24Z,001BH0vNAlwEWFXALI,005dY26xUNDmki4A5N
01MsVShSYc4Ma0WMVI,Account Manager,Edit,Read,Read,2025-11-26T06:42:20Z,001KQsenOWHB4fuQM5,005ZSIqbJ44gxISAD6
01M1xw8ppwqic122TP,Executive Sponsor,Read,Read,Read,2026-04-08T05:53:46Z,0018c9GjM4ln0cnQIN,005hfmtBm0piYtTY6K
01MLcyKY1BEkdTUUBQ,Support,Read,Read,Edit,2024-09-04T18:10:55Z,001BjMFM5mN692fQ0D,005NradmkgHLf0bIJ5
01MvbGqMkbMjlMaMJL,Sales Engineer,Read,Edit,Read,2025-05-13T00:56:52Z,001BH0vNAlwEWFXALI,005VOHFbnLYK0gIIP7
01MmDglqyYKFDAeUCS,Executive Sponsor,Read,Read,Read,2026-06-04T01:32:05Z,001WRBucYD7svO6IN5,005yrzZ2QLuB1ZZYH4
01MrysAHxcIKJPVECH,Executive Sponsor,Edit,Read,Edit,2022-09-06T09:27:13Z,0015F3Mg4glglAzQRW,0056Go3C6Dl0bjnQEY
01M20eiE94vdm2tUEC,Executive Sponsor,Read,Edit,Read,2021-01-30T15:32:39Z,00134G8VQW0MQTYI8N,005NradmkgHLf0bIJ5
01MCP6G87vogIXFEKM,Account Manager,Edit,Read,Edit,2023-01-20T12:50:09Z,001tvKQbYklnB9tY2P,005VOHFbnLYK0gIIP7
01MYu9RuOUEKzECUHC,Support,Edit,Read,Read,2023-08-16T05:32:33Z,001CAWJWrCJUDD2Q42,005xwhqeeWgm4agYMN
01MGNq4BTHIdJau2JE,Support,Edit,Read,Edit,2022-12-08T21:32:44Z,001MfuiALipgsrAIEL,005XE0YLnoIgg8hAV9
01MQSw4ZgmiRXmJMR4,Sales Engineer,Read,Read,Edit,2021-12-03T00:16:36Z,001N2mO6ogfdaXBYDK,005TU4vqRu98dHsY03
01MElPTqANGSyY728H,Support,Read,Read,Edit,2025-06-30T20:01:09Z,001wZQxrqs61HJWYCI,005k3rdmx8LrOE0AIT
01MW9oimVuL3iCtEXI,Sales Engineer,Read,Edit,Edit,2023-03-06T21:21:30Z,001ax6fYCGAkn42YO7,005IKQxHrnOfGBxYIU
01MWxAl9906ANsvELK,Account Manager,Read,Read,Read,2025-03-29T03:31:57Z,0015Cr2vcIsO2EGY08,005Nr8mKUnQ3oinATY
01MwP45OcsKz4q2UOH,Sales Engineer,Read,Edit,Read,2021-11-08T11:10:29Z,001ChwEVGrfK5bMI0W,005hvPRYHDjoBLOQ3X
01MK1zJenQVVtDVUIW,Sales Engineer,Edit,Read,Read,2026-05-23T05:10:24Z,001paldePwcfVa7AJJ,005YLX0oRwAflvAQZO
01MhkYcCGu2uDYNE8A,Executive Sponsor,Edit,Read,Read,2024-08-25T19:06:57Z,001vXGsLaTZksTjQHC,005wmbTnVpYGoJ1AGI
01M6MHIuFKbLqNOMP7,Support,Edit,Edit,Read,2024-05-19T21:53:15Z,001QMRyBoOV9ydJAFR,005Nr8mKUnQ3oinATY
01MyleCUG65pQgxURM,Support,Read,Edit,Read,2022-12-30T15:20:56Z,001zDxxuW7kQ4BrAGJ,005X9VIRE3gtc1zYMH
01Mj0YLe6mIhoBTUO4,Sales Engineer,Edit,Read,Edit,2024-07-01T09:21:59Z,0017Pw79T9KgAdXIW1,005Me1PVqqNBxKJYQP
01MhJ8jVJvyuETPE7F,Support,Edit,Edit,Read,2021-06-01T15:44:19Z,001PUaO8FLbQ5tuY7R,005k3rdmx8LrOE0AIT
01MKOxSqlNgrlOkUL0,Executive Sponsor,Read,Read,Read,2025-07-19T07:04:17Z,001MMbrZQQUkCyfI5Q,005MO6uee3FgSiDAVG
01MR1Om2hH62eQd20Z,Support,Read,Read,Edit,2021-02-05T03:30:31Z,001UFuHNhHx2c9ZQQ9,0057jDImegCGqG7YZ2
01Mcx2A3lIlli5t231,Support,Edit,Read,Read,2026-01-10T07:06:10Z,001pTLwbTFSx0AVIHA,005Vo9gpxbtHjOOIMV
01MiOnF4yDGPAsd2IG,Support,Edit,Read,Read,2023-05-08T03:09:30Z,001XZVDN3n2dRIsQB9,005ztlrbFPcuOLhY8F
01MdGyaCSdaH9GyM3S,Sales Engineer,Read,Edit,Read,2024-04-03T09:17:28Z,0017rl4CBbT95B0YG7,005hp0uS7WWG0emI9I
01MWYnCjJFomsxRUN7,Sales Engineer,Read,Read,Read,2022-08-25T09:11:12Z,001L6QQcpJ1qXB2Y62,005TIJckr7dVcDJQZF
01MVhCa81d4IDSTE91,Support,Read,Edit,Read,2022-03-15T02:48:06Z,001XJBJ9looV3jVARS,005xEqNFzxKXya6IGV
01M1bNcphi2AlMMM2Q,Support,Edit,Read,Read,2024-02-03T22:03:13Z,0019ojrY0cvCQ2UQ6L,005X9VIRE3gtc1zYMH
01MKLkZITwnDaYRMTC,Executive Sponsor,Read,Read,Read,2025-04-17T17:28:56Z,001TtyIW37HieQzYDX,005i8c7j8gCtwTfYQW
01MiarZ9DqYwG23UUQ,Account Manager,Read,Edit,Read,2022-09-22T19:12:22Z,001G40EGKjt7p96I7T,005hvPRYHDjoBLOQ3X
01MQYPYPFNhx2ByMJW,Support,Read,Edit,Read,2024-06-12T02:49:39Z,001FUJDI7PYzDeCQBR,0055EGfQDBgoAh8IFH
01MmE0agf9GIDxgESB,Support,Read,Edit,Read,2021-05-23T17:00:45Z,00134G8VQW0MQTYI8N,005hp0uS7WWG0emI9I
01M5ZKNgLeDqE5VUOX,Executive Sponsor,Read,Edit,Read,2024-08-14T11:17:41Z,001tvKQbYklnB9tY2P,005LSah1u1GnYGbYOG
01MLxZZFBDa4muuE21,Support,Read,Edit,Read,2023-09-19T01:08:56Z,001ILvT4IDtyUZiY3D,005TIJckr7dVcDJQZF
01M25vMLUf9UXyO2IA,Sales Engineer,Edit,Edit,Read,2022-08-29T08:09:08Z,001IQ2ziiojxbf8YX5,0056Go3C6Dl0bjnQEY
01MxjAX8SGBbQHBECT,Sales Engineer,Edit,Read,Read,2022-08-22T21:43:56Z,001tvKQbYklnB9tY2P,005TIJckr7dVcDJQZF
01MPlFzeaqODff3UJR,Sales Engineer,Read,Edit,Read,2024-03-26T13:55:08Z,001uaLZFmzUomVXQGA,005pFLSqKe2EKv0Q0O
01MQRHYCkTw3gRzMN6,Account Manager,Edit,Edit,Read,2023-09-20T08:02:07Z,001Ekc6ysmrBHJMQF2,005YLX0oRwAflvAQZO
01MCaIQjj9fxXPgMB0,Support,Edit,Edit,Read,2023-03-05T01:35:28Z,001gn26KfjMg4ZII8J,005lkwCvvs1NKzQIH0
01M0gwtmERuP5s3ETA,Executive Sponsor,Read,Read,Read,2023-05-22T18:36:59Z,001yU1qilS2HtnNQUW,0058ltZKG17vpJbQJK
01MQXQD23y96lVG27N,Executive Sponsor,Edit,Edit,Read,2022-07-27T14:20:06Z,001BAfwqbwr0TsUA0T,005pFLSqKe2EKv0Q0O
01MGBtq0FbN97VDEN3,Sales Engineer,Read,Read,Read,2022-01-03T20:32:27Z,001glCFlySRS0fOQ6X,005dY26xUNDmki4A5N
01MS4wgccpuHB2TMIZ,Support,Edit,Read,Edit,2022-03-18T22:33:37Z,001jsWcaI2ueqNkQ4J,005lkwCvvs1NKzQIH0
01MUJNq6asRdsCREQH,Executive Sponsor,Read,Edit,Edit,2024-03-23T17:33:52Z,001DbG9gnZEl0ZPAAY,005KOXaAvBmat2fYFA
01M8uZPdLHxoaKmUXM,Account Manager,Read,Read,Edit,2024-01-24T01:53:54Z,001C3SilogoPTPGIWX,005G7PmEiXypty3IQL
01MQVXpmcsiRVsGEUP,Account Manager,Edit,Edit,Read,2024-08-11T17:06:34Z,001GIi2sHi8hI1AQ7T,0058ltZKG17vpJbQJK
01MArNqNkVrFuVkMAD,Executive Sponsor,Read,Read,Edit,2025-09-18T19:14:38Z,001PzKgNp7GjqwfI1O,005NvlW1Gc9rLAVAYL
01MSCInwRiYKRt7E5F,Account Manager,Read,Edit,Read,2025-02-01T07:18:11Z,001qwQ0uBTzXeScQCK,005sAEUaULAzZRzQYB
01MuxTAWlnbfbjR25H,Support,Read,Read,Read,2025-05-11T11:09:11Z,001DmIO5EqT4tawY4D,005Nr8mKUnQ3oinATY
01MpAM7omnwNwQqEZQ,Sales Engineer,Read,Edit,Edit,2024-08-18T04:23:18Z,0012Mm2CXMo3FSXAIK,005TIJckr7dVcDJQZF
01Mnohp6kBEsPT5E1P,Executive Sponsor,Edit,Edit,Edit,2025-05-20T09:49:36Z,001oPLQgL6DtzXuQJ9,005G7PmEiXypty3IQL
01MS5isUgDXPffsUG2,Executive Sponsor,Read,Read,Edit,2021-09-11T10:14:08Z,001IZMzpc9F1Z8oAA7,005YLX0oRwAflvAQZO
01MKETSKfln01A624Z,Account Manager,Edit,Edit,Read,2026-03-08T22:57:16Z,001OphrQTgtGmAPIMC,005LSah1u1GnYGbYOG
01MLpNEVlE6IHBwEO1,Support,Read,Edit,Edit,2023-02-16T08:48:59Z,001JTximtecXZZ0IK7,0057ufaHufy75ktAX1
01M26tNuMHir103MBN,Account Manager,Edit,Edit,Read,2023-06-11T10:19:17Z,001XJBJ9looV3jVARS,005RHpTOWiLP3HTIID
01Mifz3SRQ2yvyyEO6,Executive Sponsor,Edit,Edit,Edit,2025-07-28T19:08:41Z,001Y94eVbSCMZThYRA,005mKVeNm7pzbbYYYT
01MvuxhOBszUOGS2X8,Sales Engineer,Edit,Edit,Edit,2021-11-29T03:07:35Z,001F0HyTq0ZVe9LIP9,0051j8xdsf40yysQI6
01MfqzjcFlBuG3lUEE,Account Manager,Edit,Edit,Read,2026-02-12T22:02:24Z,001hgdJHI7bDrNzIKJ,005ftlxDfFrLcpCQHP
01Mk8OrJCOekbhQENX,Support,Read,Read,Read,2025-06-27T23:33:47Z,001ygA3FAG75gTTAXO,005lJuJ789IRmEmQF4
01MtWnhVs4t2RV92M6,Account Manager,Read,Read,Edit,2023-07-31T03:49:30Z,001F0saAL86T3h5IUF,005yqybzTtVK8u6IOR
01MtlpowZKTf7bYU8E,Sales Engineer,Read,Read,Edit,2026-06-29T16:18:42Z,001lpuGrFmSTBnuY0M,0055EGfQDBgoAh8IFH
01MuxPYPa5PcUz12GH,Executive Sponsor,Edit,Edit,Read,2021-09-07T01:11:06Z,001ZX951OeRh6EHIOJ,005uhkQoPWOptXZIZE
01MOS0qW7RIA8vmUX5,Account Manager,Edit,Read,Read,2026-05-28T18:48:29Z,001Ok5JQopT2gTPQYR,005sAEUaULAzZRzQYB
01MCbck5NEIrP6kMKK,Support,Read,Edit,Edit,2025-04-26T16:21:38Z,001iIp10CH2rdjrQCH,005ztlrbFPcuOLhY8F
01MtHJVKFL48nZrMJI,Support,Edit,Edit,Edit,2025-02-27T19:59:12Z,001Le6Z1bT7O20fIWC,005NradmkgHLf0bIJ5
01MitAscDGIhhUbMTP,Support,Edit,Read,Edit,2023-03-12T11:22:08Z,001wp2Q6PkIMrfFY6U,005lkwCvvs1NKzQIH0
01M69Lz62l8zC6IE2O,Account Manager,Edit,Read,Edit,2024-03-28T22:21:05Z,001PFGdur2jMSzLAST,005qOi29J2o9pHYYCI
01MM4DgDUraQLObE6P,Executive Sponsor,Edit,Read,Read,2024-07-02T18:58:17Z,001hY0bG1ZS5TO8AMZ,005NvlW1Gc9rLAVAYL
01MvQjCoeM0AUkvMMD,Account Manager,Read,Read,Read,2025-01-30T09:06:40Z,001I9h4vN2Mpc08I26,005hTpAX3O60UK0AAJ
01MHAcTuo4GEtZ1264,Support,Read,Read,Read,2025-03-06T10:24:16Z,001tvKQbYklnB9tY2P,005ftlxDfFrLcpCQHP
01Me7iZZQH58x4Q2S7,Support,Read,Read,Read,2023-01-03T16:42:52Z,001tvKQbYklnB9tY2P,005XE0YLnoIgg8hAV9
01MHThsFpCldWavMXF,Sales Engineer,Edit,Read,Read,2024-01-26T05:24:29Z,001KqKN8Jf0F9i9AKQ,005hp0uS7WWG0emI9I
01MFe9wP9yMjoXyMVB,Sales Engineer,Edit,Edit,Edit,2021-04-16T15:30:18Z,001e0UGOTVraqTKQN3,005TU4vqRu98dHsY03
01MCmmIS89l3MEV2ZB,Executive Sponsor,Edit,Edit,Edit,2022-03-22T16:04:15Z,001oPLQgL6DtzXuQJ9,005hfmtBm0piYtTY6K
01MHqbosV8nL2XgES4,Account Manager,Read,Read,Read,2025-09-10T17:37:19Z,001ChwEVGrfK5bMI0W,005NvlW1Gc9rLAVAYL
01MH7ccG4DFzIrGUR4,Support,Read,Read,Read,2025-06-02T19:06:05Z,001hY0bG1ZS5TO8AMZ,005lkwCvvs1NKzQIH0
01MExTUxxEE8jEpM2Y,Executive Sponsor,Edit,Edit,Read,2022-01-06T23:19:15Z,001R0OuIWPEowdMYT2,005TU4vqRu98dHsY03
01MvWbjUzwjMJgUEBK,Sales Engineer,Edit,Read,Edit,2021-01-20T04:36:42Z,001n3aMHCveux7aI17,005xEqNFzxKXya6IGV
01MCTBwakXyExQFMPO,Executive Sponsor,Edit,Edit,Read,2022-02-28T21:37:43Z,001dst7EZIkJP6gQAU,005NvlW1Gc9rLAVAYL
01MX1MFNNuKKHmoUB7,Executive Sponsor,Read,Read,Edit,2023-09-30T09:29:20Z,001Incobp7HHs7MAA7,0059cNiXLcpBkagI2J
01MSJoO9odzT2liEGG,Executive Sponsor,Edit,Edit,Edit,2022-05-02T06:30:09Z,001Cf0Zp88DAw7JQGL,0057pBBoeyfvmpBIQ5
01MfafSPIM6RPqs2A7,Support,Edit,Edit,Edit,2023-08-13T16:49:40Z,0017R1i3b17QyDUAUX,005YLX0oRwAflvAQZO
01MYwYMNla4nJJKE2A,Sales Engineer,Edit,Read,Read,2025-01-12T17:33:28Z,001ClNAQA1Xn4fUINT,005VOHFbnLYK0gIIP7
01Mr123i84o56GD2HE,Sales Engineer,Edit,Edit,Read,2021-07-09T16:27:42Z,001hgdJHI7bDrNzIKJ,005HaJ2hmBAEZjjA5K
01MaoSzEvy0jdLgUC2,Support,Read,Edit,Read,2025-04-06T10:16:54Z,001LTm1VHVbNsV6I1D,005mKVeNm7pzbbYYYT
01MWImbRkvaT38uUUF,Executive Sponsor,Edit,Read,Edit,2023-08-10T09:48:57Z,0012B0IsTb8G7BVAST,005XE0YLnoIgg8hAV9
01MfGkL3sosyq3P27Q,Support,Edit,Read,Read,2023-04-07T02:05:05Z,001JTximtecXZZ0IK7,005IKQxHrnOfGBxYIU
01McRRbdS2y7WzJ2KE,Sales Engineer,Read,Read,Edit,2026-06-27T16:16:20Z,00134kztbICJD2tYCZ,005dY26xUNDmki4A5N
01McC5j3bEa9jlI2AA,Account Manager,Edit,Edit,Edit,2023-02-14T15:53:31Z,001nrvjrS2WHC2oY9X,005wmbTnVpYGoJ1AGI
01M49xPFxNlOnWq2CY,Support,Edit,Read,Read,2025-03-13T13:54:26Z,001b6YbqymKD3ZDA0A,0055EGfQDBgoAh8IFH
01MTd8TkeuoxJzL2C9,Sales Engineer,Edit,Edit,Edit,2021-08-25T23:41:15Z,001F0HyTq0ZVe9LIP9,005sAEUaULAzZRzQYB
01MK6qjwU5gdBMkEC5,Support,Read,Read,Read,2025-12-07T10:52:52Z,001H8DiQNUTC9JGQA0,005uepIIzxcmHrDI1O
01MNNqwLAHEWzVVECN,Support,Edit,Edit,Read,2022-11-12T00:42:48Z,001gn26KfjMg4ZII8J,005hvPRYHDjoBLOQ3X
01MjrdWGliGqCFvUMU,Support,Read,Edit,Read,2024-09-06T10:01:33Z,001X3Yql9lqICvlQUO,005gMY3fFnSvHOzQLX
01MfxxpR6sFeO9h2K4,Support,Edit,Edit,Edit,2022-06-02T01:01:54Z,001IPJgib6XfdIUAAZ,005XE0YLnoIgg8hAV9
01MAO4pnV828SaE26A,Support,Edit,Read,Read,2023-02-27T09:19:29Z,001ltvwfHnMcdhbAJS,005yrzZ2QLuB1ZZYH4
01MmVW8sAQt2NZGMIX,Support,Read,Edit,Read,2024-08-09T21:28:13Z,001dst7EZIkJP6gQAU,005RHpTOWiLP3HTIID
01M91pvO1pI4rCaEWD,Account Manager,Edit,Read,Read,2024-11-03T14:50:33Z,001jsWcaI2ueqNkQ4J,005k3rdmx8LrOE0AIT
01Me8MoXNazdtqLEO9,Account Manager,Read,Read,Edit,2022-10-15T12:01:22Z,001pUY9CVMaLCa4YQV,005ftlxDfFrLcpCQHP
01MFtg3A83kU7mBM1T,Sales Engineer,Read,Read,Read,2023-10-21T14:44:18Z,001HPdcdRz4xhIHI7A,005NradmkgHLf0bIJ5
