Id,Role,CreatedDate,IsPrimary,ContactId,ContractId
02aJ14WMCg1pxBLIAS,Legal,2023-04-16T12:17:56Z,1,0031Y6K7QqCYZANQHG,800M9JcRqVGWCc8YCF
02an7lkcQfGXaw5QJP,Signer,2023-09-21T08:26:43Z,0,003XazfCUUTO3t8YR8,800LWz4izczPU7LIEX
02abPYNFf5X0QuZALL,Signer,2023-08-14T06:05:29Z,0,003y9SsEVdR3VdTAKG,8001LkXFbGoaJPdIB9
02aBeOb7JAvL6EoIAM,Legal,2025-12-09T18:30:49Z,1,003CdFzAkit5JdwQ55,800aItMzuY7OrCNYE6
02azNdnnfiEwZLfIWM,Legal,2025-03-03T18:09:25Z,1,003lXPa3gYjWd7LA7J,800F0QocCl6xxFJAV9
02acwMJXp10f1XxI0F,Decision Maker,2022-12-18T12:51:27Z,0,00379aqfJGg6fFGQSY,800biHSFweEoDaFI77
02adIQx73hXdfYuIE7,Decision Maker,2021-08-21T15:46:44Z,1,003ljgE2o5CJoOEI7M,800B1LU48CcQp1LYPI
02aAvUrGLOe8RogAIN,Decision Maker,2024-02-06T18:46:22Z,0,003tbTnmHnr2b9LI3C,800BCjSMsKlrY53Y0X
02ajOLn76laqMJQA79,Signer,2022-02-18T09:49:35Z,0,003FXncODtG3z8xQ4F,800bjmohWwCP7WSIB5
02amRSGB1UZX7pGAGZ,Signer,2023-07-10T15:33:58Z,1,003PePWYVD4dIBvQ7F,8000rz8uug1m2u0YHF
02a3hITd9XUZ8oYIY0,Business User,2023-06-27T00:05:07Z,0,003u2f5oGPzB7zdA0X,800XSXUqwltdhHTA64
02alU1j9gLZH5TSAFU,Signer,2025-02-18T18:41:45Z,0,003XCSqIckOHn4lIIS,800TTuku3jUZCA3YXQ
02ai26MH89Z5KiIILS,Decision Maker,2025-10-07T10:50:05Z,1,0036f1HRQb2n0VlQB5,8000sTNbn4GP5psYET
02ayEF2Upql2OVCYWA,Legal,2025-07-17T15:35:45Z,0,003TzZeo9ark3IEAUI,8007o0C2iKsy0FYIR5
02axCVCLbIyPqJQIDP,Legal,2022-07-03T16:29:08Z,0,003BdmepSnncyxLQ9A,800aawsTVoY6sIFIQ3
02aObvNedd73gBXQH1,Business User,2023-10-21T05:03:42Z,1,003iCB95EuODRoSQEP,8009E5uvBM7CkE8ING
02aoVqp9WMw4CXGY4P,Signer,2026-01-28T12:37:54Z,0,003dei9jRhmpBmNQKM,800umqU9rL9AwDHYLO
02aTIMfjttCLmwIIIP,Signer,2021-01-25T08:26:57Z,0,003C7qNoE31DHCjADX,800iNl2XYTV1XPLY1O
02a1BPJsJVOfoFlI0W,Legal,2026-01-02T11:43:22Z,0,003uHEMhYY2BbchADE,8004N5me67X1UnjY4Z
02aurJXANrLC9CuYUM,Signer,2022-02-28T06:04:34Z,0,0033S4zFH6f42hbINE,800nuuzOKHeqKwYYBI
02ajheakdbVCFS2IFY,Business User,2022-08-03T20:49:03Z,1,003MdXRgh3EJdXzIBA,80028IW8F9poVcVYB4
02aiB6qveG07xBzQKU,Legal,2022-12-22T04:18:21Z,0,00379aqfJGg6fFGQSY,800MIMumbEtEkyeQ6X
02aNmd18pr3SaPHQ3N,Legal,2022-05-17T00:53:13Z,0,003KMIv36mAkfsUY6C,800dkaw6CfGALmZACU
02aAetIbCrUtmTGYBK,Decision Maker,2021-02-19T02:06:52Z,0,003jPwvRLumV25vQ5Y,800hhTP2auEcxOdYM6
02aTGhmNprq3AggQW2,Business User,2023-11-12T19:45:16Z,1,003oZR86kwXXZqKI7I,800PautxQ8EMxicIAU
02aQv13gBY75MMzQ69,Legal,2021-12-28T05:30:10Z,1,003TKgXEWOfUh8KAEF,8000iu1gPnwYYKdYOU
02aGwOiB7TuqvXRAVK,Legal,2022-09-28T14:47:47Z,0,003b8STE2U5AHGQQTD,800SEW2a9JZeHZ4QK9
02aJ6IhEMkSMY4PIES,Signer,2021-05-02T20:30:13Z,1,003YGDgi4wpYkizA4I,800nEzeWjRDTX6SYUM
02aRqzIzgVT5UzdYU9,Signer,2026-04-08T00:39:06Z,0,003VXTPtY3aCrHFQRI,800pnXvYUO3vvULIKE
02aXBSXhOv5hpztYNQ,Signer,2025-12-30T21:27:31Z,1,003GoxKt2kxvt2uQJH,800nuuzOKHeqKwYYBI
02a8mjEMzeu81BnYYM,Business User,2024-12-09T14:49:43Z,0,0033wDEOI23iGYZAMA,800QlpIV95QgNc1QMK
02ar4JXjxAaNBj7Y8Y,Legal,2023-03-02T10:29:17Z,0,0035WoUvc1EFqOfYQA,800wj7XLPA8ArM5A54
02ab0zNgLvwhdFMYGV,Business User,2022-05-19T01:08:41Z,1,003mUgwQ9hiHh7fIOV,800P8ANseyf1VOnAMT
02ase6TLpk8gueLAS1,Legal,2025-12-25T10:17:06Z,1,003zlDJBeSE6i1PIZ5,800EmOA1hSNqa6iQ1U
02aS9xL8kamkSb6A4A,Decision Maker,2023-08-27T09:19:59Z,1,003xDSL78d613FFY1F,800SXJvNh5rbgrhA4C
02aI20ClkNNN5lTAUG,Signer,2025-09-30T20:44:15Z,0,003gSItjdJa0xcXQ3R,800HnP1eXrmyldDIW2
02atKgwvZdSN1ixYOZ,Legal,2023-08-18T18:50:08Z,0,003wwmT8CqM1GyoI9X,800jNtlpEknZTDqYRB
02aafkAQdj3Bg5wQLT,Legal,2021-07-14T11:30:45Z,0,003A35ZnnYpTFfeYG4,8000JMMeXtw0A46QP1
02anEW6YHjudyyRYB0,Decision Maker,2024-03-31T22:40:46Z,0,003EKMaOcS9rfGcIZC,800D3E2vLxuopTnQDJ
02avcGX9WaqFWw0YTU,Legal,2024-10-24T00:38:15Z,1,003euzwExYsJTIpY9B,800PautxQ8EMxicIAU
02aAIWGOHhbo5i8AVN,Decision Maker,2022-09-06T03:35:21Z,0,0031PbPhiAJ3AnlAQK,800nuuzOKHeqKwYYBI
02aOWmBfeq4eqgpQQY,Business User,2024-07-29T22:19:39Z,0,003uJwtjEr9zwIHQ67,800AG4LFg7Sz8mAIYN
02a6d5N5VAkVRfKQKD,Business User,2026-02-01T16:49:37Z,1,003BpLOEBjhtrpuQWV,800ERaDc72wWsv2YV1
02aLXoBFBYNrF3pAH2,Decision Maker,2023-03-28T23:52:29Z,0,0030I2EUZyu1ilxAN0,800kockSrUGlb2QALM
02af88bNknoGPqEQMU,Business User,2025-03-26T10:09:28Z,0,003PEqsLAqNvNCQY8Z,800pHjoyPbLhnpsANO
02aYwcWSNqCTWV3YXI,Business User,2021-02-14T06:04:49Z,1,003ReEtxCHnsFE4Y27,800qq6b4ykzJIyOY95
02aWM1IN3ZAdMFKYWR,Signer,2024-06-17T03:11:55Z,1,003tOm2WIhfcWTNYLO,800M9JcRqVGWCc8YCF
02a4tsT5Ej2EU4mIBW,Signer,2022-02-05T05:42:23Z,0,003UJMIOM9zfWh8QEM,800tIubHBWGcvAVAOL
02a9xInqzPyf2kUA5V,Business User,2025-02-26T21:55:49Z,1,003WuzwyGGrq7mkQSD,800QFvdDNl3YohZY3A
02a36Q3ucivNlWnY9T,Business User,2022-02-19T20:19:25Z,1,003PD4hVwHFGKiKQAW,800HnP1eXrmyldDIW2
02aO537k7xCCVSQYKD,Decision Maker,2024-02-28T13:31:12Z,1,003x8TAB6P8rZeLQSO,8000sTNbn4GP5psYET
02aGcpSEWc6rojEYSG,Legal,2022-05-18T09:34:54Z,1,003uOfZv356FfnVQEZ,800D3E2vLxuopTnQDJ
02abJoBY4GpwekuYTQ,Signer,2025-02-02T15:11:55Z,1,003S0DpUcGyn83CIFX,800Cp0mYzGhVsmxQQH
02atWX9BNZuKG12YD9,Business User,2026-03-21T18:32:33Z,0,0032TBXld6wZYzKAE6,800C2yxkO8960MaY0P
02aTecDRJOpPJuSQTL,Decision Maker,2026-01-24T19:57:16Z,1,003ealrxc6ARozTI8G,800CcX39E357Xq8YLT
02a2QxbhJc3cM7MQ3H,Decision Maker,2026-03-29T01:37:05Z,0,003Ec66kiJL5qvrYM5,800M9JcRqVGWCc8YCF
02aDPS71kPw9e95QO9,Signer,2022-06-20T09:01:35Z,1,003oSLGQJ5AwRqGIP5,800cA3Bykhcvdg2YC2
02aRqERXNpw1NF9Q48,Decision Maker,2023-08-04T20:32:29Z,0,00379aqfJGg6fFGQSY,800s3ryY0AeyBfXYBJ
02aJKRcY9AU4F0XQHV,Signer,2025-12-05T11:09:35Z,1,003mmgdgzVnG7x9ING,800uHuxUph9dreSQO6
02aQHXHsMWx7kt1IS1,Business User,2026-02-22T13:15:58Z,1,003bSg0uOlqmDaVIBX,800OYKhktEVxibyIWR
02aILX1Jlo3KaEXI8T,Business User,2023-10-15T19:51:55Z,1,003qLZ2TMkz0uaGAT1,800RGzoGVNcuQYDI8E
02a7mkGuJOvnv0tQOR,Signer,2024-09-17T18:42:55Z,0,003N1gJ47YdD0WKY7U,800D3JsFxKY4wsHAVV
02abzKL7KVUN9VaQZV,Legal,2023-07-24T12:23:43Z,0,003ZmYiT3WtaExxAUI,800Hra3ltpziM6lICV
02aASxVeodlmiM2I90,Signer,2021-09-12T15:17:08Z,0,003mlM94OfMe2d3AIU,800zUFqhmCa1rQWYGD
02ayH70u7S6TXAEYAT,Business User,2022-05-18T22:56:50Z,1,003ealrxc6ARozTI8G,800vZk6n4FMj4FkQXM
02a7pDAdFZoPrp4ICQ,Decision Maker,2023-04-20T04:05:01Z,1,003n1jeyVachCmzIYQ,800Upq2EfMypGYhQT5
02a2jfETpBHJCcfI9K,Business User,2023-07-09T10:00:30Z,1,00316suIFNRuCF5ARF,800SXJvNh5rbgrhA4C
02a2yib0oqJcYT1AQT,Legal,2024-03-14T01:02:03Z,0,003iCPqm24S6ofqAV0,800LWz4izczPU7LIEX
02aQHMEnzf9vOINIVO,Signer,2026-06-16T05:59:09Z,1,00302pKvuwVGg8hYLK,8003p1BnTizCOqyYDH
02agk8On8GRsHoPQQW,Legal,2023-06-22T20:42:31Z,0,003jNLVIbUUpiINITI,800F0QocCl6xxFJAV9
02aThPeNkvMIcaYQUP,Decision Maker,2021-02-07T16:38:29Z,0,003Sv4YREEIrw4eAD2,8000sTNbn4GP5psYET
02aWG7NXw7tCeDyIUG,Legal,2022-12-09T12:37:36Z,0,0032d55Lu3aGP4UY02,800F0QocCl6xxFJAV9
02a2o0QcBYvrOSrQ9C,Signer,2024-07-05T20:20:40Z,0,003GZQSQ6TYGmpEANF,800WGmMAqFXhoiTIUV
02akDHOlbqtyfalYSO,Decision Maker,2021-12-14T16:02:22Z,0,003zbuw2oHYZOX3QSK,800vGPRkZJNSk7HY2P
02aVlLT3CyUA4LcQD6,Decision Maker,2024-03-30T05:44:24Z,1,003PqTNOtJn4TpHQUO,800F0QocCl6xxFJAV9
02asOEqBpVqNEAPQ1E,Legal,2024-03-23T06:03:09Z,0,003jCVZ4U8Q8pvqA2W,8000Q53UMKyIsRsAS2
02apM5BXqwmnumwQ6W,Decision Maker,2022-02-21T07:56:38Z,0,003mblP8ZcDU6VLAQU,800AdFhkJuwlDQ7IBV
02aSGNycegrUUwJQIO,Decision Maker,2024-07-20T16:44:59Z,1,003aOYRJR4o2kcUANS,8006rVKG4mAxYqpQ2Y
02aomobzvW1Fod6YL8,Signer,2022-10-11T14:22:56Z,0,003OFnWHVSdBBPsYSX,800F0UD6CGQr27yQX6
02asxBcDOYv5AQXYQL,Business User,2023-03-26T07:26:35Z,0,003rzl8QJiye2xyYHC,800Vchmt8SLcmOuQZL
02avxSZ8UMOAJHhQFQ,Signer,2022-03-05T17:16:30Z,0,003S0DpUcGyn83CIFX,800c6BRUBx43sUQYKZ
02aVgs1jZReh2MsIAN,Signer,2025-12-22T16:30:12Z,0,003i6XJ36Xc1DSjQ8W,800LVdxmEzruE4YAQC
02aY7NiJMKbmBdxQGD,Decision Maker,2021-12-06T00:24:58Z,0,0030xWcxrRWbioOIV0,800XSG7K69svxT0ILN
02ai9LGNwvzhqN3IA1,Signer,2025-12-21T13:40:08Z,0,0030wi3NB6tDt7SAY9,800pHjoyPbLhnpsANO
02aX39lrR7rHZ0mASH,Legal,2022-07-26T07:10:02Z,0,003W4j2IQwOiUqBIH6,800F0QocCl6xxFJAV9
02aF9XxfPeCc0HVIQD,Signer,2023-03-10T05:55:58Z,1,003BKm8d8y3hFeJAQZ,800hgM3RRNDU3fvQIC
02aJHQayYMuIetxIPQ,Decision Maker,2023-03-11T09:21:30Z,0,003ZfVniOk7LmllIP3,800Jy2Fn9zw9YOfA42
02aDMW7dC4FFBvpI91,Decision Maker,2023-07-07T21:49:18Z,0,003OWd5IYnLefvxA6Z,800pnXvYUO3vvULIKE
02aqfcB8GtZnuUtY53,Signer,2025-09-26T08:54:46Z,0,003b8STE2U5AHGQQTD,8002lzZBdig1E4MYZJ
02at3Fqm4lXSKVtIFV,Legal,2023-07-16T10:35:29Z,0,003LFHlF1ywatB0I75,800kockSrUGlb2QALM
02a1DIBvnlR21hIYXF,Business User,2022-05-25T19:19:33Z,1,003mS2nvRXjg1y7Y8L,800jNtlpEknZTDqYRB
02aqVLAUT4XJpAlQNN,Signer,2022-12-19T13:25:01Z,0,003HaUhLuMHP0cLIAQ,800BCjSMsKlrY53Y0X
02aQx0gtEaBJtIDQH4,Signer,2022-07-21T00:03:10Z,0,003RXAjrIEuybuWI16,800F0QocCl6xxFJAV9
02aonop0tqoyVzFIUR,Signer,2023-11-27T08:09:28Z,0,003wnRXgnMlLVOyI8M,800CzxUbTu2VpkaANO
02aGgnXoNwaj8ttQF4,Decision Maker,2025-04-12T19:37:36Z,0,003I2WoSMJ9De4LAQW,800ZLfuUv69zjcQIW6
02aKR0WC05nCuUIQ26,Legal,2022-03-24T03:00:53Z,1,003bdtenrfz7uTcAWS,800nEzeWjRDTX6SYUM
02aHso1s8MZDxHeQ1O,Decision Maker,2021-11-13T15:03:48Z,0,003rYgrvc9K7YF1QGX,800s3ryY0AeyBfXYBJ
02auib0RAtLosiuAL4,Business User,2024-08-19T04:32:27Z,0,003i6XJ36Xc1DSjQ8W,800AdFhkJuwlDQ7IBV
02asc7M5Y5mE3XKAS2,Legal,2021-09-18T11:09:43Z,1,003Sv4YREEIrw4eAD2,8007o0C2iKsy0FYIR5
02aGfonAJ1syuOaQUG,Decision Maker,2023-06-02T13:01:46Z,0,0032hDmPJusspmVYKP,800U1LCxrkesQnQYUX
02a7MpylaBAzZJaI53,Decision Maker,2026-04-19T05:54:11Z,1,003GrhUwSUskHDNARO,800T5EwQaV6BhkSI5T
02autB1roL5HhLTY0T,Business User,2022-06-26T05:53:41Z,0,003jbE9pbXJbeuFYQZ,8005cBwa2u29TaTY1C
02aOmOD2wrPI466IXL,Decision Maker,2025-12-29T18:58:21Z,0,003lnLGBRaQPFvjQG3,80029icpuli0p45QKF
02asJQJULLJS7MvYW7,Legal,2023-01-02T12:49:53Z,0,00315S4jsX1OtfpY8L,800AG4LFg7Sz8mAIYN
02acvKrhiITyehfI99,Business User,2025-12-18T06:48:26Z,1,003PcLfD8joXRqdQ17,800h85RmJ9X26a9Q72
02aPxWcqTYya15FYZQ,Signer,2022-02-27T05:43:14Z,0,003oeoe9jMRJtsFIXM,800xrloepD6l9xhY8I
02a1yWi7fVnlX5mAAO,Legal,2023-10-18T13:58:14Z,0,003rOvdnZgTQcfAQ9W,80080H3xoC3J7C4QC7
02aDBppNR1h3Zb7A1I,Signer,2026-04-05T10:38:24Z,1,0039FRof5ffyRlsI2Z,800zUFqhmCa1rQWYGD
02aDpThWh1WDFJQQH8,Business User,2023-08-20T06:28:06Z,1,003nDXcQHq0OOuGIH5,800F0QocCl6xxFJAV9
02a18rhnFNuoedMIMU,Signer,2023-08-06T10:33:54Z,0,003KtHm7uBbpVUkQ0I,800MpCh5uKtKFZWANC
02a58IpDopA9tqLI0D,Signer,2025-01-24T13:42:48Z,1,003viysww6RaIvgAR3,800KUYdDeWCoKD1ABD
02afbjIiHGHFbLlIEL,Business User,2022-07-03T08:18:19Z,0,003X4f6SR0QeptkAUS,800nUdo9OcX1889IBC
02a2bUZj2NzCNs9A0Z,Signer,2022-08-18T04:43:51Z,0,003y3BNukyu5OKBID7,8005Gzx2MEL9wozYUD
02a1NHZclfud5JBAE8,Signer,2022-08-23T06:24:35Z,1,0034JBacyRrWtHXY13,800F0UD6CGQr27yQX6
02aq7z4lEO4YCuTI5W,Legal,2022-10-05T07:13:11Z,0,003bvE2J9FksLFEAKU,800bBdb4IylBi9uIFG
02abZA8Q1Wqcb2wQ7G,Legal,2025-09-23T03:24:34Z,0,003kupt4Om476CLIIA,800U1LCxrkesQnQYUX
02aUtKerp2TM3uXQDB,Signer,2024-06-27T23:35:35Z,1,003YqooDEA6F92hACU,800ujrIuY2oupF3QN0
02aryVkK8TvkgBoY9V,Business User,2024-08-26T18:04:14Z,0,0031DHqKU2eEOyJIZZ,800F0QocCl6xxFJAV9
02a8rA6EjIUzNd2Y56,Signer,2024-10-13T08:05:39Z,1,003FAldOOXWMGCrI0H,800UxD6MVshdsqHY3W
02aciAQVUKZHCE1IRQ,Legal,2024-08-08T21:52:42Z,1,003qY3nkL8ErnlyAK7,800QQECfyhfqKDkAK3
02aL06fU9kH7GYdYP0,Decision Maker,2023-11-12T13:57:13Z,0,003UkQPqonwNlX4A48,8000JMMeXtw0A46QP1
02aOKnSxd39HugfYJZ,Legal,2024-09-17T22:01:51Z,0,003XfSezXjrwOTzIKG,800TPPSbhr16ZK9IJO
02acewH9ESNhmgAI8P,Business User,2022-02-22T23:40:00Z,0,003oU1JTOqxuCm1QUN,8007rpBvdwnWn7yIVT
02aaiZiXsW1pCOhYU0,Business User,2024-11-18T21:14:52Z,0,003gEccA5slZCWYYJF,800c9qdaxhRxiaJQM0
02a1LhXli41lrmfQJG,Legal,2025-11-07T04:11:04Z,0,003NxsyUn0x5nr3AFS,800HWZIQHtA8eF7QXP
02aPV89fV5BSrucISZ,Decision Maker,2024-10-12T13:04:16Z,1,003KbhyQIJhcY5vI43,800nUdo9OcX1889IBC
02ayZusb8mWqDteA03,Legal,2022-05-03T22:24:41Z,0,003LXPOThKMlCoaYI4,80029icpuli0p45QKF
02aNmsNx5iBEQS8I5R,Signer,2025-10-27T08:38:22Z,1,0033Qo4cfGxpEGdIZI,800gp0HhvauvHEtASS
02anHDUfRwbo2X2QEH,Legal,2025-03-27T16:10:14Z,0,003dgi6puTJVuS7QB6,800bUW6Ak8jmWLPY6R
02aYAZfyiA9cvnXY7C,Legal,2026-06-20T07:23:04Z,1,003eYKBdQULHzTsAGR,800hgM3RRNDU3fvQIC
02a1YNxrmUc07DsAN0,Legal,2022-07-17T03:34:48Z,0,0033EcjyMCIQqMfYEB,800gp0HhvauvHEtASS
02aJTZtRNIRKJatABH,Legal,2023-03-25T12:35:07Z,0,003CScrbDxLMgj6INJ,8004rrOafJgU22mIN0
02aVt29fr8ns1dXY31,Decision Maker,2023-08-26T23:11:30Z,0,00334AohxHZpdepQZO,8003R3lowrusGp3QO2
02adAtsQVmaLBzFQ1L,Business User,2022-07-09T13:46:43Z,0,003KHRGIQ3LptrWQF1,800BCjSMsKlrY53Y0X
02aUUxZBoO3qTw0IND,Legal,2023-03-23T18:37:06Z,0,003ZHUE1WFG4FS9AMG,800puUrLzvJbTTvQBH
02atWT93WRYrFnSICD,Business User,2025-01-17T19:28:08Z,1,003FlAerSxK87n1YYX,8006rVKG4mAxYqpQ2Y
02am2QTzEyMECoNY0U,Legal,2022-05-13T08:14:33Z,0,003aOYRJR4o2kcUANS,800TB8KxFUk9biPIRU
02aDFY1daPHF7VCQ13,Decision Maker,2021-12-26T06:49:50Z,0,003KtHm7uBbpVUkQ0I,8000iu1gPnwYYKdYOU
02adbPgbW5fbagTY98,Legal,2024-02-26T05:12:17Z,0,00368NY30vMuB89IPE,800sy72b6SFItMQQ2Q
02ajVicjyZQe1QFY9I,Business User,2024-05-02T15:00:08Z,1,003r34PQX5GrR3tYM1,800puUrLzvJbTTvQBH
02arWbq48c3ZouTYDI,Business User,2023-03-18T11:31:44Z,1,003axoHgSewH83KYNB,800WvqcgCiPOHLYY7Y
02aHbW7uddy35JBI5Z,Business User,2023-02-08T20:16:26Z,0,0037uvO6ccJp6wGQR7,800kqWznhNaWqBLIFJ
02aqGJh8pj9ecrlQOY,Business User,2024-02-25T21:07:06Z,1,003Jyxeap6vvFMFQUT,8003wth2gWTivkkYRQ
02akytmZlnrZRUeIVP,Signer,2025-01-25T17:17:01Z,1,00363itkVboZZ8tQLD,8009E5uvBM7CkE8ING
02arWqnWtmi41XsI1G,Business User,2024-05-16T18:24:17Z,0,003JWsXDkgeQfLNQQC,800mYaFG358SfVvAZT
02a7Cs7D1GHkThDIHN,Signer,2022-09-21T11:02:03Z,0,003TKgXEWOfUh8KAEF,800Gs3mrYlw15wsAB7
02aluf7eWeRRaXDAIU,Signer,2022-02-08T06:41:22Z,0,003kx8Da65rG4utQA5,800dkaw6CfGALmZACU
02awSgNqjZJAieYYOF,Legal,2021-01-10T15:46:43Z,1,003yaseL1v2yPSmYJM,800F0QocCl6xxFJAV9
02adUc7qTjDLdWsAU7,Business User,2022-12-22T16:25:07Z,0,003KGcWILZDhxjxYQE,800WzBbamb8GTqVQ1C
02a5cb06hocJEfqQ1B,Business User,2024-03-02T22:26:30Z,1,003u2f5oGPzB7zdA0X,800dA49UIlLvQcgYQJ
02aAfarLsMqaEOeIW0,Signer,2023-07-06T21:22:15Z,0,0038mpZAjyw0zY6APK,8004nELqkeAIVStA78
02alB8RsovtMJReIV9,Decision Maker,2023-07-19T11:18:46Z,1,003brEV4p2S3vBCA3J,800ApW0qJN1aScKYRC
02aaLXrF8lS5HneQLI,Signer,2025-05-09T15:26:25Z,1,003Ec66kiJL5qvrYM5,800c9qdaxhRxiaJQM0
02a1Zc4Cz5OvrgEI18,Signer,2023-09-08T03:31:59Z,0,003mblP8ZcDU6VLAQU,800R8kJjrZFsrVrQ65
02a58yRMsoYNNbPALA,Legal,2023-05-28T12:37:20Z,0,003OaopeGXOMzCMIYX,800q5eHXZTQReDFQSB
02a6osF91d3oymiQUL,Decision Maker,2024-08-24T02:25:47Z,0,0038rexBEcSCxEDQ0Q,800mYaFG358SfVvAZT
02a6czvYfheEFrfQAL,Legal,2021-10-08T05:19:46Z,0,003jcLRXVtoXDhyQMP,8007rpBvdwnWn7yIVT
02aMCp8IVD5lWySQL9,Decision Maker,2021-05-26T07:16:51Z,0,003MhRwdKWCgfJ2Q47,800F0QocCl6xxFJAV9
02aJb1rLHbO0TXPQF1,Legal,2023-09-05T23:26:41Z,0,003AJ3RqXmlhv7yQKP,800mYaFG358SfVvAZT
02a0X1izuyxg9J1QWG,Signer,2021-03-08T05:32:31Z,0,003lesXU7uXxsjtYHT,800gui9hkljmMroQK6
02asV0bXuOTpstnQBQ,Business User,2025-06-29T00:30:49Z,0,003dei9jRhmpBmNQKM,800QxMVsNQ8IKBGQ8C
02alSsfGhNjloVIQ5Q,Business User,2025-07-02T05:41:11Z,0,003IQdBwmh66yd6Y9Z,800F0QocCl6xxFJAV9
02aUSao4Xaijg51YIH,Business User,2022-04-12T11:54:06Z,0,003Sv4YREEIrw4eAD2,800CcX39E357Xq8YLT
02aeEkMzStFryB9YWL,Legal,2022-12-12T00:54:05Z,1,003bzqCPhHkdWt9INI,8004rrOafJgU22mIN0
02amwBnbLWwg1JgIZU,Decision Maker,2023-05-30T20:31:26Z,0,003jxwExgrHF5knA6Q,800AwWPeihzglYQA2K
02ayhQL0K9SyAEhYO3,Business User,2026-06-06T01:58:20Z,0,003ZmYiT3WtaExxAUI,800CRKWWGkP7TAlIRC
02a0gfZbtt3QN7vAQS,Signer,2021-10-19T10:12:31Z,0,003kXAoMVrqX9gjAZB,800rBFkFivPQUURQ3R
02aF3eqMtdRZSCwA6K,Signer,2023-12-10T12:33:20Z,0,003jbE9pbXJbeuFYQZ,800F0QocCl6xxFJAV9
02aLt89tk98MLYpQ68,Legal,2023-08-02T06:34:37Z,0,003efXBMJZqDwiVYYC,800E9ScLmkJcC2pAX5
02amkE7VM4BGNxhI20,Signer,2021-11-15T11:36:17Z,0,003T3d2WiwNdnVdQCD,8005Gzx2MEL9wozYUD
02abYJ5nxyE5ue1QJG,Decision Maker,2025-08-15T06:04:07Z,0,0035UU5kxqtctGbQXY,8003p1BnTizCOqyYDH
02aEsSiUwg1CUlBINU,Signer,2021-05-26T16:09:56Z,0,003LdfIBGK7EQ0gYSZ,800UgkzAKbycojvAPB
02axCBY9NR8LTmcQV7,Business User,2021-03-13T21:49:56Z,1,003Jel62LGmuBhAQWI,800TB8KxFUk9biPIRU
02asDpI33XJbIG2IY4,Business User,2022-08-22T06:43:46Z,0,003DnDlPXrvzmkCIGX,800UWmTFNBO8gEGA6V
02aZMtqgBwtKngeI33,Signer,2021-12-21T23:25:52Z,1,003haI7NPKn0gYsQ3M,800v3EwPk1iwoKsAXF
02az8mAJnuPGBAZYDK,Legal,2021-07-11T13:05:36Z,1,0035h3Lteqqq5apA6B,800oqsSwWdfbF7CY5U
02aZTXbFxF6TENxA0N,Legal,2022-08-21T22:26:50Z,0,003ZGqrnGM2bGAFY4D,800NbbYTi4ZGZCwQKZ
02amYbZ0YlklYPBYCS,Signer,2026-03-22T09:06:08Z,0,003CMXQsLON96SmYIN,80037yIMDWIa7R9Y1G
02atQJMDfAmBSUHIUZ,Business User,2022-05-07T17:44:16Z,1,003ehZ3DBIJah9fI53,800PCzsrEzQF5eJITV
02acW4an4N9SBMuQYB,Business User,2023-01-29T03:14:27Z,1,003Hpz0CVSGAGcLYJ1,800A4AbXmku2kz9I5A
02aDFym8hZADO06QE6,Signer,2023-10-03T14:12:07Z,0,003bbt6hwtwIcbjIHQ,800dQ5vvReLRwMsY9D
02ah3JdBem3n3tlIVB,Legal,2026-06-21T10:09:35Z,0,003dQtqeHPhJp2RQ4R,800IjjLhU5OjArOY3V
02arJ3Lady3asxcYHU,Signer,2023-03-07T16:34:26Z,0,003bzVWrBBrdQTCAC9,800pnXvYUO3vvULIKE
02ayYaxHNOlWuauYZT,Legal,2023-10-04T02:08:20Z,0,003Jimyj4FuxQX8Q32,800z269R6ifpeYRQJR
02amoueZh5FJkesAE7,Signer,2021-08-08T19:36:26Z,0,0038m4S7TpRnSUYIZD,800KUYdDeWCoKD1ABD
02aI6kZ2JfP7LEqY1U,Decision Maker,2023-05-03T02:48:39Z,0,0033XGztMNRMu6dQEB,800R8kJjrZFsrVrQ65
02aKCM2eAvW77CYY8W,Decision Maker,2022-10-15T05:21:02Z,0,003Dz5d7asr4M7HIIG,800F0QocCl6xxFJAV9
02afv57LzONiJiTI8N,Business User,2022-09-01T02:39:32Z,1,003cFniDk18INNVAMY,800E9ScLmkJcC2pAX5
02aOxucVuT6VsSnAQT,Signer,2024-05-29T15:14:17Z,0,003hVeHEc7g10BeA0G,800EHbPe95GURhHIN4
02aLPcB12oIl53LQ4L,Business User,2021-05-02T01:07:39Z,0,0039FrVc7BjMYXxYOW,8003A3BuNnxSFvBQTE
02agcAAPwt2Yf5nQND,Legal,2026-05-22T16:05:13Z,1,003bBurZT3jFyReYX3,80028IW8F9poVcVYB4
02aR1UsT4SBCvy7IBN,Business User,2024-02-12T19:07:29Z,0,003uJwtjEr9zwIHQ67,800UWmTFNBO8gEGA6V
02a3uR99uIUcv10YDZ,Decision Maker,2025-05-14T11:06:35Z,1,003AqeEmcq020GRI24,800aawsTVoY6sIFIQ3
02alSY6drZeV4ArIMA,Decision Maker,2025-04-08T08:00:30Z,0,003rYgrvc9K7YF1QGX,800QxMVsNQ8IKBGQ8C
02ad65EYnnmopQMY38,Signer,2023-12-10T03:55:39Z,1,003buvmdP5A3RUCAAL,8008VR87WA8PEdGIS6
02ad8mD5xNcfpPLQ4X,Signer,2023-12-17T01:43:59Z,1,0032ArLNpNDWOqHYNC,800ejZugOUfe1WNYDE
02avL2PYXjPwSq1I3P,Decision Maker,2021-10-23T17:35:31Z,1,003uBLlm8nqHeGWAPL,800qq6b4ykzJIyOY95
02aRvGgpHpUucJWQ60,Business User,2026-04-28T15:50:21Z,0,003GCiusFbMca93YBA,800iNl2XYTV1XPLY1O
02aLjgyalKnqrFEI6G,Signer,2023-03-15T19:23:55Z,0,003H2JskowFqPavQY6,800ENiXZkrXgqEXQ70
02ajjzzMk5MA7FdQNU,Legal,2023-04-16T21:42:58Z,0,0037hhldh7dgr24A9I,800F0QocCl6xxFJAV9
02aJQT5R7zfx6GQQVW,Business User,2024-06-16T10:12:20Z,1,003lP94paVq8kfZAQ6,800gui9hkljmMroQK6
02aD3DiKHrZhlqAAZM,Signer,2024-12-07T19:02:00Z,0,0039fhQQHYCvDQ1AFV,800Hra3ltpziM6lICV
02ax5P5L3SRrvl9Q88,Business User,2022-11-20T10:42:29Z,0,003clJa1pOd8t9PISQ,800T5EwQaV6BhkSI5T
02aZzfs0pUlhQmZY9W,Decision Maker,2023-01-05T02:57:56Z,0,003idSte6iYGpKBASN,800L7ebtuFTJbNAQLT
02azxAraNxTkJxnIRB,Signer,2021-06-16T07:07:33Z,1,003bLWkwRTWbbXTA77,800BYKg4iHSUGwxICL
02acMRqn5YkrpCvIEB,Legal,2022-01-08T09:18:43Z,1,003yk45uhVocz3nACI,800YdrAEHNvlZMqICG
02aeqH84Et63b0ZYXC,Decision Maker,2022-07-26T21:19:37Z,0,003wj4aZ1eHyznPQLH,800LlrQ7EpJv0H3AU5
02a78WeLiBdqcaMIYM,Business User,2024-01-23T17:42:03Z,0,003hKEkfAwY1accID2,800LVdxmEzruE4YAQC
02aZqFB7UkZdcYNQLT,Signer,2022-01-28T04:10:31Z,1,003Rq9Z1UOXaGpIATR,800Itpb9vCc1hHhQ1W
02aQa2swyD6KKxBIFM,Business User,2021-10-07T04:50:51Z,0,0038UpwEk35ffeBQQI,8000rz8uug1m2u0YHF
02asio4KMggRt3pIFT,Decision Maker,2025-08-20T15:55:27Z,1,003xxlGV9jlpBgRAMR,800QxMVsNQ8IKBGQ8C
02a4PAxdxu6IawKAB9,Business User,2025-01-09T00:23:42Z,0,003nb25tDIA7HSQIK8,800bBdb4IylBi9uIFG
02ay5lS2g3X4uHQQ5J,Decision Maker,2021-01-11T23:12:42Z,0,003hcrYNRS9497iQ4P,800SwBY0Xzfjb31I9R
02aboEnrs03AFTdQ6C,Decision Maker,2021-11-09T00:59:58Z,0,003mrfaqfU0KRpqY96,800TPPSbhr16ZK9IJO
02a5FD1NDSkSmHrYOH,Business User,2023-03-30T21:20:54Z,1,003uvIfIopZaMbyQ8S,800CRKWWGkP7TAlIRC
02artRWD11d4KO2YI1,Decision Maker,2021-01-27T21:16:54Z,0,0036ZO11O9MlwGGARL,800O8Ra0PxdA5AwQR9
02aqX54gd1B6fv3QLD,Decision Maker,2021-05-15T10:43:47Z,0,003W4GCkyKB1aeBIDX,8003A3BuNnxSFvBQTE
02aUwYnvDRySW2lAHG,Business User,2024-05-25T20:54:23Z,0,0031mDngmYeD5xrIKU,800tZTPydqmGZbWQ0F
02aJKVwj8qlm6yNAOG,Legal,2024-03-07T15:48:34Z,1,003L52iGUSEULYIQTF,800QQECfyhfqKDkAK3
02aA30upTy0O9LeYAL,Decision Maker,2024-04-14T19:00:00Z,1,003TKgXEWOfUh8KAEF,800OaHM0k0z9703II9
02aiB8WTvDafj0OIMD,Business User,2025-10-24T21:44:47Z,0,0035o5gdXA6uoljY5G,800Gs3mrYlw15wsAB7
02aOrVrNqs88iimQ8U,Legal,2023-12-11T05:12:05Z,0,0031Zvig8Nwe5gjY3U,800c9qdaxhRxiaJQM0
02akUquVgDoiKfFILG,Decision Maker,2022-10-29T01:59:00Z,0,003g60ZwWHHlrCMAY7,80029icpuli0p45QKF
02abfTrhAb1q7NiIM1,Legal,2021-09-02T21:52:57Z,0,0039qUKtgp4U7BXYVE,800R8kJjrZFsrVrQ65
02ae1X9vKqAUAYZAIT,Signer,2021-05-31T08:58:35Z,0,003aOYRJR4o2kcUANS,800V8lGTMkQwWVOI27
02algYj2SAIUSG8QS8,Business User,2026-04-25T10:21:01Z,1,003rn9LQyie8Bi9QKZ,800L7ebtuFTJbNAQLT
02aRXtPFBmMS3BdILR,Business User,2024-05-20T15:28:06Z,0,003RkNOcuqO0tHhA2N,800ZLfuUv69zjcQIW6
02aA57zxjZUmE9GQE5,Decision Maker,2024-06-30T06:38:25Z,1,003CMXQsLON96SmYIN,800CcX39E357Xq8YLT
02auA3L7Qan7xNkQWP,Legal,2025-08-15T10:29:37Z,1,003mmgdgzVnG7x9ING,8000PJp9yvn57VuQXG
02aj86PfXIfFu3OQFO,Legal,2022-12-16T21:04:44Z,0,003ljgE2o5CJoOEI7M,800OYKhktEVxibyIWR
02aj8RNUMbuTYObAMJ,Legal,2023-04-17T05:18:40Z,0,003ruHWzIQwM2ygQ4L,800fClpZjl7fMSxA6B
02a3Bu0QepiQJOzIGH,Business User,2024-04-14T10:15:35Z,0,00315S4jsX1OtfpY8L,8000iu1gPnwYYKdYOU
02afC4FtN5g0bzdI2I,Decision Maker,2023-06-07T03:19:36Z,0,0030xWcxrRWbioOIV0,800NbbYTi4ZGZCwQKZ
02auMQCXqXjCA51IHH,Decision Maker,2025-11-20T07:26:26Z,0,003o1twgPhDKJpDA65,800h85RmJ9X26a9Q72
02aGWfwl3F8iop6QYC,Legal,2025-08-16T14:38:47Z,1,003SSAgSVe7BHknAZP,800wj7XLPA8ArM5A54
02a4Y2PIv36PakGQ2R,Legal,2026-04-23T12:46:47Z,1,00349RXX5ryqLh0IU2,800F0QocCl6xxFJAV9
02aAOcXCCSyxPIEA7S,Signer,2022-12-09T19:36:32Z,0,003gZ0yj4Y8MCukIR4,800EHbPe95GURhHIN4
02aRdJ343Hi25lRYY1,Decision Maker,2021-01-03T19:41:39Z,1,003UJMIOM9zfWh8QEM,800vZk6n4FMj4FkQXM
02a6tOFqa7E6xGkYQS,Decision Maker,2024-08-22T00:11:10Z,1,003wXaj6lOoSXpCQZM,800QQECfyhfqKDkAK3
02aSTaaUwWFibBPIY1,Decision Maker,2024-05-26T22:04:57Z,1,003rOvdnZgTQcfAQ9W,800kqWznhNaWqBLIFJ
02auGB0zB5icfXdQU7,Legal,2024-11-20T23:51:12Z,0,003PHQWf7tlM4S2IWA,800SXJvNh5rbgrhA4C
02aPrsX2UHHZ5ewYW1,Legal,2022-07-02T08:28:53Z,0,003Q14cSJBEmxA7ISF,800nEzeWjRDTX6SYUM
02ahw71BzROF4dSAUW,Business User,2021-10-19T22:22:20Z,0,003qbSlsfuiDcr6IHB,800KRcmDv0XESdNQSK
02aXglKA4dDrZvcAS0,Business User,2023-11-25T04:23:17Z,0,003RhpuylDoRqW2I9Z,800F0QocCl6xxFJAV9
02aOu2IwNTYhUBeQ9O,Business User,2026-03-08T02:01:55Z,0,003HQXKSm7Z4V96AEQ,800VCIS3gznzDIxIG2
02a5mGakCbyS7bAIG3,Signer,2026-05-01T22:56:50Z,0,003NTU3T0Co8c3eQAN,800KRcmDv0XESdNQSK
02adDrsFj2Sl7swQBP,Decision Maker,2022-10-25T22:37:52Z,0,003DnDlPXrvzmkCIGX,800MpCh5uKtKFZWANC
02abqzPtScsUvMkQDK,Signer,2024-08-30T08:00:09Z,0,003OlL6SECNDtLKYVE,800UeYqWsUhyhTmYJ8
02aeOy0QKiQmcHRA3U,Business User,2024-12-14T08:07:33Z,0,003Mqj2q9jdJsceAVN,8003wth2gWTivkkYRQ
02a82J8c7NVs5GHIPY,Business User,2022-06-02T00:31:37Z,0,0038M1l1Mhuj6b5ABN,800QlpIV95QgNc1QMK
02ag41Z0p6TWfcDISH,Legal,2022-10-18T15:37:02Z,0,003EAApQ6DjAsfKYK5,800P8ANseyf1VOnAMT
02anzwPq2R2AQC2YHH,Decision Maker,2024-10-03T13:25:06Z,0,003y4kBbZm52Aq6AZK,800umqU9rL9AwDHYLO
02aTfBGbSMiuME8A3W,Decision Maker,2021-01-20T23:25:45Z,1,0031zBg6AMIS6xMQMH,800drlau230mmV1QD0
02aQEjtARXWc9VGA96,Signer,2025-12-26T22:19:53Z,0,003Nte2NbHH78qtQ8Y,800UeYqWsUhyhTmYJ8
02aIenfmVSbSzyfY7B,Decision Maker,2023-11-05T15:06:57Z,1,0036yjsLkZjdCzzQXA,800O8Ra0PxdA5AwQR9
02anYnHRdZinaPRY0K,Decision Maker,2022-12-24T17:50:00Z,0,0033EcjyMCIQqMfYEB,800SwBY0Xzfjb31I9R
02ak1twEiCeRB45QD3,Signer,2025-02-19T23:57:48Z,1,003BSDCSkklvd9EAYG,8000PJp9yvn57VuQXG
02aChXH4dJQOLyNAKO,Signer,2024-04-21T07:10:58Z,0,003Lwk67BtSWKB4ICU,8009kXSGN3ra8KwI9N
02atOy7aTSHKij5Y5T,Business User,2024-12-16T18:59:21Z,1,003FjGLi4SvOcnVI5Z,800o5fgQNwjouXQA01
02ajmzYzrmJD7QdIQ2,Decision Maker,2022-11-17T03:12:47Z,1,003JOs0QBioz86ZAAA,800O8Ra0PxdA5AwQR9
02avsHInpNRNglwADT,Legal,2024-02-21T09:14:05Z,0,0032JIKjOQ4mN0cIK3,800TTuku3jUZCA3YXQ
02aJD1IAJoMhayzY35,Decision Maker,2024-09-20T00:38:22Z,0,00317cgK1sgvVNoIM1,800R8kJjrZFsrVrQ65
02a9gaqwtGw6mxqATQ,Legal,2025-03-12T18:10:52Z,0,003m3ncht0KhZ0PATP,800F0QocCl6xxFJAV9
02a5ZuE3gYXsXa6YJX,Business User,2024-10-11T21:54:16Z,1,0038V7IakFPVqzGYFB,800ENiXZkrXgqEXQ70
02ao5CLOFcXYpIfAB3,Signer,2022-05-17T19:43:35Z,0,003klJjRODG9dwwY68,800V8lGTMkQwWVOI27
02anyzZ2kYVetNYIVH,Legal,2021-10-09T23:02:57Z,0,003NMoHLkDWagobAIJ,800F0UD6CGQr27yQX6
02arnkDBWex1HfwIIW,Legal,2022-06-06T11:50:13Z,0,003Sv4YREEIrw4eAD2,80037yIMDWIa7R9Y1G
02ajTzWibKiM0LxYGJ,Decision Maker,2026-01-25T16:29:11Z,1,003sw0o229boxY9IXX,800pHjoyPbLhnpsANO
02akscUXIPuvw4zIR8,Legal,2022-10-29T15:45:03Z,0,003HfRHZstikM70IAV,800PCzsrEzQF5eJITV
02aZPHrlRjLPKlqAR0,Business User,2023-09-26T15:00:02Z,0,003S0DpUcGyn83CIFX,8003A3BuNnxSFvBQTE
02awsezJKqwvX6QAIS,Signer,2024-09-14T10:56:05Z,1,003T85cJjM9kvNXI4T,800WGmMAqFXhoiTIUV
02aW4OglA2gGJ4XYDA,Legal,2024-08-31T11:09:42Z,1,003VtyW41eLCT25YCC,800C2yxkO8960MaY0P
02aTcBYIQxx3hKXABY,Signer,2025-04-17T14:33:27Z,0,003DGxJ8tFMKWT2Y2E,800Jy2Fn9zw9YOfA42
02aJHln0EAQiVhVIEJ,Signer,2022-05-09T15:04:40Z,1,003WU4Q6S7FReEGY2S,800QlpIV95QgNc1QMK
02acWiCpEhxRoqAA4C,Decision Maker,2025-04-07T06:30:53Z,0,003bxpRo8OK401FQND,800WGmMAqFXhoiTIUV
02a3ElmdTPpplEyAFN,Legal,2021-07-11T17:01:06Z,0,003SBA1qSIqBF8LQK1,800dkaw6CfGALmZACU
02ayPjMyhMX2h1OYYT,Business User,2026-02-01T08:22:32Z,0,0039xpQOmpynXbwAUX,800T5EwQaV6BhkSI5T
02abLfKIJ1jejxTI8T,Business User,2021-06-07T00:39:29Z,1,003M6FZ9rsV26aRAG1,800wj7XLPA8ArM5A54
02a76DVG1eI8sehINE,Signer,2022-09-14T06:49:13Z,0,003nYsUJslzxbZDYVL,800oqsSwWdfbF7CY5U
02a1ufw4TCyN8YPYTA,Signer,2021-03-01T12:40:19Z,0,003USnXTdtUYl4AI7N,8005cBwa2u29TaTY1C
02aQfEvzgashkNoQJ3,Signer,2024-08-28T22:44:05Z,0,003CycifoifVIltQQU,8006rVKG4mAxYqpQ2Y
02abCJtqXAU7sWuIRQ,Decision Maker,2021-09-24T19:39:48Z,0,003AOWtLxMtVgZyY8N,800oqsSwWdfbF7CY5U
02aqtCd66Z3dXvcIAX,Business User,2024-06-14T17:22:46Z,1,003hp4wXHyQ4ojAYPY,800NbbYTi4ZGZCwQKZ
02abCKfpuTkEzPOYAA,Business User,2024-02-14T11:23:55Z,1,0036fgaibM8aK8xQCR,800iNl2XYTV1XPLY1O
02a1Q9Tdb9ptHE9A41,Legal,2023-02-01T03:33:24Z,0,003BhpE4doSQY7nIZN,8008x8Y4DvSqLVxYNZ
02aIvgn5tmzMsqdY6Q,Legal,2024-02-13T22:43:48Z,0,003mBsTTCT1n0dYAKW,800ujrIuY2oupF3QN0
02a2ajufaz04cn8AOX,Business User,2025-02-22T17:02:08Z,0,003aMP3YkGdWKoBIM1,800AQFaJzV1gKDAIA8
02aAqEqK1V1kTYMQ8V,Decision Maker,2022-09-06T20:32:49Z,0,003PYALDHZwx2BLIUX,800BYKg4iHSUGwxICL
02a0Rh9tKkfG7DAQM4,Signer,2021-04-18T00:08:21Z,0,003xHCmVK9xzUW6IM8,800AG4LFg7Sz8mAIYN
02adgvBqLq6PYNTI6K,Decision Maker,2022-10-07T15:47:12Z,0,003EGUHqPYObg5zQF1,800lN0R2zTk4DqWQ3A
02aGosiD8q3bt30YNT,Business User,2021-10-03T09:00:07Z,0,003rUXg1SVGgePRARH,800BYKg4iHSUGwxICL
02aRxlZFtnIkw0aANL,Decision Maker,2025-11-24T19:48:46Z,0,0038Zgs2fcZRNYDA5R,800Vchmt8SLcmOuQZL
02a7XdcA6MRyPDUY8P,Business User,2022-08-08T08:51:51Z,1,0034bSNcvxaJOubIRN,800IBNGcu9jdg6aY22
02a3ELUdAxeJb3eI6C,Business User,2026-03-24T07:10:46Z,1,003xRKQzqPWoyqWIR0,8009kXSGN3ra8KwI9N
02aQqwCoTY6Wl0qIKX,Decision Maker,2021-09-30T18:18:35Z,1,003Fv1MxeAi9aF5QZB,800cglw2UdkqG4hYIT
02aZtSUawpcEp9NQ4Y,Business User,2022-06-24T07:43:40Z,0,003JvekNEObXCPCYL1,8000PJp9yvn57VuQXG
02acFWNP9VleVzcAWM,Business User,2021-06-19T19:09:32Z,1,0032bztYjov6Fs6Y0N,800XSG7K69svxT0ILN
02arJm8TuHlVCr4IW3,Decision Maker,2025-06-10T09:26:30Z,0,003W4GCkyKB1aeBIDX,8002lzZBdig1E4MYZJ
02aw8TU20rNssUsYRU,Signer,2025-03-18T08:07:10Z,0,003P39CqbvZ8qZ8Y7T,800fClpZjl7fMSxA6B
02aGzleDRTFcBXMQCS,Signer,2024-07-30T16:52:17Z,0,003974zjDXazCjRQDS,800TTuku3jUZCA3YXQ
02aHwDelmjFIFphYCN,Decision Maker,2023-05-11T19:01:55Z,0,00343LPiVMzOHpwQOI,800puUrLzvJbTTvQBH
02aGrwtOS2QFmK7IL5,Decision Maker,2023-07-06T04:02:13Z,1,003sU1yP0UT4VvxQPE,800E9ScLmkJcC2pAX5
02aPS66NcTHQtlWAEI,Signer,2024-07-23T12:14:16Z,1,0030VnwN9BYQ14jQG1,800Pbi6UKl34sm0QBA
02a3iMe6zzYsJcEI4W,Signer,2021-04-08T04:52:41Z,1,003BSDCSkklvd9EAYG,800uHuxUph9dreSQO6
02a39zMjFjT5KCmQLC,Legal,2022-05-30T14:15:28Z,0,003BjwAJYSVczytQH1,800HWZIQHtA8eF7QXP
02aAIxe3PbGHKdCYJ5,Legal,2021-11-10T21:52:55Z,0,003Jy7SUOIQb9xzAPH,800kockSrUGlb2QALM
02aMAkPGe08t8WGYM0,Legal,2024-01-04T08:50:32Z,1,003nDG4Edmka5a5A5U,800nUdo9OcX1889IBC
02aABSjQ6fAecPiYJD,Legal,2025-05-14T21:12:34Z,1,003tliMSFlGrNtvQRU,800Xx5FQgFz5fJ9YDO
02aj8SEwtjoGnR3QMI,Decision Maker,2024-09-08T18:04:51Z,0,003yk45uhVocz3nACI,800XSXUqwltdhHTA64
02agfWyfzJH5FljI2J,Signer,2024-10-05T21:15:33Z,1,003T3d2WiwNdnVdQCD,800cglw2UdkqG4hYIT
02aJhKptXFxgSDIAZM,Signer,2026-01-23T01:06:24Z,1,003xKpYjRI45OxiI97,800WzBbamb8GTqVQ1C
02aY2HV0G8HdVopABU,Legal,2021-05-08T07:38:40Z,0,003uwa0GaixV5VQI3X,800AdFhkJuwlDQ7IBV
02anDI3qYPxl9PMYJ5,Signer,2021-09-13T07:31:42Z,1,003CycifoifVIltQQU,800TB8KxFUk9biPIRU
02awOgn6Oh3WB1rQK3,Decision Maker,2025-04-13T13:37:57Z,1,003mEMCIgVZjU1eIQ1,8000Q53UMKyIsRsAS2
02aKNr6X4HCaM4YINN,Legal,2024-07-03T19:05:33Z,0,0033jBp3Eue1ozkQ2D,800tZTPydqmGZbWQ0F
02aa2yYwq4WHydtQWQ,Signer,2022-03-27T19:50:50Z,0,0033Qo4cfGxpEGdIZI,800CzxUbTu2VpkaANO
02adIuiOzpJb3slQYE,Legal,2022-11-03T23:56:27Z,0,003GweaslhRRyCLI5I,800RGzoGVNcuQYDI8E
02ajWGfDQ9MH7LHYO6,Decision Maker,2025-04-09T11:50:04Z,0,003q9AnRoEhLwgSQH8,800D3JsFxKY4wsHAVV
02anoIwgSNDvQ6jQEW,Business User,2024-05-30T05:08:17Z,1,003cysgt1k4G0pkYQY,8003p1BnTizCOqyYDH
02atQfePc9paDvwI5Y,Legal,2025-01-22T07:26:43Z,0,0037uvO6ccJp6wGQR7,80080H3xoC3J7C4QC7
02arxA9KZtkV57jANL,Signer,2022-08-24T07:00:09Z,1,003uNABTA3HDsNTQ1G,800fClpZjl7fMSxA6B
02an433xRm8QWgKAIN,Signer,2026-02-07T21:09:55Z,0,003CRDYjsTHsCzzYF5,800F0QocCl6xxFJAV9
02aFzSBjgYIveGrQDG,Business User,2023-11-26T16:59:53Z,1,003T79uOZSlLCuJY8B,800L7ebtuFTJbNAQLT
02aTPDE57ukfb8KY8A,Signer,2022-08-27T13:09:35Z,0,003L4XbHIBSSKczQPN,800OYKhktEVxibyIWR
02aCjTXmxT6nANxYTF,Decision Maker,2025-11-08T01:17:16Z,0,003TzZeo9ark3IEAUI,800tIubHBWGcvAVAOL
02aMJIBOLYOdHSJIVJ,Business User,2024-12-05T00:41:57Z,1,003LDbBrYoGzhe2IYA,800VfORiuLKbts6Q0B
02a7nwwDjqmyq65YKQ,Decision Maker,2025-03-13T18:21:37Z,1,003TzZb7WHFRbgHIUO,800o5fgQNwjouXQA01
02a0vSzSzUOItLeYDW,Legal,2024-01-01T17:59:36Z,0,003ZX6Xj89YKwHlYI8,8004nELqkeAIVStA78
02a8hMlczBLQhQHY14,Legal,2022-04-18T07:06:54Z,0,003e9SO55KcgAKPQ5C,800HnP1eXrmyldDIW2
02akuUWfuFR7BPSIYE,Signer,2023-06-10T22:24:12Z,0,003XyMpRNkbfCV9IA3,800Xx5FQgFz5fJ9YDO
02abJzTixNbe6RHQS2,Decision Maker,2023-06-27T23:51:24Z,0,003axoHgSewH83KYNB,800XSXUqwltdhHTA64
02aqdc1LHjtPPTRYQ6,Decision Maker,2021-08-16T17:49:41Z,0,003PqTNOtJn4TpHQUO,8005cBwa2u29TaTY1C
02aBCpkzyKhlQWXQUI,Decision Maker,2024-01-03T03:39:43Z,0,003dgi6puTJVuS7QB6,800AQFaJzV1gKDAIA8
02apk6XnCaMndq2YZC,Legal,2022-06-13T09:35:23Z,0,003BxZ4Uth45BW7IYN,8000rz8uug1m2u0YHF
02aQXa3tlRp27lkID5,Business User,2023-03-10T09:12:31Z,0,0031V35M3k3BNNhQ3W,800bBdb4IylBi9uIFG
02argTmJ0P7Lu78YPJ,Business User,2024-08-16T18:49:48Z,0,0031Zvig8Nwe5gjY3U,800HWZIQHtA8eF7QXP
02aNLqfffM2uC4OIN3,Business User,2023-02-04T08:37:46Z,1,003L5BUYiA6zPEpQB9,8007ObcJeKjfXoFI07
02aqeneCLAYgJPSY73,Business User,2021-04-30T03:51:40Z,0,0039FrVc7BjMYXxYOW,800c6BRUBx43sUQYKZ
02adW9w5GNYJLeiIZ6,Decision Maker,2023-11-30T20:34:24Z,1,003nmblpeZJRycwAXV,8004rrOafJgU22mIN0
02aUsGH4rcrarR3YJX,Signer,2022-06-01T17:07:51Z,1,00366zbKzuwry7vYR9,800F0QocCl6xxFJAV9
02aaY4YuiBedvFiAB1,Business User,2022-09-23T05:01:26Z,0,003twefy02aagUgIFC,800UeYqWsUhyhTmYJ8
02a38Ry6mHSorD2YNB,Business User,2024-09-15T17:52:44Z,1,003M4XLkZ8lJp7OY05,800lN0R2zTk4DqWQ3A
02a1llAd3Xn2HESQIJ,Signer,2023-08-05T16:10:43Z,0,003yk45uhVocz3nACI,800dA49UIlLvQcgYQJ
02aebMBwuH8Q6sdICW,Signer,2025-06-24T11:42:30Z,0,003gVdH6EpnZ6WvA5M,800aItMzuY7OrCNYE6
02aFrqIQ83w0QWAQLS,Signer,2023-07-21T04:45:07Z,0,003FbR5EW5J2ZzlQZL,800lN0R2zTk4DqWQ3A
02a6PunGeEDR9CMQY9,Business User,2021-10-03T07:42:44Z,0,003uJwtjEr9zwIHQ67,800OaHM0k0z9703II9
02aoHucMe70lyNVYK1,Business User,2025-07-03T13:25:07Z,0,003VeAU4dn6ftKoI3K,800Cp0mYzGhVsmxQQH
02ai6Z2EpYfe0AwAV2,Business User,2024-04-21T07:44:58Z,0,003sgF22DRFupF4IHR,800hhTP2auEcxOdYM6
02aKAID2unjf4SQYE7,Business User,2023-04-06T23:21:01Z,0,0031WKDQQmUL5UJAK8,800z269R6ifpeYRQJR
02aeJb3VuMfbfjWILU,Legal,2026-05-20T14:51:24Z,1,003OAkfyP4d2ErpYXI,800KRcmDv0XESdNQSK
02aj0B6UXJlQMikYP0,Decision Maker,2022-10-23T15:26:08Z,0,003zZN7kTdFUNzWQF9,800ZnhRcx6zL9UTI2C
02abwPG3mSQCGiiQSV,Signer,2021-06-04T20:02:59Z,0,0039mhj999GyrjIQQT,800Jy2Fn9zw9YOfA42
02aztHgqnl8hCigIZW,Legal,2022-09-05T07:27:31Z,0,003ahAqxGiFFa9nI0R,800SEW2a9JZeHZ4QK9
02aJsGXygHmDU1WQZM,Signer,2024-09-06T00:08:43Z,1,003974zjDXazCjRQDS,800jNtlpEknZTDqYRB
02aD7VepJ6hKjepQII,Signer,2022-08-18T05:11:22Z,0,003QcMefpBN7uCgA7D,800cglw2UdkqG4hYIT
02a4OjcdRDleXUOI0A,Signer,2023-05-19T18:58:28Z,1,003X4f6SR0QeptkAUS,800WvqcgCiPOHLYY7Y
02aPDcEVQbmlIOgYJD,Business User,2024-01-10T01:40:27Z,0,003JvekNEObXCPCYL1,800ERaDc72wWsv2YV1
02a2BYObR3QvJetI79,Decision Maker,2025-06-27T23:49:33Z,0,003Ke4WFdW0CoW8ASR,8000Q53UMKyIsRsAS2
02aB6Ta2FnKkkTMQNA,Signer,2025-07-02T20:38:05Z,0,0039soCLiud9MJJQXY,800XZr1FHvqHp3dY71
02ayjGtTHzRj4qTALQ,Business User,2025-11-09T00:26:14Z,0,0033EMqN6a7mGDGATV,8008x8Y4DvSqLVxYNZ
02aF4M1lO1GositAZY,Legal,2025-05-03T09:59:08Z,0,003L5BUYiA6zPEpQB9,800F0QocCl6xxFJAV9
02ahhpyPBsDKrwIQDY,Decision Maker,2025-04-09T16:54:08Z,1,003ULZuykuQw1WPQ9V,800vZk6n4FMj4FkQXM
02awoT35s3wy9gEQW7,Legal,2025-08-23T07:05:49Z,0,003IQdBwmh66yd6Y9Z,800bVWfsWKIfEfrI5F
02aaL6ejnAkMu5yYBB,Decision Maker,2025-05-17T11:52:39Z,1,0038WLh2RCqnhweAKI,800ENiXZkrXgqEXQ70
02aKLRvq22hmCsCQOV,Legal,2021-11-23T15:01:58Z,1,003E08tir7fAxwfQKQ,8000JMMeXtw0A46QP1
02atIhdEsETOm9zQBW,Business User,2022-06-19T21:41:24Z,0,003ZbsFp7oXia3iA34,800IjjLhU5OjArOY3V
02aZmTLyZn1YoTzQQG,Signer,2024-07-05T21:28:06Z,1,003u2f5oGPzB7zdA0X,800YdrAEHNvlZMqICG
02at1BvGGcxo8o0QTI,Legal,2025-02-08T00:57:26Z,0,003psFZ8iduZzPjI3E,800aawsTVoY6sIFIQ3
02a7ENVl5GeZ5c0AGI,Signer,2022-01-12T23:56:55Z,1,003qtdY5hxm0m4uAVE,800drlau230mmV1QD0
02aK0d7Wqj3AOiuIH4,Decision Maker,2022-09-22T08:12:31Z,0,003YW7qNL2RKjOqYCD,800EHbPe95GURhHIN4
02aVYd2ganqNzW2YJA,Decision Maker,2021-01-15T20:36:03Z,0,0032hDmPJusspmVYKP,800D3JsFxKY4wsHAVV
02afgJ7Extvpe7pAT3,Signer,2024-12-16T07:41:07Z,1,003m9HrWtv4UnT7IY5,800h85RmJ9X26a9Q72
02a56MLJTv6MMZcI3B,Business User,2025-12-28T16:56:35Z,0,003vQ4TTrgSzSH3IL3,800TDg4eAVdXb61I6Z
02aCPepEzvjJoxJQR4,Decision Maker,2021-08-03T07:00:23Z,0,003HetJKvxaCYFBY9Y,800rBFkFivPQUURQ3R
02an9xKVYrUOehAICB,Business User,2023-02-03T01:29:21Z,0,003QpUbKtwmcJ3HY8B,800kpf2eIHo94KVAPG
02aZtJXjCGJIpuQI95,Decision Maker,2024-11-22T13:12:02Z,0,003WOfZHVkwetIOQFH,8001LkXFbGoaJPdIB9
02abwbfiB2LXvYuIG4,Business User,2023-01-12T14:40:02Z,1,0036L1PV31AwH0EIFZ,800dQ5vvReLRwMsY9D
02aRKrSo05TgIYWY88,Signer,2021-08-30T00:18:48Z,0,003lKSKPlBrHJCNA9T,800LlrQ7EpJv0H3AU5
02aNHvQ8cAGKUY1Y7G,Decision Maker,2025-06-24T23:19:20Z,0,0037uvO6ccJp6wGQR7,800xrloepD6l9xhY8I
02aXod8CkJzNl9hYB8,Legal,2023-01-24T11:01:04Z,0,00338Zpfu6vT22ZQ3O,8009kXSGN3ra8KwI9N
02aUvs1FrCwKatrYZY,Signer,2022-05-04T04:29:01Z,0,003VZ9hJXxjtGw3QAM,800bUW6Ak8jmWLPY6R
02atb5bY14vTeZbI42,Business User,2026-03-02T05:05:40Z,1,003nDG4Edmka5a5A5U,800q5eHXZTQReDFQSB
02aYLFAXzEEN6VqYNV,Legal,2023-08-13T11:37:02Z,0,003IijzTbFYVzxCICP,800D3E2vLxuopTnQDJ
02aiQ0eL0oABIypICV,Legal,2021-09-08T00:09:33Z,0,003XKRHTr0zxsX9I5B,80028IW8F9poVcVYB4
02axM2FY4IwjMkaIEB,Signer,2023-07-16T20:06:56Z,1,003zu9kFOrpbJ8UYJH,800bjmohWwCP7WSIB5
02aYP5lPSX1NCdRIWO,Legal,2024-05-14T06:45:22Z,0,003ZGOxuAsxdo1XY37,8008x8Y4DvSqLVxYNZ
02axU8jqpyhxkRvQUA,Signer,2026-02-13T17:45:45Z,0,003Yxy3ttOLHklxQ57,8002lzZBdig1E4MYZJ
02aFNu9oRBLJBmSIFP,Legal,2025-02-04T10:47:09Z,1,003ACNKZsyvaiMyQHJ,800B1LU48CcQp1LYPI
02apKDdR4Ic3v5SYFM,Business User,2025-02-02T02:46:51Z,1,003A5xFu6Tp1zzlIZE,800HWZIQHtA8eF7QXP
02aBsGGLbmRYsWfACV,Legal,2021-03-04T18:25:10Z,0,003nQva0jGAkrqoION,8007w3vo8zs96xnQUO
02atjbk9f9MNKiVI94,Business User,2025-06-07T08:37:10Z,1,003g1jXJmFJ4W6mASA,800IjjLhU5OjArOY3V
02aqJKojlrbJlfTIKA,Business User,2022-07-30T10:24:06Z,0,003TRozbZoPm9luQBT,800F0QocCl6xxFJAV9
02ab2U9nhbUTxgPAHH,Legal,2022-02-27T08:21:42Z,0,003lSqIBuJLGR6JY56,8004nELqkeAIVStA78
02aQ265NVQhHCAwYON,Legal,2025-04-10T03:32:24Z,0,003F7xNHwBJn7AfAYF,800F0QocCl6xxFJAV9
02ayRyDfRBeMAxiIDJ,Business User,2024-07-30T23:43:03Z,0,003aMP3YkGdWKoBIM1,800bUW6Ak8jmWLPY6R
02a7vYC5f9EA0XfAO4,Signer,2026-04-18T04:31:08Z,0,003A5xFu6Tp1zzlIZE,800P8ANseyf1VOnAMT
02a45ZlfOsNGUBSQA2,Legal,2022-12-24T16:19:29Z,0,003yupgGCl5JIUDAR4,800VCIS3gznzDIxIG2
02aFqiuH0twxQCJY94,Decision Maker,2022-04-08T07:12:40Z,0,00310Bc9X27P5DIY78,800tZTPydqmGZbWQ0F
02a9BYePV4Vm1ExABJ,Signer,2021-01-24T19:07:49Z,1,003bhOmeD1MNnZQY77,8007rpBvdwnWn7yIVT
02a5hIqTHaG6o0wAIW,Business User,2021-05-08T14:16:49Z,0,003hYM21azNCP10ID1,800RGzoGVNcuQYDI8E
02aTBTvLI3PoPmjITB,Decision Maker,2026-01-26T09:03:45Z,0,003RXAjrIEuybuWI16,8007ObcJeKjfXoFI07
02apPkrlr97SXBRI57,Decision Maker,2023-09-25T09:51:09Z,0,003tOm2WIhfcWTNYLO,800P8ANseyf1VOnAMT
02aNDYeanmBi4zAID5,Legal,2022-06-02T06:56:32Z,0,003xcBn6fgJG8xkYE5,800VCIS3gznzDIxIG2
02aAWSouDSg0XzIQ2R,Signer,2024-09-13T15:18:50Z,0,003mblP8ZcDU6VLAQU,800LWz4izczPU7LIEX
02aCnlKZcemJZPrYWK,Legal,2026-03-23T18:59:16Z,1,003uH5OW5dswD39AOA,800AQFaJzV1gKDAIA8
02aeJWsU7EbjJy0QN6,Signer,2022-06-01T03:01:40Z,0,003z7ZbcBcDrjgLQK6,800TDg4eAVdXb61I6Z
02avAeFnAYk9GDDYG7,Business User,2023-02-14T17:04:08Z,1,003USnXTdtUYl4AI7N,800F0QocCl6xxFJAV9
02aIfo7r2F5or9aYNC,Legal,2023-07-24T21:41:58Z,0,003Z9p3iLikiLHLY2Q,800yvXK4DCxcbU3QSU
02ada9dGPxf5Nf7IZ9,Decision Maker,2025-08-13T05:33:29Z,0,0031Zvig8Nwe5gjY3U,800P8ANseyf1VOnAMT
02aZaHaSZas24e9QCO,Decision Maker,2022-03-02T17:55:19Z,1,003JvekNEObXCPCYL1,800uHuxUph9dreSQO6
02auFRYbiibfYkKQCK,Decision Maker,2026-05-08T04:35:36Z,0,003mjuXxIT09fGrAAO,800rBeZ6rfybwaFIWA
02atS1dR4DDHQv1AI5,Business User,2025-04-05T15:41:33Z,0,003JKepolzJF9SeICO,8007w3vo8zs96xnQUO
02acWmhwg7VfYtNI99,Business User,2021-05-06T15:58:29Z,1,003Rn5IzNrgNB1jAWL,800Itpb9vCc1hHhQ1W
02ayQAcn2eSyKTjQKD,Signer,2024-12-21T17:19:58Z,0,003UJMIOM9zfWh8QEM,80037yIMDWIa7R9Y1G
02aNfHlTCgpqo1aI0J,Legal,2021-04-22T08:45:04Z,0,003X4f6SR0QeptkAUS,800YdrAEHNvlZMqICG
02aUdLHcjOAvb73IJP,Decision Maker,2022-03-22T23:43:50Z,0,003FXVaKVzp4mx5AGP,800UxD6MVshdsqHY3W
02af8ZJCxva6E0yA94,Business User,2022-05-13T10:25:53Z,0,003EDWvVYj5gAejIMY,800drlau230mmV1QD0
02aDx19SoKiGURoQEM,Signer,2025-09-30T08:21:07Z,1,003RBzG8mZhm79yAT0,800cA3Bykhcvdg2YC2
02a5ScOR2fLJ6gpA64,Legal,2025-02-11T11:03:34Z,0,003o5fQYAEwn5eCYPQ,800VfORiuLKbts6Q0B
02aL88b4HsIJ9T0YH1,Decision Maker,2021-02-22T19:09:53Z,0,0036XGXPXmg2ctwYTO,8008VR87WA8PEdGIS6
02aBvnUgaLxfbFLI2Z,Business User,2024-01-09T17:04:21Z,0,003rYgrvc9K7YF1QGX,800biHSFweEoDaFI77
02axKrBaATnjE82II3,Legal,2024-12-16T02:17:02Z,0,0033cD3226r2rt9AGL,800voDxAA395iaPQHB
02aVXGDtwVHCHV7A93,Signer,2024-08-08T07:25:50Z,1,003YIHp1TArqzm1QFV,800tIubHBWGcvAVAOL
02a1N1IuaQ1AkwYIMN,Business User,2021-08-30T22:14:47Z,1,003y4kBbZm52Aq6AZK,800MIMumbEtEkyeQ6X
02aCVtLBBWfi2UQQXZ,Legal,2021-06-05T01:02:21Z,1,003VZ9hJXxjtGw3QAM,800IBNGcu9jdg6aY22
02a9ahvNzUNX2pgIGQ,Business User,2025-03-25T16:41:25Z,0,0033vK4kL9GicJvQ7E,800voDxAA395iaPQHB
02ali7SjGODaVy9ACC,Decision Maker,2023-01-09T23:08:17Z,1,003clJa1pOd8t9PISQ,800LVdxmEzruE4YAQC
02aC7Ejw7l93yXRQI5,Decision Maker,2024-05-10T00:17:10Z,0,003rOvdnZgTQcfAQ9W,800xrloepD6l9xhY8I
02aDK9w3voPGhPRYFN,Signer,2025-04-18T03:12:04Z,0,003dV7hH70niauTQ84,800ujrIuY2oupF3QN0
02amaDLE6XxTktDQX4,Legal,2024-06-21T20:39:35Z,1,003wXl7kXZ5nsO0YOX,800A4AbXmku2kz9I5A
02aDCB1LZ8zq1wmACX,Legal,2025-11-23T01:38:13Z,1,003y4kBbZm52Aq6AZK,800s3ryY0AeyBfXYBJ
02ahcze9fa5xhHvY6Y,Business User,2022-12-06T10:32:20Z,1,003Lu3JnExBmnNjQOV,800PCzsrEzQF5eJITV
02azv4WgcZBXWofQ32,Legal,2021-07-18T14:02:27Z,0,003VeMNXOn4b6m3YPM,800qq6b4ykzJIyOY95
02ag4oqtb7D9H9tIGH,Business User,2025-06-27T13:13:02Z,0,0036L1PV31AwH0EIFZ,8003R3lowrusGp3QO2
02a4ma76eAPtAQqQ48,Decision Maker,2023-06-03T13:13:36Z,0,003hhxZFiMZEnBvAAR,8003R3lowrusGp3QO2
02adKQ9mTeJI1SsQGB,Business User,2023-11-10T22:21:09Z,0,003y4kBbZm52Aq6AZK,800EmOA1hSNqa6iQ1U
02aComogbF6Dhc9AY7,Signer,2021-04-29T01:06:38Z,1,003XjSGqmjbqgdEIPG,8001LkXFbGoaJPdIB9
02axtf5ZZwJ9aqNAE6,Signer,2025-01-28T02:57:04Z,0,003JvekNEObXCPCYL1,800r0kNlWwWfQO8QT5
02awrUEyFAUyHBRIHU,Legal,2021-10-09T07:35:57Z,1,003F7xNHwBJn7AfAYF,8007ObcJeKjfXoFI07
02a1Y3UrEsDytNgQ7P,Decision Maker,2025-06-14T01:20:28Z,1,003HPb1tGdryWM6YKT,8008VR87WA8PEdGIS6
02arPR8TCUmwT2uQWE,Signer,2024-04-13T12:25:43Z,0,003S3Xzjr6c05vhYJG,800gp0HhvauvHEtASS
02a2qYYZ3Z5Xa0bAJE,Legal,2022-04-28T21:11:15Z,0,003pcEmGuYt84v7YMG,800zUFqhmCa1rQWYGD
02agfFwqI6RnqXIIFZ,Signer,2025-09-25T03:24:03Z,1,003qYQ4UBYJNPzgA6W,800U1LCxrkesQnQYUX
02ahWdJA1SHBwFkIHX,Business User,2023-11-28T20:41:05Z,1,003ar0bTD0EAavSI18,800VfORiuLKbts6Q0B
02adPQGd5hP3xhVQJT,Decision Maker,2021-09-23T05:34:21Z,1,003F7xNHwBJn7AfAYF,800bVWfsWKIfEfrI5F
02aBti9uknFuFfcI7S,Legal,2021-01-31T02:03:56Z,0,003L5BUYiA6zPEpQB9,800bVWfsWKIfEfrI5F
02afwnjtUiGcUUaYMC,Decision Maker,2026-06-07T17:03:53Z,0,0035o5gdXA6uoljY5G,800UWmTFNBO8gEGA6V
02ah6bY2rYhCjWkA13,Business User,2023-04-25T11:52:59Z,0,003NaKmR8suQAnkI7R,800LVdxmEzruE4YAQC
02aPxRWcpX1ryO7YQV,Signer,2026-05-05T15:45:43Z,0,0033iQfx5q3nOeFIHK,800voDxAA395iaPQHB
02aeIFgR9K5pipRQPB,Signer,2025-06-02T22:45:32Z,0,003DnDlPXrvzmkCIGX,800Gs3mrYlw15wsAB7
02aPt2UCXnlOGcIQ2Y,Decision Maker,2023-08-20T23:21:43Z,1,003D7d3x3cWcUuRILQ,8003pYkfPEaHw6gI1Y
02axkEAjsS21hxjAPC,Decision Maker,2022-05-21T00:49:52Z,0,003QcMefpBN7uCgA7D,8005Gzx2MEL9wozYUD
02aQAEC7m2EpYLUI6N,Decision Maker,2023-06-13T09:13:42Z,0,003UTDUKVwA0KgvYYT,800LVdxmEzruE4YAQC
02ak9NIIJJfMIk2I5E,Signer,2024-10-19T04:45:53Z,0,0039FrVc7BjMYXxYOW,800Cp0mYzGhVsmxQQH
02aA2DGQy3Vg5UuYE4,Legal,2025-03-06T01:35:30Z,0,003O84dQbjv4L4iAPU,800SXJvNh5rbgrhA4C
02axMUKqgqoFboJI78,Legal,2025-03-16T10:33:42Z,1,0035o5gdXA6uoljY5G,800MpCh5uKtKFZWANC
02ay9YIVYwAcPnTAED,Decision Maker,2024-09-01T13:07:20Z,1,003QcJzJHpRN9DHILH,8003wth2gWTivkkYRQ
02af444pMA431DzQ3X,Decision Maker,2026-04-05T19:39:25Z,0,0036L1PV31AwH0EIFZ,800UxD6MVshdsqHY3W
02aQ75tMBC6zQIPY7J,Legal,2023-06-18T07:39:56Z,1,003VFTZy2oG0jsrAS1,800sy72b6SFItMQQ2Q
02aE53URX7fAxDxIOC,Legal,2022-06-17T08:54:34Z,0,003rYgrvc9K7YF1QGX,800umqU9rL9AwDHYLO
02adotyY8KuG5khYN6,Business User,2025-07-08T15:46:16Z,0,0034U3thFskqOX8IGI,800BsjYCuFtC0bqQNB
02au7WveftC7SvnI2E,Signer,2023-10-07T13:38:55Z,1,003yFJa6PAPJltMY99,800BsjYCuFtC0bqQNB
02aRLVelmB6UNjEQKQ,Business User,2024-04-16T09:31:16Z,0,0033DSnrIL2u0KKA6S,800rBFkFivPQUURQ3R
02aSVlNbHq6YA60IEB,Signer,2023-11-14T14:54:34Z,0,003FcpyE4mMX4QrYXE,800XZr1FHvqHp3dY71
02alMzEPHxp9aGpYOE,Signer,2024-02-06T11:55:36Z,1,003TeKUaLxb9fsDI3M,800cA3Bykhcvdg2YC2
02aNBs6cf86zAuXYTW,Decision Maker,2023-05-29T07:52:51Z,1,003ekyB4pNej2sIID3,800ZnhRcx6zL9UTI2C
02aCHkxrAUTT7XoI9F,Legal,2021-01-08T01:25:44Z,0,003mmgdgzVnG7x9ING,800ERaDc72wWsv2YV1
02axpOPinD9UMUBYAB,Signer,2024-06-01T17:45:01Z,1,003Ec66kiJL5qvrYM5,800P8ANseyf1VOnAMT
02ajYT6gsZcpVd6YCI,Legal,2021-06-24T02:32:49Z,1,003dei9jRhmpBmNQKM,800MIMumbEtEkyeQ6X
02aHyPeNp5TndzPYEP,Decision Maker,2024-12-20T09:35:34Z,0,003ZMBiyO8IXgHCQ3U,800c9qdaxhRxiaJQM0
02aNxDQ57Ssyq1BQYW,Business User,2023-09-29T20:56:30Z,0,003XwlOCCmKzlaJARA,8007w3vo8zs96xnQUO
02ayvwlLLG64kW6QU4,Signer,2026-01-04T12:42:11Z,0,003S0DpUcGyn83CIFX,800SEW2a9JZeHZ4QK9
02aPCAwBIOEfrASI13,Legal,2025-01-13T10:48:57Z,1,003bFL2NaSJfrCpQXU,800z269R6ifpeYRQJR
02a3DKHKTJGw0jeQF6,Signer,2023-05-23T11:18:46Z,1,0031OgLshls4XrqQ85,800r0kNlWwWfQO8QT5
02al06R3OPZH89mQMY,Business User,2025-08-21T02:46:56Z,0,0032GzHIi5eWKRVYVK,800B1LU48CcQp1LYPI
02a5HJi7SfcCNqzQO7,Signer,2024-06-29T17:10:39Z,1,0031DLg0S7g7YETAC1,800XSG7K69svxT0ILN
02aQFcPrwEFPlBfQSX,Legal,2022-09-10T13:50:47Z,0,003ItLjSHOaUKtzI6L,800ZnhRcx6zL9UTI2C
02ahlEb8saLEU43Y31,Decision Maker,2021-05-30T10:27:36Z,0,003KtHm7uBbpVUkQ0I,800OaHM0k0z9703II9
02azFP1nVNx5RMFI6P,Business User,2022-10-29T06:18:07Z,0,003z4mCRo6uXiQXY1T,800QFvdDNl3YohZY3A
02a1bNlJYeGhSFxQX2,Legal,2021-12-13T07:39:23Z,1,003e04AIBihHU6ZIAM,800OYKhktEVxibyIWR
02aJTVZJ2V8IdoNQU0,Decision Maker,2023-05-28T14:28:02Z,1,00379aqfJGg6fFGQSY,800QxMVsNQ8IKBGQ8C
02aldk2r1s62mtnQZ7,Decision Maker,2021-12-18T18:17:27Z,1,0036f1HRQb2n0VlQB5,8007o0C2iKsy0FYIR5
02aBqv0qZqARKOxQI6,Business User,2023-02-28T18:49:50Z,1,003aHFhAFUFcM41YBE,800aItMzuY7OrCNYE6
02ajC2eE7dBChHOYJQ,Legal,2022-11-01T23:42:36Z,1,003w6LD3KiJSnn4IOS,800B1LU48CcQp1LYPI
02aNdd9BprlRUm7I8O,Legal,2026-05-16T17:23:47Z,0,003PIsnfE5YQMdlYVF,800V8lGTMkQwWVOI27
02aKkt1jKyAtvFDY8Z,Decision Maker,2021-02-05T06:27:38Z,1,003LuAM3iIsuJQIIS7,800AwWPeihzglYQA2K
02aVwN3lBKSo45VA2M,Business User,2024-11-26T11:06:38Z,0,003jNLVIbUUpiINITI,800bVWfsWKIfEfrI5F
02aXle3gYH9Heu6Y8N,Signer,2021-12-19T14:32:03Z,0,003tdhd5gh39imtAD6,800dQ5vvReLRwMsY9D
02acg5ujJd76UiCYJD,Signer,2025-03-05T09:24:22Z,0,003QYJse9mNIwwVAVV,800ujrIuY2oupF3QN0
02a8kcqQ4IiJFgEQZW,Decision Maker,2025-12-21T09:29:48Z,0,003D3ER60MaDukjI8L,800BsjYCuFtC0bqQNB
02aq9303CgFpyy5YIX,Decision Maker,2025-05-11T11:19:34Z,1,003aMP3YkGdWKoBIM1,800IBNGcu9jdg6aY22
02aCo3gSGvzxmMCQFJ,Signer,2024-06-20T23:49:17Z,1,003yk45uhVocz3nACI,800q5eHXZTQReDFQSB
02aSvdRdYD1MjTFQMH,Legal,2021-02-19T06:31:34Z,1,003fSAmXpnSPtlRAEY,800QFvdDNl3YohZY3A
02abiglDDAggbIHQJ1,Decision Maker,2025-01-23T00:41:35Z,0,003AbAd95wZqa6AAQ9,8004nELqkeAIVStA78
02apGfWoh2aQa9TIHF,Signer,2025-09-04T02:13:35Z,0,003QUsbNgVxP4HJYE9,800A4AbXmku2kz9I5A
02aIBLCcYd2acKLQ1L,Business User,2025-08-26T19:58:01Z,0,003KSHCpaRzgzM8ADK,800TDg4eAVdXb61I6Z
02agNqCEpYg2KRnQZ7,Decision Maker,2021-09-03T07:36:05Z,0,003V2PYcYPbGiyLQOZ,800gui9hkljmMroQK6
02ar2fNLV09kWlMYQ0,Legal,2021-05-11T16:28:13Z,0,003L4XbHIBSSKczQPN,800B1LU48CcQp1LYPI
02aAlQuETggbdR9AJK,Legal,2022-02-03T06:46:47Z,1,003xxlGV9jlpBgRAMR,800EmOA1hSNqa6iQ1U
02aARtxFtqL7AsQYPC,Decision Maker,2021-07-07T13:21:58Z,1,0034sgxTTPLTPi4Y9W,800TPPSbhr16ZK9IJO
