Id,AssociationCause,CreatedDate,ObjectId,ObjectType,Territory2Id
0jxiZa6ENb5EB2FAYK,Territory2Rule,2025-01-31T01:51:13Z,001yQSD3rwvt3ZBAV9,Account,0MITSyz0OmeEL3W47W
0jxkBCCXkhIsUOqAKT,Territory2Rule,2025-03-14T04:09:19Z,001lppe6kqinEz1A7H,Account,0MI9TCkBhHzAlSY4ZB
0jxVNHnoYviPbz7IET,Territory2Manual,2023-03-09T11:03:52Z,00QtBn5KmDijvvJ26D,Lead,0MIkKpdWPyI8bzvOT2
0jxdPVa4OgGMM7jATP,Territory2Rule,2026-06-01T17:42:57Z,001FzQ1Vu9hM4AsIVS,Account,0MIhFynwfbVXs9dGVQ
0jxnaCi14Oj1VbyANG,Territory2Manual,2021-07-10T06:11:59Z,001H9tfZGBr7JPsALI,Account,0MIVpi3uiBlDpWQGEO
0jxtRctxMC8PM3AQCQ,Territory2Manual,2023-12-24T03:00:49Z,00QZZa2rFa2tLMg28O,Lead,0MI9TCkBhHzAlSY4ZB
0jxGQqnGjdAfbHMQ90,Territory2Rule,2026-03-14T22:34:33Z,00QjDWd7Giu4mKEE4L,Lead,0MIQn6uAa6LyrpmGIH
0jxKMi13D9HADYYQSY,Territory2Rule,2026-05-19T12:14:05Z,00Qt1Xkxu82vxgUEFN,Lead,0MIl7AqSJ4kdopu43S
0jxXHvscGcJ1ln5QP7,Territory2Manual,2024-08-02T18:09:43Z,00QINgmy22m0Wri1H9,Lead,0MI0gQqg49w1KHlGWP
0jxEhyQWFRwLVEfISP,Territory2Manual,2026-04-12T01:11:44Z,00QT5zJxyfDDNTqMJ3,Lead,0MI9W71ergxUCFa442
0jxPoC1UH3MEiMdAEX,Territory2Manual,2022-11-13T05:48:59Z,00QO2aakkN5n6hZENP,Lead,0MIhFynwfbVXs9dGVQ
0jxvBIKiUMN1ROoQWI,Territory2Rule,2022-10-21T00:15:33Z,001UhwyHPMFM5liAM5,Account,0MI9W71ergxUCFa442
0jxxw0jHkWJVbbII5E,Territory2Rule,2023-11-08T18:05:51Z,001XOGQaJwZLxA8YV5,Account,0MIzC1NVIBnZH17O31
0jxQWwCfAkY0MCqI3A,Territory2Manual,2023-06-08T16:49:44Z,00QzHMoUzMzuv8NUN2,Lead,0MI9TCkBhHzAlSY4ZB
0jxR7d5YEwn5JmgQ3S,Territory2Manual,2025-04-21T08:20:08Z,,,0MIyjKppR3FZep6ORD
0jxVKXzXsckpNVxIMZ,Territory2Rule,2026-02-24T10:19:20Z,00QsFIBxxVA0H5nUU5,Lead,0MI9W71ergxUCFa442
0jxUnvJkUlnr6IpI74,Territory2Rule,2021-01-15T16:16:23Z,001OyqT9LtQtE0fYGU,Account,0MIyjKppR3FZep6ORD
0jxg5TqWi7yZNBfY5I,Territory2Manual,2024-10-29T07:37:34Z,001iMYD4nOjTT4yIZO,Account,0MIhFynwfbVXs9dGVQ
0jxCYCccxtdX2w0YMB,Territory2Manual,2021-07-01T12:07:55Z,00QFrTxBiQ0AougUO4,Lead,0MIQn6uAa6LyrpmGIH
0jxsdQ60TBHbvMoQMU,Territory2Rule,2025-02-21T14:47:38Z,00QLAaYNDYbJtRQM8R,Lead,0MI9TCkBhHzAlSY4ZB
0jxn7AITQ6Aw4ZVA2F,Territory2Manual,2024-07-28T16:51:30Z,00Qkez3p2wvl5vPEZD,Lead,0MI9W71ergxUCFa442
0jxPDXke0F3ay50A5I,Territory2Rule,2023-08-04T23:49:58Z,00QZmOo1mqIUHITEJS,Lead,0MIl7AqSJ4kdopu43S
0jxFIEssc3jQoU5Y2M,Territory2Rule,2021-12-23T14:59:12Z,00Qcz83DRe9x41kUCK,Lead,0MI9TCkBhHzAlSY4ZB
0jxhnk2JjNlyQ1kY2N,Territory2Rule,2022-08-25T12:55:29Z,00Q1z6j0fQ1VQzwMD2,Lead,0MIQn6uAa6LyrpmGIH
0jxTnpxS3Y01x1UAMQ,Territory2Rule,2021-01-24T18:07:25Z,001dst7EZIkJP6gQAU,Account,0MIkKpdWPyI8bzvOT2
0jxNdm33LS1WKlwY20,Territory2Rule,2025-04-15T04:43:57Z,,,0MIw3XpueDmDiAD4NI
0jxKTpMIjVGa3moQWF,Territory2Rule,2021-12-18T16:25:00Z,001iWJjSJhQ7PeuAR2,Account,0MImLHdZ8TzTCCpG37
0jxehwgMZBJ1ifpQ1I,Territory2Rule,2024-01-29T20:43:40Z,00QWSytQGt0ejIgE8X,Lead,0MITSyz0OmeEL3W47W
0jxh2n4KpwnfdrRY27,Territory2Rule,2023-05-16T13:42:31Z,0018fHG08zFMfdsQ4N,Account,0MI9W71ergxUCFa442
0jxUCx7dOh6NKrjYH4,Territory2Manual,2021-09-27T18:43:03Z,,,0MIhFynwfbVXs9dGVQ
0jxmCsp5WsB5hG1AUW,Territory2Manual,2021-04-17T13:42:32Z,,,0MIl7AqSJ4kdopu43S
0jx7WTMVkeffgXjQYR,Territory2Rule,2024-06-04T00:29:03Z,001IQ2ziiojxbf8YX5,Account,0MIkKpdWPyI8bzvOT2
0jxDQkLTuiUYTNXIAU,Territory2Manual,2022-11-11T03:00:54Z,00QTF49MBn2rvS02TC,Lead,0MIQn6uAa6LyrpmGIH
0jxiAXbyE1jzGZWY1F,Territory2Rule,2025-07-21T08:23:13Z,001M2rDfuFzN9SZI6R,Account,0MI0gQqg49w1KHlGWP
0jxu1zS4KaxPcGRQWS,Territory2Manual,2024-11-01T03:34:04Z,003G4K2YKkR4WW8WDI,Lead,0MIQn6uAa6LyrpmGIH
0jxzaqzR0SVAZVLQ15,Territory2Rule,2025-12-22T08:15:12Z,001ibK3DfU4t31gYAM,Account,0MIzC1NVIBnZH17O31
0jxvgDKMWnwCdcNAQG,Territory2Manual,2021-06-21T17:53:37Z,001CobSEZTi3dLCAGD,Account,0MIVpi3uiBlDpWQGEO
0jxIkEZzHhYkUlsQTH,Territory2Manual,2025-11-04T14:11:35Z,001CWFhyR8QJd16AFG,Account,0MITSyz0OmeEL3W47W
0jxxb9wfKSkskMUQEI,Territory2Rule,2022-10-01T13:07:47Z,00QU2kDKPOiq9CPU9G,Lead,0MIl7AqSJ4kdopu43S
0jxmvGWTnuGBhx6QZB,Territory2Rule,2025-04-17T18:36:06Z,001lpuGrFmSTBnuY0M,Account,0MIhFynwfbVXs9dGVQ
0jxJhBSyEx1ct0AQ8J,Territory2Rule,2026-01-30T23:03:08Z,00QF6JpZ88Ukcu0MZS,Lead,0MI0gQqg49w1KHlGWP
0jx5pIV6BxMKEILYVG,Territory2Manual,2024-09-24T02:34:04Z,001qdzVzEft9QHHY1E,Account,0MIVpi3uiBlDpWQGEO
0jxHrDy3STUkFwuI4Z,Territory2Manual,2024-06-16T15:13:54Z,00QCAGBJJYOknKcUS7,Lead,0MI9TCkBhHzAlSY4ZB
0jxp2IEVVo2DP6DIHH,Territory2Rule,2022-08-01T08:37:24Z,00Q14UuucoY6DkoQ4U,Lead,0MIVpi3uiBlDpWQGEO
0jxL4jsaTAqBYDpIJC,Territory2Manual,2022-03-27T04:09:32Z,,,0MI9TCkBhHzAlSY4ZB
0jxXIhNMhh203CVQFN,Territory2Rule,2024-05-28T15:21:20Z,0018wiQDxKxpFvLYGU,Account,0MImLHdZ8TzTCCpG37
0jxAGQwO7PYcEZOQIX,Territory2Manual,2022-06-23T02:01:29Z,00QSKdra96nv6QM2RO,Lead,0MI9W71ergxUCFa442
0jxycOKBU19c690A3T,Territory2Manual,2023-08-02T10:03:14Z,00QzDRjPA0y0vN8U69,Lead,0MIQn6uAa6LyrpmGIH
0jxnNDrwFMZ6UO1A93,Territory2Rule,2024-10-03T03:55:52Z,00QD44ntkNMmGWN2QX,Lead,0MIVpi3uiBlDpWQGEO
0jxKRE2Kap9eVK6AHH,Territory2Rule,2026-05-07T13:19:36Z,00QhIvxVS0SNqzdEZR,Lead,0MIVpi3uiBlDpWQGEO
0jxpnTUj8lwXAMuI9H,Territory2Manual,2025-05-12T13:36:22Z,001Hbp8pEhElgRqIO2,Account,0MIzC1NVIBnZH17O31
0jxgR7NpYab1DDYIIS,Territory2Manual,2024-01-28T03:42:52Z,001I5KBo2Mtskg9I6K,Account,0MI0gQqg49w1KHlGWP
0jxp5fWOwSIVVn5Y75,Territory2Manual,2024-12-06T05:25:32Z,003O70ZTNvghWTKGIL,Lead,0MIhFynwfbVXs9dGVQ
0jx8nnqOoHN9136QXH,Territory2Manual,2022-06-24T00:09:48Z,00Q76O8aMSZ8TKV2LQ,Lead,0MIVpi3uiBlDpWQGEO
0jxlrBeQZbULx9RI2M,Territory2Rule,2021-07-22T11:13:40Z,0034KEv2GplaAylCFP,Lead,0MIyjKppR3FZep6ORD
0jxGjz6iPMt3JkrI6X,Territory2Manual,2025-03-29T01:55:55Z,00QwjHG94fx2m9h23K,Lead,0MITSyz0OmeEL3W47W
0jxLiZsnn8OTkZIY2S,Territory2Rule,2025-04-16T13:41:56Z,,,0MIzC1NVIBnZH17O31
0jx5DA31Bh17s5RQZV,Territory2Rule,2021-12-05T06:14:41Z,001WPEcjxhamiNXYYJ,Account,0MIl7AqSJ4kdopu43S
0jxppPFjOKkn6wHYEY,Territory2Rule,2021-03-17T16:37:44Z,00QiQqsPe2IhG0FEQU,Lead,0MIhFynwfbVXs9dGVQ
0jxFLYf2I04f2BbYVC,Territory2Manual,2024-06-18T04:04:45Z,,,0MI0gQqg49w1KHlGWP
0jxpQ62H8e9EoksYO0,Territory2Rule,2021-09-16T16:29:40Z,001wOS4RTezb6AxY4U,Account,0MI9TCkBhHzAlSY4ZB
0jxAgXX8eSrnC0PYFX,Territory2Manual,2022-10-11T00:38:58Z,001SWxfQDjRDHu17R5,Lead,0MIzC1NVIBnZH17O31
0jxfc6q5XcaXEXyIJS,Territory2Rule,2026-05-28T01:33:32Z,001yyUUvtYcXQSAY46,Account,0MITSyz0OmeEL3W47W
0jxXEzb4SnqNHwtIKH,Territory2Rule,2021-08-21T17:27:25Z,00QiwrGlUnQqllw2LA,Lead,0MIzC1NVIBnZH17O31
0jxGcajyW9mbP90QFL,Territory2Manual,2023-12-21T21:48:28Z,00QJuDymzlxnPu42GK,Lead,0MI9W71ergxUCFa442
0jxjFBN7okegElSIRS,Territory2Rule,2021-12-27T22:52:32Z,00QczOatOR1gejm2J6,Lead,0MIzC1NVIBnZH17O31
0jxnJU6SGlLwbhcYZ9,Territory2Manual,2021-01-06T22:18:22Z,001GbztdrMfr2gJYIG,Account,0MImLHdZ8TzTCCpG37
0jxkP4EC34dSMGDQJI,Territory2Rule,2024-01-03T06:57:20Z,001DB4qra8rmNKiQ0K,Account,0MIQn6uAa6LyrpmGIH
0jxGGoYUBuoUWH2Y10,Territory2Rule,2026-03-18T00:00:52Z,00QMi0L7f0xGUilEJK,Lead,0MI0gQqg49w1KHlGWP
0jxvBPQwNdVMpWcQOC,Territory2Manual,2026-05-16T21:15:00Z,001QlR8r1Q5bRm4IG1,Account,0MIl7AqSJ4kdopu43S
0jxNWFscaayCbmXI16,Territory2Rule,2023-11-03T01:15:25Z,001ckBA83DHLBWZQQX,Account,0MIVpi3uiBlDpWQGEO
0jxkTqQxpmpavyIAAU,Territory2Manual,2024-12-16T13:49:36Z,,,0MIkKpdWPyI8bzvOT2
0jxsBVERO1GS1OcY19,Territory2Rule,2026-01-28T12:54:21Z,0011vvGTMpZp7ASYHD,Account,0MImLHdZ8TzTCCpG37
0jx09Cqt01Kz8g6YV0,Territory2Manual,2022-04-15T08:36:08Z,001gKEIo3A4yzmLATH,Account,0MI9TCkBhHzAlSY4ZB
0jxW7M4qVzDjPXaQAT,Territory2Manual,2025-07-08T23:32:10Z,001FUJDI7PYzDeCQBR,Account,0MIVpi3uiBlDpWQGEO
0jxenAv8fNuj9TaI38,Territory2Rule,2025-12-12T03:31:36Z,001AMEsWafm37CDYG9,Account,0MIVpi3uiBlDpWQGEO
0jxQowWWqgc1uPrA34,Territory2Manual,2021-03-21T19:47:46Z,001WdxdXyQuwjIfAY3,Account,0MIl7AqSJ4kdopu43S
0jxdmajZ3grTKR0A8Z,Territory2Manual,2024-11-04T16:15:22Z,001Icww3yjuP8HkA1Z,Account,0MIw3XpueDmDiAD4NI
0jxwhYHuulJJ7rQI3L,Territory2Manual,2021-01-23T03:04:17Z,003Ibhbg2TpDVscHOT,Lead,0MI9TCkBhHzAlSY4ZB
0jx6pI2LyqKeB2UAU6,Territory2Manual,2023-11-20T22:29:40Z,001QMRyBoOV9ydJAFR,Account,0MIzC1NVIBnZH17O31
0jxBgjfp4idDAgGYDT,Territory2Manual,2022-12-10T05:01:21Z,001XuarHFEI17I9AWA,Account,0MIQn6uAa6LyrpmGIH
0jxYwQ1RqlPLrcBACN,Territory2Rule,2021-12-27T20:50:28Z,00Q9NmRxtQfEG6p9MB,Lead,0MIw3XpueDmDiAD4NI
0jxcwV5bpJartP4IQ9,Territory2Rule,2025-08-27T21:28:12Z,001Le6Z1bT7O20fIWC,Account,0MIVpi3uiBlDpWQGEO
0jx5EcnwykpQraBA8Z,Territory2Rule,2021-10-27T11:24:31Z,001BH0vNAlwEWFXALI,Account,0MIQn6uAa6LyrpmGIH
0jxN5tIuS76f14DY1S,Territory2Rule,2025-08-24T01:09:24Z,00QFbWAEK7XqJbz2G0,Lead,0MIl7AqSJ4kdopu43S
0jxjzEVb9NjBIgJQ72,Territory2Manual,2025-10-02T03:00:58Z,001CnMOxOxVLCc3Q42,Account,0MITSyz0OmeEL3W47W
0jxE6IaZPckyri9A00,Territory2Manual,2025-06-14T12:37:53Z,001JcZQ7uhRMVxxILW,Account,0MImLHdZ8TzTCCpG37
0jxTu8pzI23Cf0yYJJ,Territory2Rule,2022-10-27T20:38:53Z,001OofCnV7AgAXeQDE,Account,0MI0gQqg49w1KHlGWP
0jxaCQ8yxEzPNBTA4O,Territory2Rule,2021-12-31T08:49:29Z,003mn0Redmq1QCa1TU,Lead,0MI9TCkBhHzAlSY4ZB
0jxqHzw78tuGAxSYDW,Territory2Rule,2024-11-13T11:31:27Z,00QLSnsoXVHtb8sUCC,Lead,0MImLHdZ8TzTCCpG37
0jx58tOf4LT70wYIOU,Territory2Rule,2022-08-20T21:24:00Z,001OphrQTgtGmAPIMC,Account,0MI9W71ergxUCFa442
0jxOe99GyJOTGXtQWH,Territory2Manual,2025-05-31T23:09:59Z,001CAWJWrCJUDD2Q42,Account,0MIw3XpueDmDiAD4NI
0jxC0RDU5eNZThfYLU,Territory2Rule,2023-10-24T06:56:16Z,0033RMdmQ37dTrIDTG,Lead,0MIzC1NVIBnZH17O31
0jxsQIVmJrsdQGGQIR,Territory2Manual,2021-03-26T17:16:16Z,001vYy7997Ekj5pAHO,Account,0MIyjKppR3FZep6ORD
0jx0SJCyNBIJ1N7YYH,Territory2Rule,2021-01-14T09:06:44Z,00QDceM3AwGCO4zEVR,Lead,0MIw3XpueDmDiAD4NI
0jxUuBApxzDAZFKI99,Territory2Rule,2025-11-12T00:01:12Z,0032Yekptbcp9qDAND,Lead,0MIw3XpueDmDiAD4NI
0jxCzIZxmJxeEMTQY1,Territory2Manual,2022-02-09T11:06:34Z,00QUjVseiiqxrtFUFA,Lead,0MIhFynwfbVXs9dGVQ
0jx31l0EonQa3HSI1U,Territory2Rule,2021-02-17T04:36:36Z,0014WYoiYbOMlUgQDX,Account,0MI9W71ergxUCFa442
0jxkPBKgDnA9rTJQSS,Territory2Manual,2025-04-29T01:44:22Z,00Qak5koS06dpjXUR8,Lead,0MI0gQqg49w1KHlGWP
0jxsYGqM60B8rtSAPF,Territory2Rule,2021-01-19T12:13:34Z,001smmPkB9oOSZnIQW,Account,0MIhFynwfbVXs9dGVQ
0jxiidUoHU0Gy1zY70,Territory2Rule,2022-10-14T10:48:52Z,001YrVA37VnfW7fIO3,Account,0MIVpi3uiBlDpWQGEO
0jxR5QGtbheErhxA9H,Territory2Rule,2022-10-15T18:14:45Z,001O8ZWUKMYoipYYQ7,Account,0MIkKpdWPyI8bzvOT2
0jxftn2GxiIQSwSIFP,Territory2Manual,2024-09-22T13:46:18Z,001PzKgNp7GjqwfI1O,Account,0MIzC1NVIBnZH17O31
0jxqm7msTv9EgwwAOR,Territory2Rule,2025-04-23T05:03:53Z,00QCTk06iiEUEx1MOK,Lead,0MI9TCkBhHzAlSY4ZB
0jx4TAf0wT9SKEFI1D,Territory2Rule,2023-08-08T07:07:15Z,00Qbr3sYb5OyG2PAW5,Lead,0MIw3XpueDmDiAD4NI
0jxtIlC8E85P2GwYMZ,Territory2Manual,2025-12-06T13:49:14Z,00QKnyfKkNTvuliMSE,Lead,0MIQn6uAa6LyrpmGIH
0jxoDqmujGraW81Y1U,Territory2Manual,2024-02-21T13:20:08Z,00QtOEpA8tBpHVH2TV,Lead,0MIhFynwfbVXs9dGVQ
0jxFszhZaaSGFQqQAM,Territory2Manual,2025-12-30T23:47:55Z,00QKkM4x0wCeejSMB5,Lead,0MI9W71ergxUCFa442
0jxTiTCSWeLfV5sIW0,Territory2Rule,2021-06-17T13:25:24Z,001ViLIuvoOkEvIYR2,Account,0MImLHdZ8TzTCCpG37
0jxmiZCioa6gEQeQGA,Territory2Rule,2021-05-23T14:08:36Z,001FvdsL8UlrHiPQB9,Account,0MIw3XpueDmDiAD4NI
0jxvUlBg3NtL8CJI83,Territory2Rule,2021-12-19T18:28:33Z,00Q5TIfsc1dzOceU1U,Lead,0MIw3XpueDmDiAD4NI
0jxL2p38ZHGPqDMIK4,Territory2Manual,2023-08-05T12:57:58Z,0014pV3Hc4QcEQfYGG,Account,0MITSyz0OmeEL3W47W
0jxkyL2Zeh6pZ3wIVJ,Territory2Manual,2021-11-12T01:16:04Z,00QhrY1WhPI1NcjEYM,Lead,0MIkKpdWPyI8bzvOT2
0jxGzfp5bkiHi1rIRR,Territory2Rule,2022-02-06T06:03:27Z,001Fy7Iibsp9HpGQV5,Account,0MIl7AqSJ4kdopu43S
0jxtdHQyNl7eUobA1F,Territory2Manual,2021-09-10T14:26:12Z,00QVvoJOZVxQA0bEWW,Lead,0MIQn6uAa6LyrpmGIH
0jxa3CMwb6XXvyfAP1,Territory2Rule,2025-04-25T20:23:35Z,00QYQRgdaxqS9gX2CP,Lead,0MIVpi3uiBlDpWQGEO
0jxdEzWGz3F4bb9YHD,Territory2Rule,2026-04-05T00:34:22Z,001yWq2JW5BZvvMQ0L,Account,0MImLHdZ8TzTCCpG37
0jxzFGficYz28HsQGE,Territory2Rule,2023-10-27T14:45:05Z,001KKprsa8fDGWEQ2J,Account,0MI0gQqg49w1KHlGWP
0jxfsh9VKhL3NVtQ6Y,Territory2Manual,2021-10-30T17:16:31Z,001wZQxrqs61HJWYCI,Account,0MIZiDEepgxVxatOGZ
0jxioccLij3Ex0fAAJ,Territory2Manual,2025-11-13T23:28:17Z,00QondrJiMGVh5X22R,Lead,0MImLHdZ8TzTCCpG37
0jxRWMxrTzsgk1dIF5,Territory2Manual,2022-10-24T05:41:36Z,001ILvT4IDtyUZiY3D,Account,0MI0gQqg49w1KHlGWP
0jx8goUJn9qWJGzIQV,Territory2Rule,2025-01-11T07:08:29Z,00QIKnKhfqdGjLGMS0,Lead,0MImLHdZ8TzTCCpG37
0jxVCTmRFPNdIKTIIL,Territory2Manual,2022-11-12T14:22:52Z,00QiWgXhIITlTax2UG,Lead,0MIzC1NVIBnZH17O31
0jxxSkdRQnDiaPvQMX,Territory2Rule,2021-12-02T20:02:41Z,0014xFF5q1fi7GwQMP,Account,0MIw3XpueDmDiAD4NI
0jxUobJsqMyxt3KILJ,Territory2Rule,2024-07-06T07:22:18Z,00QsEJuLnfIWgjtEVI,Lead,0MI9W71ergxUCFa442
0jx5TCNuph4IvhWA42,Territory2Rule,2025-03-19T08:51:05Z,00QSKfG460Z1VgP2O4,Lead,0MIzC1NVIBnZH17O31
0jxHu6meVoCVynHAYR,Territory2Rule,2025-03-24T03:22:05Z,00QNs9GrcMr9d73MLC,Lead,0MI9W71ergxUCFa442
0jx8UiAbMaDG2pMAAR,Territory2Rule,2021-06-12T19:34:35Z,001XFpYyxD2bjtqY54,Account,0MIzC1NVIBnZH17O31
0jxuQ3wmPbr5JIaAC3,Territory2Rule,2023-07-18T21:45:57Z,001fj7OlQwZIZI1Y14,Lead,0MImLHdZ8TzTCCpG37
0jxIatWuLIEjvLWAY3,Territory2Rule,2026-06-24T02:43:39Z,001NlUpPvRS2wnzIYM,Account,0MIVpi3uiBlDpWQGEO
0jxqggJR1UaLk51APG,Territory2Manual,2021-08-19T09:04:26Z,00QyfgWbCI2efAAMSW,Lead,0MITSyz0OmeEL3W47W
0jxSdT2gtSy2UxFQSA,Territory2Rule,2023-03-24T05:23:28Z,,,0MITSyz0OmeEL3W47W
0jxW2TKewNsEZn7A4M,Territory2Rule,2025-05-29T14:20:59Z,00Q2eohAJJWPhkp2KK,Lead,0MIQn6uAa6LyrpmGIH
0jxWPY3fxgKPIHoYUZ,Territory2Manual,2023-08-05T11:22:45Z,001JX719udcxa4uA9H,Account,0MIQn6uAa6LyrpmGIH
0jxu1UknvcBCOcGID9,Territory2Manual,2021-10-27T16:21:00Z,00QLUSA8bRL2y7qEI9,Lead,0MIhFynwfbVXs9dGVQ
0jxyLhqiSlGct3zIVG,Territory2Rule,2024-12-27T08:45:21Z,00QDnEbLUoC9U9MME5,Lead,0MIBZ92Y8c7CsczWGK
0jx2Cz2iHBOJYG6QSB,Territory2Rule,2023-06-07T04:17:25Z,0016bs349lxRsmUQ0V,Account,0MIkKpdWPyI8bzvOT2
0jxUTbPJiA3owGMQ02,Territory2Rule,2025-11-26T23:38:45Z,00QKj2ar3t78B5LUP6,Lead,0MI9W71ergxUCFa442
0jxMAPOYraB3VzPQR2,Territory2Rule,2021-02-09T12:13:51Z,00QNtsYecjC6aNcMNY,Lead,0MI0gQqg49w1KHlGWP
0jxkvhViTQkcYIzY60,Territory2Rule,2022-11-25T12:07:01Z,00Q0dlaQkJWG9yh21V,Lead,0MIl7AqSJ4kdopu43S
0jxAYprGQCXLI5LY8A,Territory2Manual,2023-07-09T06:36:41Z,00QgvJDXaakE8PsE4S,Lead,0MIpee9LC2z1Et8OTC
0jxEfXcpt7beOwRIDD,Territory2Rule,2025-07-03T14:00:54Z,001ax6fYCGAkn42YO7,Account,0MI9W71ergxUCFa442
0jxRHpzzK0CVQVxIMK,Territory2Rule,2022-04-26T01:03:22Z,00QTcVghf0rrFIe2HH,Lead,0MI0gQqg49w1KHlGWP
0jxz9zixBkz4p5rI4E,Territory2Manual,2023-12-21T14:16:50Z,001oowXHzEaXod1YS1,Account,0MIQn6uAa6LyrpmGIH
0jxlpgy7ou8AK78Q6V,Territory2Rule,2023-05-12T18:08:33Z,00Qziyg0LCrhwpmU5B,Lead,0MI9W71ergxUCFa442
0jxevzq7A5S54EHYUZ,Territory2Manual,2024-05-13T21:49:33Z,001yvWhfz01vDWFY3M,Account,0MI9TCkBhHzAlSY4ZB
0jxOPPaIHEor26yYJC,Territory2Manual,2025-05-09T19:12:57Z,001OLdGcwV4anrfQXZ,Account,0MI9TCkBhHzAlSY4ZB
0jxagEVVa5MpCDCYA6,Territory2Manual,2021-04-03T02:30:30Z,001Ivgehi2RhpxmIXK,Account,0MIzC1NVIBnZH17O31
0jxPlniCjmIrA5EQH7,Territory2Manual,2021-11-18T05:52:42Z,001Tn3lq2OpXiyaYCN,Account,0MITSyz0OmeEL3W47W
0jxJIi6FYqZ2yBmYPW,Territory2Manual,2022-10-09T19:25:03Z,00Q1wARSWQPOfoBUEP,Lead,0MIkKpdWPyI8bzvOT2
0jx4A0pMD7ujn54A92,Territory2Rule,2025-06-24T00:18:00Z,001rfSg90dRC6Q8Q6D,Account,0MIl7AqSJ4kdopu43S
0jxCCBWWPmIvsBWI0W,Territory2Rule,2024-02-26T14:12:30Z,001S3iMdhglkGGXA4V,Account,0MIkKpdWPyI8bzvOT2
0jxQc2v5ucpe4qrYXT,Territory2Rule,2022-01-04T01:27:26Z,001yVmlwCnpWY0fA4W,Account,0MI9TCkBhHzAlSY4ZB
0jxZyhWGLIMchb4Y75,Territory2Manual,2022-07-21T06:16:27Z,00Q4yhJ5VS6WIFgMZO,Lead,0MImLHdZ8TzTCCpG37
0jxkaRU7e1I1ONbQCJ,Territory2Manual,2025-05-19T22:30:24Z,001181P9BD1hpxgATH,Account,0MIkKpdWPyI8bzvOT2
0jx1jVRs02OOJUgA9C,Territory2Rule,2021-08-24T11:43:44Z,0015fdr3n38vtS2Q4V,Account,0MIkKpdWPyI8bzvOT2
0jxD3TFO9xszBL6Y60,Territory2Rule,2023-03-03T19:42:03Z,00Qk9iyJFYgUnrw2RU,Lead,0MIzC1NVIBnZH17O31
0jxVdOjm1ARmXLvYQU,Territory2Manual,2022-07-10T13:32:34Z,001vnn1W5RPN0LPYO8,Account,0MIw3XpueDmDiAD4NI
0jxBDnlqrZkmWI6YQM,Territory2Rule,2021-01-28T08:58:16Z,001oO1cKzq8oHa65F7,Lead,0MI9W71ergxUCFa442
0jxma3cRJ4CfSogQQH,Territory2Rule,2025-07-08T04:37:15Z,00QgkMiCGLfKZfC13A,Lead,0MIyjKppR3FZep6ORD
0jxBuDYbaa0TINBATL,Territory2Manual,2025-10-27T07:32:29Z,001AZHmNsDfQdrZQQD,Account,0MIzC1NVIBnZH17O31
0jxnKEBUnZ5VtaZYG7,Territory2Rule,2023-06-24T15:11:49Z,00QhxfGV9u1LAfLM39,Lead,0MIl7AqSJ4kdopu43S
0jxjOdsHnJC864AQZF,Territory2Manual,2022-12-19T05:39:36Z,0017FKGliyo6JRUQT3,Account,0MITSyz0OmeEL3W47W
0jxLN0ILGYjrkCLYZ1,Territory2Manual,2025-05-12T15:27:12Z,00QjnANlTxiYCPP223,Lead,0MIkKpdWPyI8bzvOT2
0jx89ZcHXyJWrZCAOR,Territory2Manual,2025-03-15T16:44:36Z,00Q3yN13j03qYwv24Y,Lead,0MIkKpdWPyI8bzvOT2
0jx1SwHqmjbFUaNQPJ,Territory2Rule,2025-04-11T20:00:13Z,,,0MIQn6uAa6LyrpmGIH
0jxopunefxvZYRmI6F,Territory2Rule,2025-03-27T15:23:02Z,00QZ0uoucMWu0I9E9E,Lead,0MIyjKppR3FZep6ORD
0jxKcnEzIOAT3QGQHS,Territory2Rule,2024-09-26T02:31:07Z,001T48I5YauDsbqQZG,Account,0MIw3XpueDmDiAD4NI
0jxrG39xhor2zrIAPG,Territory2Rule,2024-05-11T06:41:25Z,00QZe7QlCftU8ryECV,Lead,0MIl7AqSJ4kdopu43S
0jxZj4aruQtsW1bYZ3,Territory2Rule,2024-03-22T00:52:13Z,,,0MIVpi3uiBlDpWQGEO
0jxMXrcLIUdv5X8I2Y,Territory2Rule,2025-10-11T00:52:11Z,001avRKkn0zGBkGQ4J,Account,0MI0gQqg49w1KHlGWP
0jxx6F7HzpEJFrzYR2,Territory2Rule,2026-06-22T12:22:30Z,00QrExiTxbmmqd3MSP,Lead,0MI0gQqg49w1KHlGWP
0jxQl49ykFX9EEgY0Y,Territory2Rule,2021-02-19T09:10:25Z,00QIYKY7dUD4vN7U12,Lead,0MIyjKppR3FZep6ORD
0jx6l2Ci4tlmHlKAC7,Territory2Rule,2024-10-27T17:49:58Z,001kbjBM76mvp9j3KU,Lead,0MIQn6uAa6LyrpmGIH
0jx0xk8yyaFPWkIIN7,Territory2Manual,2023-08-02T23:01:11Z,001OPKDJQJag0BvIDS,Account,0MIzC1NVIBnZH17O31
0jxToRN7BSlMs9lQXP,Territory2Manual,2023-05-12T11:34:55Z,001Ivgehi2RhpxmIXK,Account,0MIVpi3uiBlDpWQGEO
0jxf90I7x0LnQJaAV0,Territory2Rule,2024-06-07T16:14:07Z,00QnqY7Ol5pd74eUR5,Lead,0MIyjKppR3FZep6ORD
0jx7PBm1VMCKzH6ADX,Territory2Manual,2024-01-04T08:41:33Z,001CXiPlYrfwSgoQU2,Account,0MImLHdZ8TzTCCpG37
0jxIwTbgaqJ2LhfIRE,Territory2Manual,2022-03-30T22:35:51Z,00QG1AVWtmZextUB58,Lead,0MIl7AqSJ4kdopu43S
0jxMaMxUTe1qgmSQHK,Territory2Rule,2022-01-30T15:01:04Z,00Q9mnAms6MDZM2E2V,Lead,0MImLHdZ8TzTCCpG37
0jxsBj0VY7yvt6MQQ1,Territory2Manual,2023-05-04T13:20:12Z,00Q19DffTLprsDlEA8,Lead,0MImLHdZ8TzTCCpG37
0jxMfcjNBxfrPFXYDZ,Territory2Manual,2026-02-07T00:08:13Z,005b1OFAHFgyySPCO9,Lead,0MImLHdZ8TzTCCpG37
0jxCUVGw6UPuIEKQ9K,Territory2Rule,2025-11-10T06:34:07Z,001rvlO3y0uELfOAW4,Account,0MIl7AqSJ4kdopu43S
0jxoMe8B8pn3wP4Q44,Territory2Rule,2021-12-21T05:21:21Z,001uaLZFmzUomVXQGA,Account,0MIyjKppR3FZep6ORD
0jx7reVwcOn07S7YYV,Territory2Manual,2025-12-27T11:17:02Z,00QhBCCzc88v7Mm2VZ,Lead,0MIw3XpueDmDiAD4NI
0jxj5ZgF1Csh3tCQ61,Territory2Manual,2024-04-24T04:12:42Z,00Qe6tUN7C0nmt1U8Q,Lead,0MITSyz0OmeEL3W47W
0jxE3qlqYUNVDFFY36,Territory2Manual,2023-04-30T15:36:03Z,00QCAGBJJYOknKcUS7,Lead,0MICqLzuYbs6nnLOCB
0jxftXVa7E2dg4fYRC,Territory2Manual,2025-09-30T10:56:56Z,00Qn42lhptWcLheMJV,Lead,0MIQn6uAa6LyrpmGIH
0jxWGFdwD6L8B28IFO,Territory2Manual,2024-07-05T22:05:11Z,001RPYkI2OuKjJ4ACQ,Account,0MIQn6uAa6LyrpmGIH
0jxlSxcoeOPjxDJQGJ,Territory2Manual,2024-10-03T18:57:32Z,001Ts4G5LvwmAxUY42,Account,0MI0gQqg49w1KHlGWP
0jxlSsLoEOFRAEXIRG,Territory2Manual,2026-05-10T13:56:35Z,00Qx4aiXDMgDfU1UC9,Lead,0MI0gQqg49w1KHlGWP
0jxwR0uTrCakb20QWU,Territory2Manual,2023-10-09T13:17:52Z,001LInXZfFVYqWIIEB,Account,0MIVpi3uiBlDpWQGEO
0jxZhZjTBQH8WT1Y1Z,Territory2Manual,2024-02-21T10:18:00Z,001SDonDyKHRDRwYPS,Account,0MIl7AqSJ4kdopu43S
0jx08FhtEVG8b4QAUD,Territory2Manual,2021-09-09T09:14:16Z,00QqvToqUXGHTTS21Y,Lead,0MI0gQqg49w1KHlGWP
0jxf2iIvuK1f0fjYKG,Territory2Rule,2021-12-25T11:57:37Z,00QU0NMDkfVgyXKMEO,Lead,0MIzC1NVIBnZH17O31
0jx0Qz5SAkZcx2cYES,Territory2Manual,2023-08-26T09:05:41Z,001bEjr0cyFC7SBAXL,Account,0MImLHdZ8TzTCCpG37
0jx0kjm6fA5DMqrIZW,Territory2Rule,2024-03-23T16:51:58Z,0018sCn7wzuyGKcIWS,Account,0MIVpi3uiBlDpWQGEO
0jxQ1DcZmQfpYT6AMS,Territory2Manual,2023-12-19T05:31:25Z,001Mpyhcy0YjCuyQPK,Account,0MIyjKppR3FZep6ORD
0jx9X0juWI59oVBQUB,Territory2Rule,2025-03-31T15:13:25Z,001xCcjaWJxjfQtAJX,Account,0MI9W71ergxUCFa442
0jxRUejdbDc33DoYZP,Territory2Manual,2025-04-03T08:57:10Z,00QxSal4dKK4rt2M71,Lead,0MIhFynwfbVXs9dGVQ
0jxE5PWgDL3T6hzQ4H,Territory2Rule,2024-09-05T21:59:50Z,00QppbGTZD894V9M8S,Lead,0MITSyz0OmeEL3W47W
0jxLuBii4wbeYtpI3S,Territory2Rule,2025-12-11T06:28:00Z,001DmIO5EqT4tawY4D,Account,0MI9W71ergxUCFa442
0jxDuT9A3G78VREIR6,Territory2Rule,2021-11-06T14:06:23Z,001Pv3IESUoMrhiAAG,Account,0MIVpi3uiBlDpWQGEO
0jx7cnA8GqPqlIxI93,Territory2Manual,2023-11-01T23:08:51Z,00QI5TEfZEs77RjE7W,Lead,0MIJDtxwl5qoxZcO03
0jxQyWBMddd1xxRQ5P,Territory2Manual,2021-04-16T09:49:17Z,0012lorIPC5zJvCYYX,Account,0MIkKpdWPyI8bzvOT2
0jxbJXpkPSSr9p2YVF,Territory2Rule,2022-06-25T21:08:51Z,001LW8OXe6IEB5RAZR,Account,0MIyjKppR3FZep6ORD
0jxhMuCb3bkRe8tI7P,Territory2Manual,2026-04-12T18:34:09Z,001A42WSazTcqOlAN5,Account,0MIVpi3uiBlDpWQGEO
0jxCxYQLAOlrGDFY2H,Territory2Manual,2022-09-01T01:15:53Z,00Qj9J2IzhIDitf27T,Lead,0MIw3XpueDmDiAD4NI
0jxWiAITlTT2SHNI70,Territory2Rule,2023-04-06T03:32:26Z,001PygtS3FHgKj8Q8G,Account,0MI9W71ergxUCFa442
0jxqnuJWadOsp9qAO2,Territory2Manual,2024-05-22T05:47:48Z,00QV3QrrcdLvht6U3V,Lead,0MI0gQqg49w1KHlGWP
0jxhXviZI57byx9I18,Territory2Rule,2024-09-04T03:34:03Z,001qP46mGWsPnuOQ5R,Account,0MImLHdZ8TzTCCpG37
0jxnUecPOrJlVJ6QDB,Territory2Manual,2026-04-14T08:52:54Z,001f3j7ZUJ5YxijYYQ,Account,0MIl7AqSJ4kdopu43S
0jxlmAkhXcFZbWFYOA,Territory2Rule,2024-07-07T23:18:42Z,001F0HyTq0ZVe9LIP9,Account,0MIl7AqSJ4kdopu43S
0jxEgFMzfWQDFGLQAJ,Territory2Rule,2026-03-16T20:54:15Z,001x87pLwsHhY3bAD8,Account,0MIQn6uAa6LyrpmGIH
0jx9xAKoxnLDPqBICG,Territory2Manual,2021-06-23T09:26:24Z,00QXtEvKLpujQkqU90,Lead,0MIhFynwfbVXs9dGVQ
0jxVshf85uJWNxSQTY,Territory2Rule,2023-03-26T14:24:10Z,001veU1rKvNzbBRQ2J,Account,0MImLHdZ8TzTCCpG37
0jxc4Sb8M3UrrS3A16,Territory2Manual,2021-10-20T13:45:27Z,00QdXJBWJT5cbdbMH1,Lead,0MIl7AqSJ4kdopu43S
0jxybxJCN5Bztv2IFJ,Territory2Rule,2021-02-07T16:48:12Z,001zDxxuW7kQ4BrAGJ,Account,0MIhFynwfbVXs9dGVQ
0jxmgQsCrGKCH5nYB7,Territory2Rule,2023-10-01T08:41:45Z,001C3SilogoPTPGIWX,Account,0MIhFynwfbVXs9dGVQ
0jxC331pndBtFQiQ03,Territory2Manual,2026-03-27T00:17:02Z,001Ql5gfswhLAUiIZH,Account,0MIkKpdWPyI8bzvOT2
0jxZNP9vwxqr0vRQ0G,Territory2Manual,2024-05-17T18:08:17Z,00QvweKp50wmicxUXX,Lead,0MIkKpdWPyI8bzvOT2
0jx2OaP7yO8WKU3IZM,Territory2Rule,2024-12-28T00:30:59Z,00Q9ntQObqbyQ5jEJZ,Lead,0MIyjKppR3FZep6ORD
0jx3pPc2wHvx6JVIBF,Territory2Rule,2022-10-06T04:25:23Z,001lH9xU3b2tTbiIZI,Account,0MIzC1NVIBnZH17O31
0jxEUVaCYqp0NybAV6,Territory2Rule,2021-05-18T16:36:05Z,00QloeStDTkqCl128I,Lead,0MI9TCkBhHzAlSY4ZB
0jxs6pStuDQghXmYDU,Territory2Rule,2022-05-24T11:34:51Z,00QF1xcDHBou9XQMEP,Lead,0MIhFynwfbVXs9dGVQ
0jx0heSV2qJ2kg0A3Z,Territory2Manual,2025-04-18T12:30:57Z,001IOGBmeiQlCpGYR9,Account,0MIVpi3uiBlDpWQGEO
0jxSbfx67bljZYYIQO,Territory2Rule,2025-04-19T15:45:10Z,001ULTfosWQTQf5QW1,Account,0MIl7AqSJ4kdopu43S
0jx49vQs1nVoMSaI4Q,Territory2Rule,2025-02-14T00:02:12Z,00QyTiR7wdM3flNEKI,Lead,0MI9W71ergxUCFa442
0jxk1zrce3GJpChQ08,Territory2Rule,2023-01-10T08:20:24Z,00Q4Oeve2ma28UB2FY,Lead,0MI0gQqg49w1KHlGWP
0jxRjl2tXIyVALDAZO,Territory2Manual,2021-06-29T22:52:00Z,00Q9mG2TRfzwIZKE7M,Lead,0MIzC1NVIBnZH17O31
0jx7lvIKKhqGymzQZ9,Territory2Manual,2024-02-24T23:19:59Z,001HMeyM0ISzwz5I0E,Account,0MIkKpdWPyI8bzvOT2
0jx0kusQJgnZjgfQJW,Territory2Rule,2026-03-19T18:43:51Z,001EocC12jSBhyyIOU,Account,0MIhFynwfbVXs9dGVQ
0jxgXgo68GCbXS9YBM,Territory2Manual,2024-03-28T00:56:50Z,001WRBucYD7svO6IN5,Account,0MImLHdZ8TzTCCpG37
0jxKzj3EuXWjvuJQRO,Territory2Rule,2023-02-18T06:42:11Z,00QJXs058zl1WapGMG,Lead,0MIVpi3uiBlDpWQGEO
0jxVCpJORSXBk5TQLH,Territory2Rule,2021-09-28T09:12:09Z,00QqTKKRSDIZMY222P,Lead,0MIhFynwfbVXs9dGVQ
0jxqliS1AoFKGGwY7F,Territory2Manual,2021-05-08T17:22:42Z,0017q85b1UbQ3zNQ8K,Account,0MI9W71ergxUCFa442
0jxyKEsNnzzpxefQZ6,Territory2Rule,2025-01-02T03:53:46Z,00QP5CX1EkhFqB4EZZ,Lead,0MIzC1NVIBnZH17O31
0jxcH0XF9aEBMgsYCQ,Territory2Manual,2026-05-21T07:27:50Z,00Qq1vVhsIXocnXF2B,Lead,0MIl7AqSJ4kdopu43S
0jxSzLIt501JfVcQL7,Territory2Rule,2024-12-30T04:55:16Z,00QgiI7zEZib3zx219,Lead,0MITSyz0OmeEL3W47W
0jxsHlGAqeEXxR6ANY,Territory2Rule,2021-04-22T17:06:47Z,001qh75A7jHuE1EI0O,Account,0MIzC1NVIBnZH17O31
0jxtHjrzFG2kMi2YLH,Territory2Rule,2025-10-11T10:46:54Z,00QC7sT9nZygc4xU4V,Lead,0MIVpi3uiBlDpWQGEO
0jxfhkqJ789n7EWIUW,Territory2Rule,2021-05-10T15:53:47Z,001FChipDL8FyVaQQG,Account,0MIw3XpueDmDiAD4NI
0jxxhStxKnTiylUQ67,Territory2Rule,2021-06-09T16:47:32Z,00QUWpnIli77CSXE3W,Lead,0MIyjKppR3FZep6ORD
0jxtMUACEsMeXPcQU5,Territory2Rule,2021-02-06T16:51:21Z,001e9z8TRFaUOARQMA,Account,0MITSyz0OmeEL3W47W
0jxsdviEIKR6H0HAWZ,Territory2Manual,2025-09-16T09:13:17Z,00QRFPTahmzFj8JUTQ,Lead,0MIw3XpueDmDiAD4NI
0jx32jBqoerpZlDQ5C,Territory2Rule,2021-11-05T13:24:21Z,00QewJqqYU3pN1d2EN,Lead,0MITSyz0OmeEL3W47W
0jxUIr1H6RGSdiKIMQ,Territory2Rule,2022-05-16T02:32:46Z,001ltvwfHnMcdhbAJS,Account,0MITSyz0OmeEL3W47W
0jxR3DFCcH4HRjhQ1N,Territory2Manual,2025-01-29T01:23:05Z,001ZX951OeRh6EHIOJ,Account,0MI0gQqg49w1KHlGWP
0jxArU7w4NBn0g6IPK,Territory2Manual,2026-06-26T02:54:47Z,0011Ah4A4sWSLAjA4O,Account,0MIl7AqSJ4kdopu43S
0jxUuJPhKUpA1FSY9N,Territory2Manual,2021-10-22T10:58:42Z,001vuI7W5NKUSqVAGG,Account,0MIl7AqSJ4kdopu43S
0jxtr5MgigVmxTSQBM,Territory2Rule,2024-12-06T16:05:13Z,001DLqMjZmJEMS7ID7,Account,0MIw3XpueDmDiAD4NI
0jxl8CdXs9dzkmuIFF,Territory2Manual,2024-06-30T02:11:19Z,001C3SilogoPTPGIWX,Account,0MI9TCkBhHzAlSY4ZB
0jxAA6hPyR1kdGbYRJ,Territory2Rule,2021-12-11T21:43:31Z,00QJBZtnhDreBmZURM,Lead,0MIkKpdWPyI8bzvOT2
0jxG7enmjWxhp1wAQI,Territory2Rule,2025-09-07T16:28:43Z,001yU1qilS2HtnNQUW,Account,0MIkKpdWPyI8bzvOT2
0jxgIhFuwfwrJm9YAT,Territory2Rule,2021-05-03T11:12:48Z,00Q3pLdjv5eS0BPFVU,Lead,0MI0gQqg49w1KHlGWP
0jxHUC194aiUYIGING,Territory2Manual,2025-10-27T18:00:27Z,00142tCTlA12GP8QFU,Account,0MIQn6uAa6LyrpmGIH
0jxNbAPgO1Ckz35A9S,Territory2Manual,2022-08-09T15:00:52Z,001rayeK09xezjmQSY,Account,0MIQn6uAa6LyrpmGIH
0jxjIR8C1HAo2F6Y47,Territory2Manual,2024-09-12T13:47:10Z,00134kztbICJD2tYCZ,Account,0MI0gQqg49w1KHlGWP
0jxD9HwwLM1ZDJGQ6V,Territory2Rule,2022-05-29T14:12:23Z,00QrdBDcxlV7PBP2KA,Lead,0MIyjKppR3FZep6ORD
0jxb1VnNwxqFgWfYDG,Territory2Rule,2024-05-22T06:44:33Z,0018MjZShtig55PAG6,Account,0MIyjKppR3FZep6ORD
0jx1tgC4o2cxqMsAH9,Territory2Manual,2023-11-01T14:05:33Z,,,0MI9W71ergxUCFa442
0jxQBMuGMyOrAQNYA3,Territory2Rule,2024-09-28T10:47:57Z,00QH6AQbTKE69oYEMD,Lead,0MIl7AqSJ4kdopu43S
0jxE5HKLqVWZ7HgI7J,Territory2Rule,2024-01-29T20:15:29Z,001wJoE3fYD2hwd303,Lead,0MImLHdZ8TzTCCpG37
0jxaURTQVfMqphhAAD,Territory2Rule,2026-03-22T11:53:57Z,005PNNtZ4a5KgrK8B5,Lead,0MITSyz0OmeEL3W47W
0jxLJ7n6fHFimXFQ6B,Territory2Rule,2024-08-23T02:44:08Z,001wZQxrqs61HJWYCI,Account,0MIkKpdWPyI8bzvOT2
0jxTq8au5ZUnvQSIC3,Territory2Manual,2026-04-10T02:58:31Z,0010WdqUBYu4EriIM6,Account,0MI9TCkBhHzAlSY4ZB
0jxXKxxZ0ou45HIYTN,Territory2Manual,2024-06-19T06:02:30Z,005zwu563HypMJOHUF,Lead,0MIzC1NVIBnZH17O31
0jxfo9eTNBhd0NeIAX,Territory2Rule,2023-08-25T22:38:32Z,001X3Yql9lqICvlQUO,Account,0MI9TCkBhHzAlSY4ZB
0jxd3mVP78FczCTA6Z,Territory2Manual,2022-10-05T22:07:02Z,001t3ufNKZqVIffYHM,Account,0MIkKpdWPyI8bzvOT2
0jxFBrGKVqdVLGgQV3,Territory2Rule,2024-06-28T23:41:56Z,001Rc1LJzjoerNoYJJ,Account,0MIkKpdWPyI8bzvOT2
0jxBW3gvrPxYMGvQMT,Territory2Manual,2023-07-05T13:05:34Z,001Xr4ot1oG2AteQ4O,Account,0MIl7AqSJ4kdopu43S
0jxldfgm3TSNPIxIAK,Territory2Rule,2025-05-17T05:37:46Z,0016aFsydu36rL2Y22,Account,0MI0gQqg49w1KHlGWP
0jxTnnY1MI3Mly9Q12,Territory2Rule,2022-02-04T05:09:08Z,00QMM2t1dS8cE0m2HL,Lead,0MI9TCkBhHzAlSY4ZB
0jxomOSUyRLUaOHQMB,Territory2Rule,2022-02-19T18:08:25Z,0019laP52dnqWh3AF4,Account,0MIkKpdWPyI8bzvOT2
0jxAZ7ifXlwL2u9Y9T,Territory2Manual,2023-08-02T17:27:44Z,001ZIcBit9DhXpUAPA,Account,0MIyjKppR3FZep6ORD
0jxIZZY9uJVpR6NI6T,Territory2Rule,2021-01-22T03:51:50Z,001Nq19y9hHnEHcAPQ,Account,0MIw3XpueDmDiAD4NI
0jxhpMAWOLTo4TpAI8,Territory2Manual,2022-05-14T00:20:34Z,00QqBeevU0zdLEnUVD,Lead,0MI9TCkBhHzAlSY4ZB
0jxqOsUaquDPHreIWA,Territory2Manual,2021-04-06T02:56:29Z,00Qdyw1r50wLBRaMEJ,Lead,0MIl7AqSJ4kdopu43S
0jxKltcH6leSE3oQMK,Territory2Rule,2022-07-21T04:44:21Z,00QyxdTPOGTX9in2SP,Lead,0MIl7AqSJ4kdopu43S
0jxPzksQMhuKyEaIKB,Territory2Manual,2026-04-09T14:47:42Z,0011qafIoKOaGWeA3A,Account,0MIl7AqSJ4kdopu43S
0jxTU4wbSFFvMxxQR1,Territory2Manual,2025-06-19T19:34:53Z,00Q56WOYc8rtPLUMKI,Lead,0MIhFynwfbVXs9dGVQ
0jxN0MEDKsSxHrgA0H,Territory2Manual,2023-01-04T15:42:03Z,001KInyPfEAkhgcQEO,Account,0MIVpi3uiBlDpWQGEO
0jxgiRHxgDZ23qnYLL,Territory2Rule,2022-12-24T03:54:21Z,00QQ8auVCEj8a1y2FL,Lead,0MIhFynwfbVXs9dGVQ
0jxkIMs4wYCep8kA8U,Territory2Rule,2022-01-10T23:32:54Z,00Q8tlBUtwmENit2YT,Lead,0MI9TCkBhHzAlSY4ZB
0jxNS8bp5GuLJYAQGD,Territory2Manual,2022-01-06T14:34:25Z,001I9h4vN2Mpc08I26,Account,0MI0gQqg49w1KHlGWP
0jxzWH6YHZu30v0IJD,Territory2Manual,2025-09-30T07:16:26Z,00Q5nMtkafjyHo4E7N,Lead,0MIkKpdWPyI8bzvOT2
0jxSxkIS0R9mPnuYGL,Territory2Rule,2024-04-13T18:39:35Z,00QSkDLXMMSq1KwUA2,Lead,0MImLHdZ8TzTCCpG37
0jxoY22GQCm18f8Q55,Territory2Manual,2026-02-01T09:38:04Z,00QwnrnlLRUdskd2ZH,Lead,0MIzC1NVIBnZH17O31
0jxCFut2DegL62cI04,Territory2Manual,2021-08-30T21:17:56Z,001BjMFM5mN692fQ0D,Account,0MIw3XpueDmDiAD4NI
0jx9pWqFTAVscCCAA5,Territory2Rule,2024-02-11T06:53:59Z,001Inbo5xzWKldwA1H,Account,0MITSyz0OmeEL3W47W
0jxEsT3cYFMViz4AKA,Territory2Rule,2025-04-15T02:12:51Z,0017zKMESrLRf4iY3C,Account,0MIyjKppR3FZep6ORD
0jxcQtE0P29me87Y54,Territory2Rule,2023-04-19T18:37:28Z,001Jvw3QmMMOMA2IAG,Account,0MITSyz0OmeEL3W47W
0jxt0dEwh5UBn9wA8R,Territory2Manual,2022-07-13T22:52:03Z,001EzVzzzPDO3QjIJG,Account,0MIyjKppR3FZep6ORD
0jx1ndInqJ62bnsQOM,Territory2Rule,2021-08-26T10:02:17Z,003U3MWdCAswKgM180,Lead,0MIzC1NVIBnZH17O31
0jxeikU4TpxflYxA9H,Territory2Rule,2023-01-21T09:32:41Z,00Q1VeBEf6i8lWTEID,Lead,0MIVpi3uiBlDpWQGEO
0jxTr7IyzFI4IHTIGF,Territory2Rule,2026-04-24T14:55:43Z,001KQsenOWHB4fuQM5,Account,0MI0gQqg49w1KHlGWP
0jxlVUr6Qh5RDxbYA8,Territory2Manual,2022-09-28T02:04:46Z,001pUY9CVMaLCa4YQV,Account,0MIVpi3uiBlDpWQGEO
0jxFfA6WIfq4LjwYS9,Territory2Manual,2026-04-14T07:32:17Z,001R0OuIWPEowdMYT2,Account,0MIVpi3uiBlDpWQGEO
0jxtV1dbi0XMG6mYHU,Territory2Rule,2025-09-21T17:02:40Z,001Z9FmqrbfBXeVI9A,Account,0MIzC1NVIBnZH17O31
0jx3Kt80InKc5yEIF4,Territory2Manual,2021-01-07T08:53:40Z,001mOakw0eBtWL3I8G,Account,0MIl7AqSJ4kdopu43S
0jxOlAQk7dNdtkbAMX,Territory2Manual,2024-11-20T06:53:14Z,001CXiPlYrfwSgoQU2,Account,0MIzC1NVIBnZH17O31
0jxkcn3IbWHx8qbYIY,Territory2Rule,2024-06-03T17:01:31Z,00QI5geDEvC5jgXM9Y,Lead,0MImLHdZ8TzTCCpG37
0jxiKcJKr3glpuLYM4,Territory2Manual,2023-12-08T07:59:53Z,00QeUzfics1tZYxUYR,Lead,0MI9TCkBhHzAlSY4ZB
0jxZsr0yup6awgnII5,Territory2Manual,2021-02-08T16:13:34Z,00Q7wPdPSVqkLv5U1W,Lead,0MImLHdZ8TzTCCpG37
0jxLllv4p2DYm6VIPA,Territory2Rule,2025-07-27T16:54:39Z,001pOXC8pNylRaRY5A,Account,0MI9TCkBhHzAlSY4ZB
0jxfVrALB0wqWNiAIS,Territory2Rule,2025-01-23T23:40:21Z,001rLqfAY4OfLS1QF8,Account,0MIzC1NVIBnZH17O31
0jxAUMNAXMvopMLQYF,Territory2Manual,2021-10-26T04:00:13Z,0013e2Rh2QW4yB5YBM,Account,0MIQn6uAa6LyrpmGIH
0jxhXOvuiGLsyUIANC,Territory2Manual,2021-11-04T08:08:16Z,001ue1J9V7XEwHtA5N,Account,0MIQn6uAa6LyrpmGIH
0jx4lVksmqSdABWICL,Territory2Rule,2021-04-28T07:26:04Z,001Sv1GXPoTfSKpE0V,Lead,0MIQn6uAa6LyrpmGIH
0jxz87go2UtYlndQSH,Territory2Manual,2025-01-11T05:45:24Z,00QoV7fwRsjR2LFEQ8,Lead,0MIl7AqSJ4kdopu43S
0jxRUoF7kyVSUaPQ1M,Territory2Rule,2022-12-05T16:41:25Z,001glCFlySRS0fOQ6X,Account,0MIzC1NVIBnZH17O31
0jxKROcWFVTOKD2I0E,Territory2Rule,2023-09-29T06:10:02Z,001j6nRokzRlCs1Y07,Account,0MIJkNu03tSUxmjGSK
0jxrLeFAKKWXt6CAKC,Territory2Manual,2025-06-23T09:27:45Z,001g2MhymLdN59YQJG,Account,0MIVpi3uiBlDpWQGEO
0jxVJTuqoBmL8z5Q0R,Territory2Manual,2025-12-27T12:43:19Z,00QlUzyaCbkFasT2SO,Lead,0MIl7AqSJ4kdopu43S
0jxOBjetUQucgE2QPS,Territory2Manual,2022-03-19T03:46:22Z,00QvBrkGN0auGtu2G7,Lead,0MIyjKppR3FZep6ORD
0jxTMiQrYgEvLmmIXP,Territory2Rule,2025-07-02T10:51:38Z,001CAfL4eM9INwqAJY,Account,0MIw3XpueDmDiAD4NI
0jxDDmUm0vyXQdOA7Z,Territory2Rule,2022-01-07T17:04:25Z,00QBfUgpB6buKMo29P,Lead,0MI0gQqg49w1KHlGWP
0jxUARCk4Vm3eAgYRJ,Territory2Manual,2026-03-25T11:29:44Z,001BH0vNAlwEWFXALI,Account,0MI9TCkBhHzAlSY4ZB
0jxO3hqwUWno25zAUV,Territory2Manual,2022-12-19T23:34:11Z,00QRZ9fVDIFumH7U01,Lead,0MIw3XpueDmDiAD4NI
0jx3xQnHS5JG5ZDQIX,Territory2Manual,2025-04-19T12:15:25Z,001H2ifRi7MnAnLIKL,Account,0MIkKpdWPyI8bzvOT2
0jxJOg3ZQxAxUVZAJW,Territory2Rule,2026-05-20T19:52:07Z,001NRMSr13PD4ICIOI,Account,0MITSyz0OmeEL3W47W
0jxIroZbZuvAYQJINF,Territory2Manual,2023-08-22T02:44:18Z,001c7rzVaNFRVVTYG3,Account,0MIVpi3uiBlDpWQGEO
0jx2Q6JlndlEcpvIMV,Territory2Rule,2023-09-01T03:43:51Z,005js6e0hZobxkq1RN,Lead,0MIQn6uAa6LyrpmGIH
0jxWpXc0zaTqIacQHJ,Territory2Rule,2023-08-09T20:35:04Z,00QRGIidfcdGgui6YW,Lead,0MI0gQqg49w1KHlGWP
0jxeOthrmDH1lpnYDV,Territory2Rule,2025-07-24T18:41:45Z,001G40EGKjt7p96I7T,Account,0MI0gQqg49w1KHlGWP
0jxJbqAqMglAL25YX0,Territory2Manual,2024-11-11T00:03:11Z,00Qv1cOEaixj3aD2YB,Lead,0MIw3XpueDmDiAD4NI
0jxe5cXvahJ8YWuIV6,Territory2Manual,2024-07-27T22:43:00Z,00QczOatOR1gejm2J6,Lead,0MICqLzuYbs6nnLOCB
0jxzdHavtbEii3zY8F,Territory2Rule,2026-04-13T18:32:02Z,00QmsKOiOTf9IsJU1I,Lead,0MI0gQqg49w1KHlGWP
0jx8AjHXEqD5NOFA8Z,Territory2Rule,2021-05-22T21:18:13Z,001weXn951AJsDn68O,Lead,0MIhFynwfbVXs9dGVQ
0jxAODFw9919fnTY6Z,Territory2Rule,2023-09-30T16:11:18Z,001QAtek1IxiotWYQX,Account,0MITSyz0OmeEL3W47W
0jxEgLyAggHPGqBI9W,Territory2Rule,2023-12-03T12:26:05Z,00QgU4xp6FresLfMKI,Lead,0MIhFynwfbVXs9dGVQ
0jxtr9gPehjctzhAQO,Territory2Rule,2022-04-03T13:50:18Z,00QowrNFAj14naH1F5,Lead,0MIQn6uAa6LyrpmGIH
0jxCqHEFQatsJalYE7,Territory2Rule,2026-04-08T09:05:37Z,00QFBgqHaHGwXRIUDL,Lead,0MIl7AqSJ4kdopu43S
0jxj3zlkWzwm6rMIIZ,Territory2Rule,2021-05-04T03:49:02Z,001zBr7D0amNm8PY72,Account,0MIhFynwfbVXs9dGVQ
0jxYVM3gehyv2p8QGP,Territory2Manual,2023-12-07T18:30:30Z,001Y7WfxpecwwzUQ8R,Account,0MITSyz0OmeEL3W47W
0jxn0YLYTlOcaR1QNR,Territory2Rule,2022-07-27T11:56:05Z,00QrPr2e9yFhF3H2JF,Lead,0MIQn6uAa6LyrpmGIH
0jxGREpW3pcH8OCQ34,Territory2Manual,2022-07-27T16:43:35Z,001Ra45bI6XkX2bYRW,Account,0MIyjKppR3FZep6ORD
0jxAJDiY158qBl1AYY,Territory2Manual,2023-05-26T10:24:55Z,00QJvoEBT1AYJvXMJK,Lead,0MI0gQqg49w1KHlGWP
0jxowXNt4N1ShYcA6W,Territory2Manual,2021-09-17T02:12:05Z,00QzCwTrqFCCLLGEIJ,Lead,0MImLHdZ8TzTCCpG37
0jxfYG6SKOCbfDYIUC,Territory2Rule,2021-11-30T04:40:31Z,001L6QQcpJ1qXB2Y62,Account,0MIhFynwfbVXs9dGVQ
0jxvQFSKyXqCPfQIFS,Territory2Manual,2022-01-07T10:31:59Z,001BAfwqbwr0TsUA0T,Account,0MIyjKppR3FZep6ORD
0jxbfjQ4ij8cW4SQQE,Territory2Manual,2022-07-23T12:37:44Z,00QBzhIH1DgpF16UET,Lead,0MIQn6uAa6LyrpmGIH
0jxU1jsWbBLFCNKI7O,Territory2Rule,2024-08-12T10:32:53Z,001X5lK5MbsgblUIV7,Account,0MI0gQqg49w1KHlGWP
0jxLW39di5aGYSUYVP,Territory2Manual,2022-02-05T12:04:01Z,00Qj6batOzzEuN02NH,Lead,0MI9TCkBhHzAlSY4ZB
0jxtLhurVxXvokuQCA,Territory2Manual,2025-05-21T13:21:57Z,001Cie8IUBvN1LAIXN,Account,0MIzC1NVIBnZH17O31
0jx9XxEJxnQZMiBA7Y,Territory2Rule,2025-06-28T17:12:42Z,001D3FX1GvU3G1mAKG,Account,0MIhFynwfbVXs9dGVQ
0jxYbp1nPOWKK5eIB0,Territory2Manual,2022-07-19T04:51:15Z,001z1doamdywpaZI4C,Account,0MIQn6uAa6LyrpmGIH
0jxgVFABoaD2x9TI1E,Territory2Rule,2025-09-26T09:50:43Z,00Q555GU05s8D8v2G9,Lead,0MIVpi3uiBlDpWQGEO
0jxoWIqQeLnTa51YX3,Territory2Rule,2021-03-28T11:38:46Z,0012Sv7fgBrqn2tAX8,Account,0MIBZ92Y8c7CsczWGK
0jx17xPVPungxyKI2Y,Territory2Manual,2025-06-18T02:45:12Z,00QNu70HA3p2TRlU5G,Lead,0MI9TCkBhHzAlSY4ZB
0jxGlpdR0mHbEiOAIP,Territory2Rule,2024-07-27T17:39:16Z,001j7iSsvqojgmCYMF,Account,0MIyjKppR3FZep6ORD
0jxZ5wvAsyE8871ARJ,Territory2Rule,2022-02-23T14:34:37Z,00QqB9xl6gG4W2A2AL,Lead,0MIyjKppR3FZep6ORD
0jxuJRaFWIfhcJwQG7,Territory2Manual,2022-05-04T09:59:45Z,001KLzOHTO9BbVjAXJ,Account,0MIhFynwfbVXs9dGVQ
0jxUfmcUzcwBgKMQBI,Territory2Rule,2021-12-01T11:31:54Z,001v3PBn9EDl48XQNP,Account,0MImLHdZ8TzTCCpG37
0jxXGfhunEOqIr2QW7,Territory2Manual,2024-09-23T02:08:55Z,00QnOKrwhzvbIXv2V3,Lead,0MITSyz0OmeEL3W47W
0jxbS6NbeuvDgJbI5G,Territory2Rule,2025-02-20T18:23:13Z,00QOrPL1pOXtA1mUG0,Lead,0MImLHdZ8TzTCCpG37
0jxLto8DfRagXbIYBX,Territory2Rule,2025-01-08T23:12:53Z,001ev39cBq0xejNIY0,Account,0MIw3XpueDmDiAD4NI
0jxM9fADv9jfCr2ISS,Territory2Manual,2024-07-23T11:20:12Z,00QX0cucWRdsAtW2TI,Lead,0MIzC1NVIBnZH17O31
0jx8uMSdUdZTLdCY36,Territory2Manual,2026-06-02T02:05:09Z,00QK9N5ZUNNGuJm2FD,Lead,0MIw3XpueDmDiAD4NI
0jxtVZJsXVgtboAA2I,Territory2Manual,2025-07-13T14:07:59Z,0012B0IsTb8G7BVAST,Account,0MImLHdZ8TzTCCpG37
0jxK3iUw2tICHcoA0D,Territory2Rule,2021-07-15T18:54:05Z,0010APGD8asQ2PkIS9,Account,0MI9W71ergxUCFa442
0jxX6NCw11yrhuZQ9B,Territory2Manual,2021-01-09T04:04:48Z,00QVgqjppuw8fzfU2S,Lead,0MI9TCkBhHzAlSY4ZB
0jxc2zyx1PqZicHYMM,Territory2Manual,2025-01-27T01:40:07Z,001U2E3Mrt3KZlKQE7,Account,0MI0gQqg49w1KHlGWP
0jxUEf7fHif0VqnQVC,Territory2Rule,2022-04-30T23:15:34Z,001JM2vogN0dvJhQHI,Account,0MI9W71ergxUCFa442
0jxgHmheG3KDq5tIOJ,Territory2Rule,2023-09-12T03:57:16Z,00QOLHAcI6p9gAOEVV,Lead,0MIpee9LC2z1Et8OTC
0jxqwms9vFSa5DFQVA,Territory2Rule,2023-06-14T03:33:53Z,001wp2Q6PkIMrfFY6U,Account,0MICqLzuYbs6nnLOCB
0jxZyE9f8eqFzMmA4F,Territory2Manual,2023-08-06T20:05:26Z,00QR11CvluiPkydMC4,Lead,0MIQn6uAa6LyrpmGIH
0jxFRLyLFp4xwg7IR4,Territory2Rule,2025-01-17T15:39:55Z,005Q6nhOxiXcbVOS5X,Lead,0MIVpi3uiBlDpWQGEO
0jxL4JoU0rDs7JjQZH,Territory2Manual,2025-05-10T13:57:13Z,001b6YbqymKD3ZDA0A,Account,0MI9TCkBhHzAlSY4ZB
0jxNh6emICywIFgA1B,Territory2Rule,2025-04-27T08:03:07Z,00QOLYCub1fAEg2E4M,Lead,0MI0gQqg49w1KHlGWP
0jx9auWxyaH1sDgI5G,Territory2Manual,2024-11-02T07:02:33Z,001oTVBgpJb5kxRYJO,Account,0MIkKpdWPyI8bzvOT2
0jxwNjrVHd1WytJYVC,Territory2Manual,2025-05-21T08:21:22Z,00QKJ0FOcINBUev7JL,Lead,0MIyjKppR3FZep6ORD
0jxTRxpYwOBbfm8Y6N,Territory2Rule,2023-05-04T02:57:19Z,00QpXae6dqgc8pyE7N,Lead,0MIQn6uAa6LyrpmGIH
0jxFyoIDvyTmcBUYVA,Territory2Rule,2024-07-28T02:59:38Z,001R0zWqbJMcj90A0M,Account,0MIQn6uAa6LyrpmGIH
0jxCpEsK8MB3hIQYA6,Territory2Manual,2022-04-17T23:07:18Z,00Qoi05R82gHnoe25Q,Lead,0MI9TCkBhHzAlSY4ZB
0jxQN1TejnSl76XQWA,Territory2Manual,2022-01-18T10:49:20Z,001b6p7wMuocXZFIKR,Account,0MIkKpdWPyI8bzvOT2
0jxsxS4ZPLaIWWgAE5,Territory2Manual,2025-08-06T04:19:14Z,001f6ctaU1r6XIKQI2,Account,0MI0gQqg49w1KHlGWP
0jxWIuApUf8oBFmQPL,Territory2Rule,2024-10-17T23:01:44Z,001cnLEQk5pZMibQH2,Account,0MIzC1NVIBnZH17O31
0jxcGBl5khqEXQeIS3,Territory2Rule,2024-02-18T16:33:23Z,00QeaypqH2FX6LGE8A,Lead,0MIl7AqSJ4kdopu43S
0jx6w1vPdxVBXh6I55,Territory2Rule,2024-08-13T08:09:31Z,001DbG9gnZEl0ZPAAY,Account,0MIzC1NVIBnZH17O31
0jxvaUkqcnDhw14AUJ,Territory2Manual,2022-10-23T23:53:39Z,0017Pw79T9KgAdXIW1,Account,0MIVpi3uiBlDpWQGEO
0jxKQ2nCllMdfLEALN,Territory2Manual,2022-06-05T04:41:52Z,001lUr971GtA6wXYCT,Account,0MIzC1NVIBnZH17O31
0jxQzCJmclQau5SY4Y,Territory2Manual,2025-06-25T06:16:45Z,00Q4xT91YEDMMQkE05,Lead,0MIzC1NVIBnZH17O31
0jxw0CZ8BpS5OLAYOU,Territory2Manual,2021-10-07T16:03:38Z,0015Cr2vcIsO2EGY08,Account,0MIw3XpueDmDiAD4NI
0jxDC3xsZ0LUQfJYP7,Territory2Rule,2022-03-05T13:20:27Z,00QLidmsSMAFm782QJ,Lead,0MImLHdZ8TzTCCpG37
0jx6aOhYMbBL77EI6F,Territory2Manual,2022-11-15T13:03:05Z,003GfMkMdyHHAVZFHG,Lead,0MIVpi3uiBlDpWQGEO
0jx0kWJr4LHQBlXA9G,Territory2Manual,2022-10-04T08:57:41Z,00Q112VMEvKfkmQU8V,Lead,0MIkKpdWPyI8bzvOT2
0jxJf7QX9CXkPB3Y08,Territory2Rule,2025-11-10T06:15:15Z,001F0saAL86T3h5IUF,Account,0MIl7AqSJ4kdopu43S
0jxNu7OhrCvueV1YCX,Territory2Rule,2022-10-29T22:29:38Z,001bEjr0cyFC7SBAXL,Account,0MIzC1NVIBnZH17O31
0jxkDKDQO0ighxyIQE,Territory2Rule,2022-07-03T11:21:43Z,00QF5qbf3yGBCPyE5F,Lead,0MIVpi3uiBlDpWQGEO
0jxiGZRmErtzeNMY8Z,Territory2Manual,2024-10-20T09:30:50Z,79NU1zfqCRW835vXXW,Lead,0MIzC1NVIBnZH17O31
0jxBlM40Tu3wW3KIKT,Territory2Manual,2024-08-13T02:44:32Z,001Onbk5O4QRQcvA7I,Account,0MIzC1NVIBnZH17O31
0jxpX4wYDfA1SLpYAB,Territory2Rule,2026-05-19T06:19:32Z,001GjfBhJ295BInY2G,Account,0MIw3XpueDmDiAD4NI
0jx9vEntLauwszGA8B,Territory2Manual,2024-01-26T21:36:04Z,001IqN1uANorRv0AGO,Account,0MI9W71ergxUCFa442
0jx8pGLmxjg5Xv3YVQ,Territory2Manual,2024-08-05T10:26:10Z,001PuTTthcGKMiPQUX,Account,0MITSyz0OmeEL3W47W
0jxEgWtdp9gCyNOYF5,Territory2Manual,2021-04-22T11:09:49Z,001IGpX26HWSL0HQPY,Account,0MIw3XpueDmDiAD4NI
0jxVQX78nx6Ef8yYTL,Territory2Manual,2023-04-21T13:22:36Z,00Q5KcQk1cqQGPMUXK,Lead,0MIw3XpueDmDiAD4NI
0jxCwj46NzZo9LcA4F,Territory2Rule,2022-12-13T06:19:44Z,00QVr7YnqawknLkMFK,Lead,0MIzC1NVIBnZH17O31
0jxG1ygXOIEFdLAQ1V,Territory2Manual,2022-10-21T07:32:27Z,0016qNzHRpaK4VVIC7,Account,0MITSyz0OmeEL3W47W
0jxwct7Vf0JETamQEF,Territory2Manual,2022-09-04T22:12:15Z,00Qnd0hFaYbSasKU2D,Lead,0MIw3XpueDmDiAD4NI
0jxvN1ujpvetHlVADW,Territory2Manual,2025-07-04T15:46:03Z,001s7ZyiePrkNHmYX9,Account,0MIQn6uAa6LyrpmGIH
0jxnX2css62SnwbYIX,Territory2Manual,2021-11-28T02:24:17Z,0018MjZShtig55PAG6,Account,0MImLHdZ8TzTCCpG37
0jx3rHtA0IwfAmvI5I,Territory2Rule,2025-12-11T22:20:39Z,001mmu9iYNsqBnfYFC,Account,0MIl7AqSJ4kdopu43S
0jxf1ymGyVTjls3Y92,Territory2Rule,2021-10-23T05:19:51Z,001GikJVQQYFMgSI6M,Account,0MIw3XpueDmDiAD4NI
0jxnVQZRF88BsZoYLG,Territory2Rule,2023-01-18T16:16:42Z,00QFqWM1vG2nBRvUA4,Lead,0MIw3XpueDmDiAD4NI
0jxfmbN7gfGz8SJQV0,Territory2Manual,2024-09-30T02:46:29Z,0014xFF5q1fi7GwQMP,Account,0MIQn6uAa6LyrpmGIH
0jxa3320MsF1Ps3YN3,Territory2Manual,2021-07-11T12:30:39Z,001F0HyTq0ZVe9LIP9,Account,0MIkKpdWPyI8bzvOT2
0jxs6N9JeFXgGcqQ3K,Territory2Manual,2024-08-23T22:36:24Z,00QcakUjAdiLnuK290,Lead,0MImLHdZ8TzTCCpG37
0jxgo5FVqEqPRrsQ8E,Territory2Manual,2022-12-16T01:48:49Z,00QrUQeDai7H3TrURQ,Lead,0MImLHdZ8TzTCCpG37
0jxt1BFxnoocTuhQM2,Territory2Manual,2022-09-24T22:11:25Z,00144eZON6YVcQJIGY,Account,0MIyjKppR3FZep6ORD
0jxp7FClebVPowbQQA,Territory2Rule,2021-10-13T19:17:45Z,001gcyiBi1aOx6uAJ7,Account,0MITSyz0OmeEL3W47W
0jxrCJVNYFMZONRYZG,Territory2Manual,2023-03-28T04:28:28Z,001SpROmneVnpzUI6I,Account,0MIyjKppR3FZep6ORD
0jx2mdvYhwT9KweI3P,Territory2Rule,2022-05-23T01:38:01Z,001v16OKJFuZcV0QCS,Account,0MIl7AqSJ4kdopu43S
0jxDqUZHIPEJTcJA2N,Territory2Rule,2024-07-31T06:03:13Z,00QlSCxFkgTJEJOE3I,Lead,0MImLHdZ8TzTCCpG37
0jxvRemtUFQdrY5ARN,Territory2Manual,2026-02-18T18:19:39Z,00QyqGP4BXjtognM57,Lead,0MIw3XpueDmDiAD4NI
0jx3q2uGX4lbPUIA8G,Territory2Rule,2025-10-10T06:32:27Z,00QKw80j9TZ40VUEJI,Lead,0MITSyz0OmeEL3W47W
0jx1NCQ3MCWDWAtA07,Territory2Manual,2024-10-29T11:17:31Z,00Q5fsfMj73VX7r2ID,Lead,0MIhFynwfbVXs9dGVQ
0jxzzYFbnMyRaKXAEZ,Territory2Rule,2024-05-16T12:49:51Z,00QaeG7PPD3IuC5M2Q,Lead,0MIQn6uAa6LyrpmGIH
0jxS4j6p2ACJkZxAMQ,Territory2Manual,2022-11-05T18:57:16Z,001X50Bqc5cThUtYIX,Account,0MIkKpdWPyI8bzvOT2
0jxbQLqO25EHy0TIAO,Territory2Rule,2022-02-21T19:32:45Z,00QmqVfUoMa8Ae6M3M,Lead,0MIpee9LC2z1Et8OTC
0jxrGbWfkYMcDIvY5Z,Territory2Manual,2023-04-26T18:17:09Z,001MfuiALipgsrAIEL,Account,0MI9W71ergxUCFa442
0jxdVqEsbqHoNbaAZB,Territory2Rule,2023-10-23T06:33:43Z,00Qvl1xUtxxARMFMH9,Lead,0MIzC1NVIBnZH17O31
0jxX7cc37rL8bbfYUR,Territory2Manual,2022-10-29T12:42:50Z,001pTLwbTFSx0AVIHA,Account,0MITSyz0OmeEL3W47W
0jxWff3ztpLSvQjY08,Territory2Rule,2026-06-07T22:09:24Z,00QLEUiuDmSr4eD9PJ,Lead,0MIVpi3uiBlDpWQGEO
0jxSF4XlX3TCVkaINX,Territory2Manual,2024-09-02T20:07:57Z,00QjfD68MjSJ9yR2G0,Lead,0MIJkNu03tSUxmjGSK
0jxt1dqlnS44cP3Y0A,Territory2Manual,2025-01-04T00:40:12Z,00QMSBCXGqLIUIOMY0,Lead,0MIQn6uAa6LyrpmGIH
0jxXjnZ1MfVZF4OYKJ,Territory2Manual,2024-12-13T07:49:24Z,003m13Waknf6PNX8VB,Lead,0MIkKpdWPyI8bzvOT2
0jx0Njftkyk05P2YJT,Territory2Rule,2021-02-05T01:57:34Z,001I4vmxErKOgEQQME,Account,0MIl7AqSJ4kdopu43S
0jxN9mlfdnubMrVQHR,Territory2Rule,2022-02-06T09:56:59Z,00Qsg1I6JpI2AMNMMN,Lead,0MIyjKppR3FZep6ORD
0jxypBlMS2KPMy3QEO,Territory2Manual,2025-02-15T13:59:43Z,00QdotioQdvcQJTURY,Lead,0MI9TCkBhHzAlSY4ZB
0jx1QlP0QAhr5jeQOR,Territory2Manual,2024-05-21T14:59:27Z,00Q7e7Briy5g5mcEG3,Lead,0MImLHdZ8TzTCCpG37
0jxs0g4sSxS4AKUIO9,Territory2Manual,2022-06-16T06:54:24Z,0018c9GjM4ln0cnQIN,Account,0MI9W71ergxUCFa442
0jxcONQ3oaxwbIFQO7,Territory2Manual,2022-05-07T00:06:35Z,001tvKQbYklnB9tY2P,Account,0MIyjKppR3FZep6ORD
0jx0XH5aYMCLXh9YWA,Territory2Rule,2024-03-07T20:55:46Z,001OH94vlTF3MI8Y08,Account,0MI9TCkBhHzAlSY4ZB
0jxYQXM2jy10VrPI90,Territory2Manual,2021-04-29T04:35:52Z,00QzHmP6YtezbY4MF4,Lead,0MICqLzuYbs6nnLOCB
0jxZT1VNWtNwwRKIN6,Territory2Rule,2023-05-02T20:15:25Z,00QS8tAYDy96Ug6M2A,Lead,0MIkKpdWPyI8bzvOT2
0jxwZa2VJzjindoI00,Territory2Manual,2024-10-06T03:48:32Z,001GJ2vwlaXONX0IFT,Account,0MI9TCkBhHzAlSY4ZB
0jxQoBZcY1JDhPeYJX,Territory2Rule,2026-03-06T11:36:58Z,001aRI7kJhlvTf0QY9,Account,0MIVpi3uiBlDpWQGEO
0jxy9S1Wl7ki9qMQUG,Territory2Rule,2021-09-08T16:18:21Z,001kC1LlUdj8c3zY68,Account,0MI9TCkBhHzAlSY4ZB
0jxePiDmTV6ImsVIHG,Territory2Manual,2025-04-18T11:37:54Z,00QMth9zNj0wZd68HW,Lead,0MIVpi3uiBlDpWQGEO
0jxJx2l5uCERwsiY32,Territory2Rule,2025-09-06T04:22:09Z,00Ql0D0a4TEiJz72JV,Lead,0MIzC1NVIBnZH17O31
0jx3dpp6WLshhcKI2V,Territory2Manual,2025-02-21T07:20:51Z,00QnMxIvnHOxIuT2AL,Lead,0MIzC1NVIBnZH17O31
0jxcKw58RFDWirLALL,Territory2Manual,2024-12-26T11:33:20Z,00QQIbQq3j2PzG3UYQ,Lead,0MIVpi3uiBlDpWQGEO
0jxDy2FGAQOhUtKQDB,Territory2Rule,2025-08-17T05:36:47Z,001B2d6s5HXqPpaQYB,Account,0MIw3XpueDmDiAD4NI
0jxJGUDzQTPnZgYYCY,Territory2Manual,2022-10-30T13:42:01Z,001ll0htSxmTlUFAHW,Account,0MIkKpdWPyI8bzvOT2
0jx6HfWDrEMD18fAA5,Territory2Rule,2025-12-31T12:32:58Z,001LDOa8tzZhi9lQLS,Account,0MIzC1NVIBnZH17O31
0jxYGdrL4DP763sQQR,Territory2Manual,2023-07-02T01:45:49Z,0018haifivYezP7QUH,Account,0MITSyz0OmeEL3W47W
0jxTa77G954l6GrAL9,Territory2Manual,2023-07-10T12:22:55Z,00QtR2iD3jjmtDjU8I,Lead,0MIl7AqSJ4kdopu43S
0jxKDwsFCQQpQCKQ82,Territory2Rule,2023-04-09T08:10:57Z,001Y94eVbSCMZThYRA,Account,0MI9W71ergxUCFa442
0jxF8F3ZDZccIrTQQ6,Territory2Rule,2026-05-29T08:15:57Z,001ExSAKzk0AhqsIN2,Account,0MI9TCkBhHzAlSY4ZB
0jxPriEQqkDf8IPYCB,Territory2Rule,2024-07-27T14:14:24Z,00QOihBo4BpD4AFM5Z,Lead,0MI9TCkBhHzAlSY4ZB
0jxvIsNNMZaEjuIQ8G,Territory2Rule,2022-03-22T12:42:15Z,001acV09mYJcIa6YCV,Account,0MIl7AqSJ4kdopu43S
0jxWmmwnpyxQZAoAF1,Territory2Rule,2021-05-21T19:44:23Z,001vXGsLaTZksTjQHC,Account,0MIQn6uAa6LyrpmGIH
0jxK26j4CkfSYlQYV4,Territory2Rule,2024-06-29T09:14:45Z,001zOsseTV2G23QAKL,Account,0MIhFynwfbVXs9dGVQ
0jxRSomtdZfDi8qY48,Territory2Rule,2025-06-10T14:54:23Z,00Qx5o58oifQCyMM6P,Lead,0MIzC1NVIBnZH17O31
0jxF4kMevPScCzmIG5,Territory2Rule,2023-02-23T13:41:58Z,001sAtRqmoa84s0IBV,Account,0MIyjKppR3FZep6ORD
0jxn2SfhtLQ9j1KQPZ,Territory2Manual,2025-09-26T10:48:46Z,00QpYyW2tJFk1dk2RA,Lead,0MITSyz0OmeEL3W47W
0jxPeAeOTtUQLcNADP,Territory2Rule,2021-04-23T05:30:44Z,001upirIJhb5AGBA5J,Account,0MIw3XpueDmDiAD4NI
0jxbudRxOu0IbFhYKU,Territory2Rule,2022-01-24T03:33:48Z,,,0MImLHdZ8TzTCCpG37
0jxw9WRrpL3QMR1QOU,Territory2Rule,2021-07-23T08:03:27Z,00QtR2iD3jjmtDjU8I,Lead,0MI9W71ergxUCFa442
0jx7jK5VXOMcZI0QON,Territory2Rule,2024-09-28T07:09:34Z,00QfY4KdGU4bscbUYE,Lead,0MIzC1NVIBnZH17O31
0jx8wLPkBPPLPjEAJJ,Territory2Manual,2024-11-23T22:06:06Z,00QSm9N00YAhtvB2MT,Lead,0MI0gQqg49w1KHlGWP
0jxvYmA9poKfh2qA82,Territory2Rule,2021-10-08T05:35:17Z,001qjNM8E6bbhfTQD0,Account,0MIw3XpueDmDiAD4NI
0jxPE55Ju171Ym5AI0,Territory2Manual,2026-05-26T13:08:56Z,00QotbB30MqDnlGM52,Lead,0MIzC1NVIBnZH17O31
0jxfmHp8qqqSWOUANB,Territory2Rule,2025-06-05T06:23:30Z,00QVB9CjZnygkhQM3L,Lead,0MIVpi3uiBlDpWQGEO
0jxPlszC4Smtk5aY99,Territory2Manual,2024-11-10T22:23:03Z,00QbUSB7E2cZLeA29C,Lead,0MIw3XpueDmDiAD4NI
0jxk1y9mdTXU5cYQE9,Territory2Manual,2022-08-21T16:56:55Z,00Qu1zWsmYYcL27UBY,Lead,0MI9TCkBhHzAlSY4ZB
0jxq6uuXM1S7OMJIKK,Territory2Rule,2023-10-12T07:39:02Z,001O8ZWUKMYoipYYQ7,Account,0MIpee9LC2z1Et8OTC
0jxsd7CtTMSYSrIA9W,Territory2Rule,2022-12-31T00:38:22Z,00QNVx3rVjayPQUM9L,Lead,0MIQn6uAa6LyrpmGIH
0jx4rtFo5UinjXYQBQ,Territory2Rule,2023-09-15T00:45:58Z,001mmu9iYNsqBnfYFC,Account,0MIhFynwfbVXs9dGVQ
0jxWWx738CbcY1iIUH,Territory2Manual,2024-09-25T08:39:44Z,00QjLyZAdFyvcF4212,Lead,0MIJDtxwl5qoxZcO03
0jxnJkHhKkYPkzHYA8,Territory2Rule,2024-04-22T21:44:09Z,00QIPeYU1sRVhnsUUO,Lead,0MIyjKppR3FZep6ORD
0jxg0eIA1xvc2ifQTR,Territory2Rule,2025-11-16T01:55:03Z,00Q0G4hnvlCVlcYE5Q,Lead,0MIhFynwfbVXs9dGVQ
0jxYZlhAYYSGbguAI4,Territory2Manual,2026-04-27T19:25:05Z,0059TXxjNHb2m6R2S5,Lead,0MITSyz0OmeEL3W47W
0jxIwTKlFfI5qZKQJH,Territory2Manual,2025-12-23T05:25:54Z,00QDAOWXZJK6p2P2LF,Lead,0MITSyz0OmeEL3W47W
0jxaAgD3tbbtmKdQIP,Territory2Rule,2025-08-23T05:19:04Z,00Q3EKy9zChx2qT2UY,Lead,0MIQn6uAa6LyrpmGIH
0jx5FTXcWo0KwyqIHE,Territory2Rule,2022-01-29T16:19:10Z,00QXW1Kd89TZvi4225,Lead,0MIyjKppR3FZep6ORD
0jx4P1TjtaTfPXxY7A,Territory2Rule,2021-11-24T21:46:50Z,00QImjgvwr3RFaNEF2,Lead,0MI9TCkBhHzAlSY4ZB
0jxqZLwpK2NKS8DI9T,Territory2Rule,2026-01-14T10:53:30Z,001x4qMeufUWlfdINO,Account,0MIQn6uAa6LyrpmGIH
0jxOFcWcstOfXC9QOD,Territory2Manual,2024-06-06T10:05:26Z,003KdEWrbm0QdXf977,Lead,0MITSyz0OmeEL3W47W
0jx1Zkr4jhIW9bmI1R,Territory2Rule,2021-07-05T15:48:10Z,001mGDaaFm0faepARX,Account,0MI9W71ergxUCFa442
0jxzRUO08MuqCI4IF1,Territory2Manual,2021-06-11T06:19:32Z,001IqTHPQDIx3azQWL,Account,0MITSyz0OmeEL3W47W
0jx6Mgpoc7Gj2XLIBO,Territory2Rule,2021-12-03T10:53:29Z,005kkEXkJiI87Ky5KO,Lead,0MIw3XpueDmDiAD4NI
0jxTzbRqlQWgsJyQWP,Territory2Manual,2025-10-29T00:38:32Z,00QL6dKainFgymf2F9,Lead,0MI9TCkBhHzAlSY4ZB
0jxrJJfkCggCt8JY1S,Territory2Rule,2026-04-23T08:40:06Z,001yGC8xttQVvNRYNT,Account,0MIzC1NVIBnZH17O31
0jx5PjVfIDEsEzQYVS,Territory2Manual,2021-03-05T19:06:45Z,00Q1CkmtWejv7IK2IJ,Lead,0MIhFynwfbVXs9dGVQ
0jxEWihUtJr1iKCAMT,Territory2Manual,2025-04-27T22:17:37Z,00QR4g2DCWvJrD7EFB,Lead,0MImLHdZ8TzTCCpG37
0jxebuvCvh6ReK9Q8I,Territory2Manual,2023-11-09T05:22:19Z,001DbG9gnZEl0ZPAAY,Account,0MIVpi3uiBlDpWQGEO
0jxDRQ9cRQFwt8RAHO,Territory2Manual,2021-01-05T19:59:23Z,00QHOErhWN0j3DIE08,Lead,0MIQn6uAa6LyrpmGIH
0jxWu5hNHzvlTeRAN3,Territory2Rule,2022-06-03T16:47:47Z,00Qvi3k04gyPEw0ENI,Lead,0MIkKpdWPyI8bzvOT2
0jxuxuBt1BOABvRA3M,Territory2Manual,2024-09-08T08:27:55Z,001XJBJ9looV3jVARS,Account,0MIl7AqSJ4kdopu43S
0jxg4EEHyK7y3jKQWP,Territory2Rule,2025-09-09T15:35:49Z,0018MjZShtig55PAG6,Account,0MIw3XpueDmDiAD4NI
0jxYWoZxg4v6uMpI7T,Territory2Manual,2024-12-04T08:28:07Z,00Qb4hNws1ZQZuCMU1,Lead,0MI0gQqg49w1KHlGWP
0jxMB3oIlxm0HGJA60,Territory2Manual,2025-05-10T18:32:10Z,001INTCL5X3OptCYRO,Account,0MIhFynwfbVXs9dGVQ
0jxpYSOUSr20rAFYIL,Territory2Manual,2024-04-30T23:57:44Z,0014rAjCuliftUBIPG,Account,0MITSyz0OmeEL3W47W
0jxuhlMVfUxKE3XQD3,Territory2Manual,2025-06-29T13:44:11Z,003hCtl2qwoiEypS6W,Lead,0MIyjKppR3FZep6ORD
0jxQtSFvkbSKxlkYNA,Territory2Manual,2021-01-31T12:55:09Z,001gQSNxeXgntf7YR3,Account,0MIQn6uAa6LyrpmGIH
0jxw5yBnj2RRApvQ1H,Territory2Rule,2023-02-25T06:30:53Z,001RiZCg1UERbAvQWO,Account,0MIl7AqSJ4kdopu43S
0jxYNK8QTp5PCyWAVJ,Territory2Rule,2026-05-26T12:32:31Z,001mC8KS3W25A4qI66,Account,0MI9TCkBhHzAlSY4ZB
0jx5PMLEesfixhJYQJ,Territory2Manual,2024-06-14T10:32:32Z,00Q7vbkiFLdkwyi2IB,Lead,0MI0gQqg49w1KHlGWP
0jxALCrgziXtiqGIAD,Territory2Manual,2023-08-18T19:59:36Z,00QlBORhVD5YXFEEYW,Lead,0MITSyz0OmeEL3W47W
0jxtw50PuYOb0ZMQT2,Territory2Rule,2026-04-02T22:50:26Z,00QAO9zCMpw2b2lM2B,Lead,0MI0gQqg49w1KHlGWP
0jxg7nzTX2UXRFIY0X,Territory2Manual,2025-01-17T05:31:07Z,001evLCMHIsIpP4IS4,Account,0MImLHdZ8TzTCCpG37
0jxPQIDQLJGuhEQAR5,Territory2Manual,2026-04-07T01:41:15Z,0034IqaYpR2BEBFBEA,Lead,0MImLHdZ8TzTCCpG37
0jxL4oA8X8y35sgYNQ,Territory2Rule,2022-05-25T12:35:46Z,001sS1Mj9gSLRavQC2,Account,0MIkKpdWPyI8bzvOT2
0jx0bWJzuCzB4q0Q6R,Territory2Rule,2024-07-13T17:32:58Z,001MetGBUEn7phAIPH,Account,0MIkKpdWPyI8bzvOT2
0jxvSZX1Be7YiE7YP1,Territory2Manual,2024-11-04T19:00:50Z,00QCMDNmwe3VnA8UVK,Lead,0MIhFynwfbVXs9dGVQ
0jxiTQrUPI2X6RlQ3R,Territory2Manual,2025-01-22T19:56:25Z,00Q3Of6QqIazoySUFS,Lead,0MIw3XpueDmDiAD4NI
0jx2RwSKFVGhkYXQGI,Territory2Manual,2025-07-15T01:04:03Z,00QXO0Al05RrdJyMAG,Lead,0MI9TCkBhHzAlSY4ZB
0jxPrAkReclIBUZI31,Territory2Rule,2024-05-27T01:58:25Z,00Q24M0wdYBK9g4ENJ,Lead,0MIyjKppR3FZep6ORD
0jxwFR7TveGVmT4Q89,Territory2Rule,2025-02-27T08:26:56Z,00Q9rCNWHEieugG2KQ,Lead,0MIQn6uAa6LyrpmGIH
0jxDHiOjQvRgmqfQMW,Territory2Manual,2022-09-24T16:24:56Z,00QDonB7FyGZmEHMX1,Lead,0MI9W71ergxUCFa442
0jx8StWF5mgj6mDIP9,Territory2Rule,2022-12-31T13:46:58Z,001FHyBhLc8CzxgIVO,Account,0MIw3XpueDmDiAD4NI
0jxFLO62sWQU0XwQ5N,Territory2Rule,2025-05-15T09:07:54Z,001qD5B1fJ8KUKBIVO,Account,0MImLHdZ8TzTCCpG37
0jxU536PARlw0vCQZ9,Territory2Manual,2021-02-24T07:52:11Z,00QCUkSYC23syb7MPH,Lead,0MI9W71ergxUCFa442
0jxjua0e7EI9uvcYYP,Territory2Manual,2021-01-15T00:05:50Z,00QR57AsD2u2AvhMLP,Lead,0MITSyz0OmeEL3W47W
0jxGMdy2IPL9PVrA9R,Territory2Manual,2025-12-02T05:00:57Z,001EM3ljRRvtOqaQZO,Account,0MIyjKppR3FZep6ORD
0jx0GEig9I6u7tsITJ,Territory2Manual,2024-02-23T13:26:58Z,003yJH9AwCu69sSZ08,Lead,0MIhFynwfbVXs9dGVQ
0jxuSwKNRDvjzHCIO3,Territory2Rule,2024-07-26T19:43:56Z,001r2Zt5bJoZh5cI46,Account,0MIzC1NVIBnZH17O31
0jxvuj3SgJP84o8QGH,Territory2Rule,2024-03-21T01:45:46Z,00QRInUhBC4TxAwE8C,Lead,0MICqLzuYbs6nnLOCB
0jxBBmp1JqANE8OAQ2,Territory2Rule,2024-07-31T04:58:31Z,00QJuBqJhgShfNc2RM,Lead,0MI9W71ergxUCFa442
0jx2Azij0Rgt927YQ9,Territory2Rule,2021-05-08T00:07:39Z,00Q2HTfrQfVWuUVE4A,Lead,0MI0gQqg49w1KHlGWP
0jxfintkCa9buhfIZF,Territory2Rule,2021-12-12T04:55:56Z,00QZvqYzNfcxk34MUW,Lead,0MIVpi3uiBlDpWQGEO
0jx569qFIF2REGgY8I,Territory2Manual,2023-11-18T02:27:43Z,00Qd5LLTHXbkZlTUXS,Lead,0MI9W71ergxUCFa442
0jxAsz5HVm5Vvo7I4B,Territory2Rule,2023-07-17T21:19:25Z,00175Cmy8DqQrAKINI,Account,0MITSyz0OmeEL3W47W
0jxGZovqIrVWrewI8B,Territory2Manual,2025-11-23T05:21:55Z,00QxdrsVto89d7Q21X,Lead,0MIVpi3uiBlDpWQGEO
0jx8yMfg7V5IavtQK4,Territory2Rule,2022-02-05T13:54:52Z,001iIp10CH2rdjrQCH,Account,0MI0gQqg49w1KHlGWP
0jxC09PS2rcyxyNA5B,Territory2Manual,2026-06-04T10:09:04Z,001JZ9Av5CClhiKIID,Account,0MICqLzuYbs6nnLOCB
0jxiArajIflKN2iQOT,Territory2Rule,2022-07-21T01:46:14Z,001zKmRfZNU4LdqIBJ,Account,0MImLHdZ8TzTCCpG37
0jx9m4zugZQ7UAgQFS,Territory2Manual,2025-01-15T18:39:24Z,001GvUdh6yZWB0wIIH,Account,0MIl7AqSJ4kdopu43S
0jxyWu23BkObEa4QI1,Territory2Manual,2021-01-06T08:10:24Z,00QqggG7dxlggEXE7Z,Lead,0MIyjKppR3FZep6ORD
0jxUb3wPGYDGPHGI7T,Territory2Manual,2021-08-08T21:02:56Z,0013e2Rh2QW4yB5YBM,Account,0MIl7AqSJ4kdopu43S
0jxmmSTU35Ymi9NQ89,Territory2Manual,2023-03-10T23:10:33Z,00Qpa6cvY4MOTT1MLH,Lead,0MIhFynwfbVXs9dGVQ
0jxcc00MECliwpTQFX,Territory2Manual,2022-03-01T07:44:06Z,00QGhTb9MhbnXxNU1X,Lead,0MIVpi3uiBlDpWQGEO
0jxWIr6ma0zqHt3QI8,Territory2Manual,2021-11-20T21:57:32Z,0014RvX7ofOXrw9I9V,Account,0MI9W71ergxUCFa442
0jxks82PfybWXe2IHL,Territory2Manual,2023-08-15T17:56:33Z,00QX7R39dZ5vKZwU0N,Lead,0MIhFynwfbVXs9dGVQ
0jxfGnJUhJedIhBI28,Territory2Manual,2026-01-30T14:06:12Z,0019ojrY0cvCQ2UQ6L,Account,0MITSyz0OmeEL3W47W
0jxhNvgvrHU7MoKQM9,Territory2Manual,2022-05-27T04:47:44Z,00134G8VQW0MQTYI8N,Account,0MIyjKppR3FZep6ORD
0jxOLAaEfBCZeOrITQ,Territory2Rule,2024-11-16T13:39:58Z,001LDvrdIgxRUc4IID,Account,0MIzC1NVIBnZH17O31
0jxwBXGEQmthAG5Q4J,Territory2Manual,2022-01-14T19:55:00Z,003fKnUeELo969mDYH,Lead,0MIkKpdWPyI8bzvOT2
0jxwqzZzAsWS4mLA3T,Territory2Rule,2022-12-20T05:56:14Z,00Q7oWG89BuSorTUPH,Lead,0MIyjKppR3FZep6ORD
0jxTjTBlUoJj7TbY62,Territory2Manual,2024-02-12T04:13:35Z,00335UGjMvRVypoBSV,Lead,0MIVpi3uiBlDpWQGEO
0jxK2pXX0hN6LeYY1V,Territory2Rule,2021-08-18T10:57:39Z,001FifSg7G2gzZrY2M,Account,0MIw3XpueDmDiAD4NI
0jxazrdzq2wziYQIG5,Territory2Rule,2023-03-13T10:36:51Z,003CEgLjeVi1tr387U,Lead,0MIhFynwfbVXs9dGVQ
0jxzcFwOJJOWCZnAR1,Territory2Rule,2024-05-03T09:30:26Z,00Q5iJoFDF3q22z2ZV,Lead,0MImLHdZ8TzTCCpG37
0jxcqqyTYA69o74QA6,Territory2Manual,2022-12-07T16:31:36Z,00QKye5g0rwcoZ9U7D,Lead,0MIw3XpueDmDiAD4NI
0jxW7Gvty58r8bGARZ,Territory2Rule,2022-06-09T13:36:44Z,00QovG7Vl1CHn1yERX,Lead,0MIzC1NVIBnZH17O31
0jxbRJWgDEcaXdgAPZ,Territory2Rule,2025-01-09T18:20:41Z,00QRwmYBE5QmFtP2XG,Lead,0MImLHdZ8TzTCCpG37
0jxmNpHyRMM8TjbAN4,Territory2Manual,2022-09-11T17:45:53Z,001paldePwcfVa7AJJ,Account,0MI0gQqg49w1KHlGWP
0jxy1iCLlCSf3EVA74,Territory2Manual,2021-05-04T03:15:03Z,00Qiw2Lpb0yCJXP2CR,Lead,0MIQn6uAa6LyrpmGIH
0jxKLGc3AGlOjPMA8A,Territory2Manual,2023-01-15T16:39:09Z,00QCQSEnKdMI4lrEIY,Lead,0MIQn6uAa6LyrpmGIH
0jxCpbIjUA43KTJQPM,Territory2Manual,2023-04-28T13:56:24Z,00QbygYopsxoiqGUP4,Lead,0MIl7AqSJ4kdopu43S
0jxDKrDLmer5hWOQNC,Territory2Rule,2022-09-20T06:32:07Z,001jsWcaI2ueqNkQ4J,Account,0MIhFynwfbVXs9dGVQ
0jxUBqo6I85FfYOYYI,Territory2Rule,2023-05-24T13:14:06Z,001nrvjrS2WHC2oY9X,Account,0MIyjKppR3FZep6ORD
0jxlXJpZ3S9OnBFILU,Territory2Manual,2024-12-06T20:30:20Z,00QMrQTqzKMNvO9ENX,Lead,0MI0gQqg49w1KHlGWP
0jxrmhqxFdpz6xjIAW,Territory2Manual,2026-04-06T22:46:16Z,00Q7pxiwlNOFOya2SS,Lead,0MI0gQqg49w1KHlGWP
0jxvpZau3DnpqmhQJT,Territory2Rule,2025-12-19T10:30:25Z,00QzHmP6YtezbY4MF4,Lead,0MI0gQqg49w1KHlGWP
0jxiHnSNzhxl9QzAI0,Territory2Rule,2021-05-08T10:30:26Z,00QMmTNZpx0wDIu21I,Lead,0MIyjKppR3FZep6ORD
0jxZjQxriUe9kjkQL5,Territory2Rule,2026-04-15T22:57:45Z,0014BI0PTpGJAb4ICJ,Account,0MImLHdZ8TzTCCpG37
0jxU5fku29x95ZEAUG,Territory2Manual,2022-02-28T03:30:45Z,001ZmXb9rhCguMsYOS,Account,0MIkKpdWPyI8bzvOT2
0jxIIZWEw0DbTGNYIJ,Territory2Rule,2022-05-24T03:48:49Z,001KqKN8Jf0F9i9AKQ,Account,0MI9W71ergxUCFa442
0jx1OXdQh6EAW39AXP,Territory2Rule,2024-04-19T12:47:35Z,00Q60E8F8EpDY6s28H,Lead,0MImLHdZ8TzTCCpG37
0jxiP2UatQ8XRAMQZ5,Territory2Rule,2026-01-14T00:22:59Z,00QzSt6YatdteK2EFP,Lead,0MIVpi3uiBlDpWQGEO
0jxq1CFo1FIxXsII2U,Territory2Rule,2023-01-31T01:04:35Z,00QrdBDcxlV7PBP2KA,Lead,0MIl7AqSJ4kdopu43S
0jxWga6PCN9bJ8cQE5,Territory2Rule,2021-03-04T09:38:15Z,001zC4hdWCH77CfYVC,Account,0MIzC1NVIBnZH17O31
0jxyPY9dHKfSNmNQWP,Territory2Manual,2024-12-06T03:38:51Z,00QHqSE4BLW3hmhEWV,Lead,0MIl7AqSJ4kdopu43S
0jxrd83bVZ9dPR1YD4,Territory2Rule,2023-11-06T09:04:52Z,001OPCPaC5KbkUKAXY,Account,0MIhFynwfbVXs9dGVQ
0jxINiEwLM7yQ90Q36,Territory2Rule,2024-05-06T06:19:53Z,00QsrFEpFv4FNSS29P,Lead,0MImLHdZ8TzTCCpG37
0jxmVa4rLDhMnduY62,Territory2Rule,2026-06-22T05:50:47Z,0018YzqdxvbgCoaYQU,Account,0MI9W71ergxUCFa442
0jxEZtyVbreaeoHAXD,Territory2Manual,2021-05-16T14:19:57Z,00Q9yt9ZznX1X3cMAQ,Lead,0MITSyz0OmeEL3W47W
0jxUlzj2OSeRqeTQ6L,Territory2Manual,2021-06-12T08:07:01Z,001JM45YOxOPMdeQIO,Account,0MIhFynwfbVXs9dGVQ
0jxaMnaEomtcvgoIR3,Territory2Rule,2025-12-29T07:37:41Z,00QiX2Iaf6uBnG12O8,Lead,0MI9TCkBhHzAlSY4ZB
0jxEW6DtPS7dXDQQQC,Territory2Manual,2021-02-13T00:09:17Z,001wXq5LbckG7u9AEU,Account,0MI9W71ergxUCFa442
0jxBiXJCDwOzDrmQYC,Territory2Rule,2023-01-10T15:05:43Z,001e0UGOTVraqTKQN3,Account,0MIkKpdWPyI8bzvOT2
0jxLFE67XD6SeYBADK,Territory2Rule,2023-10-30T18:33:49Z,001JTximtecXZZ0IK7,Account,0MIw3XpueDmDiAD4NI
0jxfKIWboogBsIIIFH,Territory2Rule,2021-03-13T16:33:32Z,001IqN1uANorRv0AGO,Account,0MI9TCkBhHzAlSY4ZB
0jxzIcPSkkzHGdUAJC,Territory2Rule,2021-02-07T01:21:03Z,00Qqc7xSqAlFGSAM67,Lead,0MI0gQqg49w1KHlGWP
0jxh682NqvEfcVrYIB,Territory2Rule,2025-04-08T02:04:59Z,001fPZTPr8lY6HWABF,Account,0MI9W71ergxUCFa442
0jxVmNIbUxOaL4wYJG,Territory2Manual,2025-08-26T22:17:27Z,001MWcxAC2gFuxkIC7,Account,0MI9TCkBhHzAlSY4ZB
0jxqoovCQPLhxrEYCW,Territory2Rule,2025-03-18T16:04:30Z,00Qv2ExW47KTOQp8P7,Lead,0MIyjKppR3FZep6ORD
0jxtJWkFUrcRcqDA8H,Territory2Rule,2021-11-29T14:49:05Z,001ULaAYdBnWIytQCT,Account,0MIl7AqSJ4kdopu43S
0jx4G5bt9jtC5k9IAP,Territory2Manual,2023-11-12T21:39:57Z,001dVg5Hd2ux7OeY11,Account,0MIl7AqSJ4kdopu43S
0jxqhlFtsNe8q7NYD2,Territory2Manual,2026-05-01T12:31:15Z,001gn26KfjMg4ZII8J,Account,0MIQn6uAa6LyrpmGIH
0jxlUpeB9Ua3RFWYRC,Territory2Manual,2021-03-06T09:34:35Z,003P7EiiElTtwMbZCL,Lead,0MIhFynwfbVXs9dGVQ
0jxFsYnLZlZfdL2IG5,Territory2Rule,2025-02-09T03:03:32Z,00Qw8cqHO6OxQsL217,Lead,0MI0gQqg49w1KHlGWP
0jxsHqoSXbKUEROAL0,Territory2Rule,2023-06-24T20:06:43Z,00QZD4ibfvIMk9fMNV,Lead,0MI9W71ergxUCFa442
0jxj5DEMEkubMNFQA6,Territory2Manual,2025-03-28T11:25:02Z,00QfqY7swSvO4tWEA2,Lead,0MITSyz0OmeEL3W47W
0jxYrLPAEhrP1obQXH,Territory2Rule,2023-05-17T23:42:20Z,00QKd3JzZcAFu5SEY4,Lead,0MI9TCkBhHzAlSY4ZB
0jxtZ3HGKu0JalFQCJ,Territory2Rule,2023-03-27T09:24:09Z,001avRKkn0zGBkGQ4J,Account,0MIw3XpueDmDiAD4NI
0jxoLvB7ck2p9K5AIX,Territory2Manual,2021-10-11T05:31:54Z,003a8uxJvoTFQlj8IL,Lead,0MIzC1NVIBnZH17O31
0jxYQwakd7Sg3akADM,Territory2Rule,2022-02-27T16:50:29Z,001upirIJhb5AGBA5J,Account,0MITSyz0OmeEL3W47W
0jxMK4ZfNMTqtoCYDK,Territory2Rule,2021-10-17T11:40:24Z,00QD2FLDgIgrVrT2WU,Lead,0MI0gQqg49w1KHlGWP
0jxYCL6ux9sh1vjQCI,Territory2Rule,2025-06-11T13:28:46Z,005nd5TGZ9aJSYBF26,Lead,0MI9W71ergxUCFa442
0jxipJPy5mIKI2CY9Z,Territory2Rule,2026-01-04T11:00:09Z,00QODmhP1PzKevJEUI,Lead,0MImLHdZ8TzTCCpG37
0jxczTM2QX0V7eaQNK,Territory2Manual,2023-02-21T02:20:40Z,00QbhZ9eksRgiYSUJ9,Lead,0MIQn6uAa6LyrpmGIH
0jxAGGXWVVYKOBbALF,Territory2Rule,2022-09-29T13:39:48Z,00Q7KP3KSGbn8RXEXT,Lead,0MIkKpdWPyI8bzvOT2
0jxDfHp8uuJ2Tc2Y8K,Territory2Rule,2022-01-03T11:11:26Z,001mdSX3YnkEjM0IVS,Account,0MIkKpdWPyI8bzvOT2
0jxhIttPwaEBnQsY5Y,Territory2Manual,2021-06-13T12:19:46Z,00Quiuom86GC26MMV2,Lead,0MIw3XpueDmDiAD4NI
0jxl7Xthat4EcAwAND,Territory2Manual,2025-09-06T12:31:05Z,0015F3Mg4glglAzQRW,Account,0MIVpi3uiBlDpWQGEO
0jxI33K0w5aufT8IUE,Territory2Manual,2022-08-09T04:49:09Z,001EfCWGYJDN0FJVGQ,Lead,0MIkKpdWPyI8bzvOT2
0jx17bFCt63WwuVA4O,Territory2Manual,2022-01-15T07:18:13Z,00Qw1AJ0mmmxpJd2BV,Lead,0MIQn6uAa6LyrpmGIH
0jxnmSmX0mICp6XIVW,Territory2Manual,2025-01-26T04:46:54Z,00QAN3bZOehobaYEEB,Lead,0MITSyz0OmeEL3W47W
0jxWYuor1eeCTYaA5I,Territory2Rule,2022-05-06T11:35:20Z,001DbpAGYxaJeBJQYG,Account,0MIzC1NVIBnZH17O31
0jxoDO1RKwGvhrWYXY,Territory2Rule,2025-06-20T10:25:21Z,001wp2Q6PkIMrfFY6U,Account,0MImLHdZ8TzTCCpG37
0jxut3WsniXQlPWQYH,Territory2Manual,2022-06-21T03:17:48Z,001ygA3FAG75gTTAXO,Account,0MImLHdZ8TzTCCpG37
0jxBgvMtW0Iyde1AFH,Territory2Rule,2021-05-02T22:24:01Z,0010APGD8asQ2PkIS9,Account,0MIl7AqSJ4kdopu43S
0jxG7v5JIZx6hh4Q8M,Territory2Rule,2022-04-09T17:37:19Z,00QQ10gwSA0OKt8MAD,Lead,0MImLHdZ8TzTCCpG37
0jxAvthUvCj1LrDIV3,Territory2Rule,2025-04-24T23:37:45Z,001PGT3RTshcjoGA36,Account,0MIhFynwfbVXs9dGVQ
0jxEpZFSNXHaGf8YP7,Territory2Manual,2025-06-13T19:48:09Z,00Qc7vTwmwyT2TM23U,Lead,0MI9TCkBhHzAlSY4ZB
0jxoD7dV267h8fJQ6V,Territory2Manual,2024-12-01T09:09:37Z,001LaewwyaBMECsIRO,Account,0MIhFynwfbVXs9dGVQ
0jxO4iVWIgOyvXBIOF,Territory2Manual,2024-01-21T19:10:15Z,00QIh9wPQiR4CJ4EMM,Lead,0MIVpi3uiBlDpWQGEO
0jxyLXU0vgyT7GcA9Z,Territory2Manual,2024-03-18T22:36:42Z,00QODmhP1PzKevJEUI,Lead,0MI9W71ergxUCFa442
0jx3NwkkFpTobmXIT1,Territory2Manual,2021-03-18T05:54:10Z,00Qv2ExW47KTOQp8P7,Lead,0MIkKpdWPyI8bzvOT2
0jx6pTYib71HxzvQS6,Territory2Manual,2025-11-28T02:33:30Z,00Qu8cX5jreXyWQEAW,Lead,0MI9TCkBhHzAlSY4ZB
0jx7DLH7rkDJVJIAWG,Territory2Rule,2023-07-05T07:03:30Z,001HN4NjiBD6CXII3H,Account,0MIQn6uAa6LyrpmGIH
0jxqUHvMSm1N1F6Y9F,Territory2Rule,2026-06-29T14:47:55Z,00Qx5iyUJ6aRLc2U1Q,Lead,0MIVpi3uiBlDpWQGEO
0jxG3LhRTO72FtYA97,Territory2Manual,2023-05-23T14:15:27Z,001yauEEDknBCyrAL7,Account,0MIVpi3uiBlDpWQGEO
0jxD1lgCv8Rk1c7QLI,Territory2Rule,2023-10-31T12:07:34Z,00Q4NcoLRdYhBEjMUT,Lead,0MIw3XpueDmDiAD4NI
0jxR6TpRUx3znFKIBE,Territory2Manual,2025-11-17T23:20:51Z,001Q3kntrifzyYWI62,Account,0MI9TCkBhHzAlSY4ZB
0jxm93THhACus3gQ1J,Territory2Rule,2025-09-05T15:37:56Z,001n3aMHCveux7aI17,Account,0MIyjKppR3FZep6ORD
0jxV1Vt7TPiqHNaYHZ,Territory2Manual,2022-09-07T02:22:38Z,001cvG5DjhEsIaIAD0,Account,0MI0gQqg49w1KHlGWP
0jxLT6uXc5heOFrYRN,Territory2Rule,2026-01-23T22:58:04Z,00QJwHR0PxJmEJs2ZY,Lead,0MIhFynwfbVXs9dGVQ
0jxnrTvm5QAnkufAEF,Territory2Manual,2023-05-21T21:14:16Z,001xWEEO3zOAo9KY3S,Account,0MIl7AqSJ4kdopu43S
0jxgLhHXYBbUxsIYLK,Territory2Rule,2025-12-17T21:46:33Z,001MMbrZQQUkCyfI5Q,Account,0MIkKpdWPyI8bzvOT2
0jxOEpxkVFtTqz9IEL,Territory2Rule,2023-09-10T16:55:50Z,00QbygYopsxoiqGUP4,Lead,0MIhFynwfbVXs9dGVQ
0jxy7WW2BHZ5CqUQ2K,Territory2Rule,2022-09-21T13:13:38Z,001ClNAQA1Xn4fUINT,Account,0MI9W71ergxUCFa442
0jxlfzM3ayBMdBcIVW,Territory2Rule,2022-12-17T04:56:56Z,001qxvOxGkxKlKoYCS,Account,0MImLHdZ8TzTCCpG37
0jxEXQQh5I9AZ2EI9J,Territory2Rule,2021-09-22T22:29:01Z,00180qOlX8UtZ7HQTK,Account,0MI0gQqg49w1KHlGWP
0jxbS65ydBVGX5kYH6,Territory2Rule,2023-06-11T12:43:21Z,001veU1rKvNzbBRQ2J,Account,0MIpee9LC2z1Et8OTC
0jxTJSihRuMpK91Q40,Territory2Rule,2026-02-13T22:33:44Z,001TgK7Trt797foQCB,Account,0MIzC1NVIBnZH17O31
0jxQj2miYd7dG6mYU5,Territory2Rule,2021-02-10T05:13:27Z,00Qwc9x62JlYSOIM9B,Lead,0MImLHdZ8TzTCCpG37
0jxkGrcRYM5DoDOQ0U,Territory2Manual,2024-12-07T16:14:15Z,001Incobp7HHs7MAA7,Account,0MIVpi3uiBlDpWQGEO
0jxqWHV4KM6uNWOI3U,Territory2Rule,2022-08-11T14:10:09Z,001Mpzq9x2yVI5HAED,Account,0MITSyz0OmeEL3W47W
0jx8zhOyBtPuDOSI24,Territory2Rule,2024-09-10T22:41:18Z,00QondrJiMGVh5X22R,Lead,0MI9TCkBhHzAlSY4ZB
0jxVFRIv0Dq4qZdIZA,Territory2Manual,2022-09-16T13:29:56Z,001U9TwW1ZhV64GITA,Account,0MIl7AqSJ4kdopu43S
0jxVmzamsZFFlDeY7F,Territory2Manual,2025-06-28T15:34:19Z,003HluMIyIiWLdZXR0,Lead,0MI9TCkBhHzAlSY4ZB
0jxNLxMYv38kiF8AHH,Territory2Manual,2025-06-21T03:40:53Z,001jIiXAhBEHXIPYQP,Account,0MIl7AqSJ4kdopu43S
0jxewosPCi7iznkAKA,Territory2Rule,2023-02-26T21:31:35Z,00QktzmGs9QF0tQM9S,Lead,0MIl7AqSJ4kdopu43S
0jx3cpdne7QwixPQAQ,Territory2Manual,2023-01-02T16:44:13Z,00173EM2FNl8MMUQT9,Account,0MITSyz0OmeEL3W47W
0jx6FF37GRH9XpDQHP,Territory2Manual,2025-08-13T14:47:15Z,001ChwEVGrfK5bMI0W,Account,0MIw3XpueDmDiAD4NI
0jxHL6jnAA6HuHXAYZ,Territory2Manual,2026-04-05T21:28:50Z,001OyqT9LtQtE0fYGU,Account,0MITSyz0OmeEL3W47W
0jxY6xKFq0Fbi4vIV0,Territory2Manual,2023-02-28T00:11:37Z,001o5vm8lqkBKW6I3B,Account,0MIyjKppR3FZep6ORD
0jxH5AmCHSVC9sBIJW,Territory2Rule,2021-06-02T12:46:45Z,001kgFF0qALhnGGYD4,Account,0MIkKpdWPyI8bzvOT2
0jxBmCs6uOWCBlbYWP,Territory2Rule,2025-07-04T14:09:23Z,00Qa7kvLv9H2sqUU32,Lead,0MIyjKppR3FZep6ORD
0jxxlwDEFkW0sxNIZ8,Territory2Manual,2026-06-05T04:03:21Z,001ZBID6zyXHdcLAAH,Account,0MIyjKppR3FZep6ORD
0jxJRGddQmFbtJsYPL,Territory2Manual,2021-02-14T18:04:32Z,00QBA92hTKUY9NgMX6,Lead,0MIhFynwfbVXs9dGVQ
0jxFVhz4Mz7iLsMY8P,Territory2Rule,2025-02-18T16:23:21Z,00QZRviHtnkxtoY2CV,Lead,0MIw3XpueDmDiAD4NI
0jx4kzhWe2iPKdVIUW,Territory2Manual,2025-09-11T18:54:32Z,001j6nRokzRlCs1Y07,Account,0MI9TCkBhHzAlSY4ZB
0jxaLjQZmn3UXllAJD,Territory2Rule,2022-01-29T06:06:39Z,0017rl4CBbT95B0YG7,Account,0MImLHdZ8TzTCCpG37
0jxHMHC2wMUXy6nQ5N,Territory2Manual,2024-07-07T23:15:44Z,001d6L0YO7RdZlqYEZ,Account,0MIkKpdWPyI8bzvOT2
0jxY69Q64GxS0O1Y4R,Territory2Rule,2023-12-08T17:14:02Z,001OR7GRtb417SOIE9,Account,0MIQn6uAa6LyrpmGIH
0jxekgGnOI1G0MVQME,Territory2Rule,2026-05-13T13:01:22Z,003vk7NGVpjseKTY67,Lead,0MI0gQqg49w1KHlGWP
0jx1yNukVdbyY5rAWL,Territory2Manual,2025-12-02T06:56:21Z,00QD5MOgP7U4QNQECN,Lead,0MIw3XpueDmDiAD4NI
0jxfY9fEFmz0OUmQ7F,Territory2Rule,2022-04-25T06:17:14Z,0032GuwJY0C8YovE29,Lead,0MIyjKppR3FZep6ORD
0jxMSt8kPFjLpENA8T,Territory2Manual,2026-02-26T01:34:04Z,005iGLSQ44d4nET8QG,Lead,0MIzC1NVIBnZH17O31
0jxe2p7KlOTJoSiYD6,Territory2Manual,2022-05-10T14:49:05Z,00QFpYatf8JGzbjU33,Lead,0MIhFynwfbVXs9dGVQ
0jx6S1bftGHt0KxIR5,Territory2Manual,2023-10-28T21:36:34Z,001n8Q7o6w0wrFoIIH,Account,0MIw3XpueDmDiAD4NI
0jxhR7QMULhemaXI3Y,Territory2Manual,2021-07-07T01:50:52Z,00Q53wQXA68ajNoUPC,Lead,0MIkKpdWPyI8bzvOT2
0jxt025p68OgMpUIF9,Territory2Rule,2022-08-26T02:38:05Z,00QmrOzXb6JjAn0UE6,Lead,0MImLHdZ8TzTCCpG37
0jxuaobBHLRhjJCASU,Territory2Manual,2025-03-20T10:05:51Z,0012Mm2CXMo3FSXAIK,Account,0MIw3XpueDmDiAD4NI
0jx2y5dlz9f5q3XAPQ,Territory2Rule,2023-08-25T07:37:11Z,00Qzi7rOmoHM92gUV5,Lead,0MIw3XpueDmDiAD4NI
0jxobEx0JA6LkhbY8Y,Territory2Rule,2024-01-04T08:35:42Z,00152hx60eiLsO2QGQ,Account,0MI9TCkBhHzAlSY4ZB
0jxWIqpYt3VME6sIVC,Territory2Manual,2025-12-31T00:04:55Z,00Q5JrU6oDqavlhUF7,Lead,0MIzC1NVIBnZH17O31
0jxtmqV9X1l6Iv5I1Y,Territory2Manual,2023-05-23T06:05:02Z,001aJFstC9yWgafQNG,Account,0MI0gQqg49w1KHlGWP
0jx3Agr2YkaZqUqYTT,Territory2Rule,2025-09-08T14:59:04Z,001Oil2EokU3tWpID9,Account,0MIVpi3uiBlDpWQGEO
0jxpEehHJVCNMRJAFC,Territory2Manual,2023-10-08T04:21:10Z,001fMh8uolW6mc4APL,Account,0MIyjKppR3FZep6ORD
0jxTLSGc0PdmDIMIWO,Territory2Rule,2021-11-06T18:37:17Z,003JQlxtzZzX1PhPRD,Lead,0MIVpi3uiBlDpWQGEO
0jxnX4ufeHj81fiA6G,Territory2Rule,2025-04-08T07:36:02Z,00QMth9zNj0wZd68HW,Lead,0MIhFynwfbVXs9dGVQ
0jxN64R4W11gOTCYN9,Territory2Rule,2024-03-04T20:20:17Z,0012n9SIy3FafTfYR5,Account,0MIl7AqSJ4kdopu43S
0jx7ZveinOPhpJyAWU,Territory2Manual,2025-08-20T06:09:52Z,00QqFsdnp8542GNMVM,Lead,0MI9TCkBhHzAlSY4ZB
0jxoDkhBvq2hSQVQ3B,Territory2Manual,2024-07-18T03:30:54Z,001kIZzocnhLCvOQBW,Account,0MIkKpdWPyI8bzvOT2
0jxxv6o0VI7sBcEAY6,Territory2Rule,2021-09-08T01:09:43Z,0010jBSxx9cNJfJI6H,Account,0MI9W71ergxUCFa442
0jx1jfhCFDTkXF0I2X,Territory2Rule,2024-06-21T11:36:03Z,001qn0PeVSegyj1AFD,Account,0MIQn6uAa6LyrpmGIH
0jxoXbNTOSjanSSQCK,Territory2Manual,2023-07-29T04:23:55Z,00QJV647PRMKyD32QW,Lead,0MI9TCkBhHzAlSY4ZB
0jx21HqzxAY8BVVAJ3,Territory2Rule,2022-06-08T06:21:52Z,001CtKb9oj7o8JaYFV,Account,0MIkKpdWPyI8bzvOT2
0jxtiVPupg5EOvjQ5B,Territory2Manual,2025-04-27T18:25:27Z,00QwcO51IcNkRVEEQU,Lead,0MI9TCkBhHzAlSY4ZB
0jxxnfVj4HBgxGFI7E,Territory2Rule,2022-01-26T12:08:26Z,00Q3Of6QqIazoySUFS,Lead,0MIyjKppR3FZep6ORD
0jxaow9o4yojjoxALW,Territory2Manual,2021-09-10T21:47:20Z,00QDOWam0Og7jZvU2N,Lead,0MIhFynwfbVXs9dGVQ
0jxF5tofKeJWRAAQ9A,Territory2Manual,2021-12-17T12:15:05Z,00Qh5yubIn9pWLw2AQ,Lead,0MIkKpdWPyI8bzvOT2
0jxcXcHSPcszzw8YZO,Territory2Rule,2023-05-12T13:15:24Z,001Ok5JQopT2gTPQYR,Account,0MIw3XpueDmDiAD4NI
0jxvP5H6NmGTqV9YAJ,Territory2Manual,2022-02-17T17:52:36Z,001mC8KS3W25A4qI66,Account,0MI0gQqg49w1KHlGWP
0jxlAdiG9AszCOSABI,Territory2Manual,2025-07-22T11:41:19Z,001eh32w6Jnrn5JQ8S,Account,0MIQn6uAa6LyrpmGIH
0jxOWlx69yIDUyAQDZ,Territory2Manual,2022-10-03T05:32:43Z,00Qa8JtA5Fp9DVLMIR,Lead,0MIVpi3uiBlDpWQGEO
0jxHLxSt1iFR31mYAN,Territory2Manual,2023-01-29T22:21:16Z,003wnx6TO7u8vzEIU0,Lead,0MImLHdZ8TzTCCpG37
0jxryUvjBZubu1ZI5I,Territory2Rule,2026-02-16T08:01:14Z,00QcEAY9vsSnJ4XU43,Lead,0MIkKpdWPyI8bzvOT2
0jxKQ2jSe4ZdThZAVP,Territory2Rule,2024-09-05T23:49:21Z,001kpkteJ4XLaaYQTV,Account,0MIyjKppR3FZep6ORD
0jxT49MVPEYrxyoYRW,Territory2Rule,2025-01-23T15:09:23Z,00QO4iHttIabwIfU1E,Lead,0MIl7AqSJ4kdopu43S
0jxlxkhMuqHhgt2QWC,Territory2Rule,2026-01-26T23:28:02Z,001qgtf3PTCXHoGGVF,Lead,0MIkKpdWPyI8bzvOT2
0jxnbC6lvh2sA8cILD,Territory2Rule,2022-09-10T00:49:42Z,001rpVRMvKUYUnZQWY,Account,0MI9W71ergxUCFa442
0jxKDwZU5y1q7asIJ5,Territory2Rule,2024-11-30T15:59:05Z,00QWipUmZbJFX0e2OD,Lead,0MImLHdZ8TzTCCpG37
0jxNqaUpnZPhlA7AFD,Territory2Rule,2025-12-05T23:19:19Z,001OLEw0xIyryQpQ2X,Account,0MIyjKppR3FZep6ORD
0jxN8BDeorYuGgqIPC,Territory2Manual,2024-01-15T11:33:26Z,001th7qwAjYM77cYBH,Account,0MImLHdZ8TzTCCpG37
0jxBQuqs2pRkuUmIU0,Territory2Manual,2026-01-11T18:45:44Z,00QpgQOE67GRucdEYD,Lead,0MIhFynwfbVXs9dGVQ
0jxUxZx1gsSMNrTA42,Territory2Manual,2021-08-19T21:16:50Z,001KqKN8Jf0F9i9AKQ,Account,0MIzC1NVIBnZH17O31
0jx5GE00mrKACerA74,Territory2Rule,2023-04-05T06:18:37Z,00QmET4VYHLMqs3MA5,Lead,0MIyjKppR3FZep6ORD
0jxm25ihHgvWn8dQ9I,Territory2Rule,2023-07-07T02:12:11Z,00QCi1HCXB2inFYMEF,Lead,0MIQn6uAa6LyrpmGIH
0jxPsVIX7Lo78BsISV,Territory2Rule,2021-02-11T05:42:10Z,001Hmzu237idVEDY59,Account,0MIw3XpueDmDiAD4NI
0jxLUtC4hW2MzRiQEH,Territory2Rule,2023-09-14T17:04:23Z,0012tOpQ4NIa7RbIUI,Account,0MIzC1NVIBnZH17O31
0jxppl36oOMA0yYYK6,Territory2Rule,2026-06-04T19:44:02Z,001lY6NBb5ge9JhIW4,Account,0MIyjKppR3FZep6ORD
0jxWQBpsr87OF4NYA3,Territory2Manual,2025-03-24T04:36:29Z,00QtL9bWBVNmzmqM2L,Lead,0MIyjKppR3FZep6ORD
