Id,Name,ProductCode,Family,QuantityUnitOfMeasure,Description,CreatedDate,IsActive
01tajD2y2VoohjWQ7N,Danielle Tyler Figueroa,SYN-000001,Support,Each,Synthetic support offering for benchmark workloads.,2021-02-05T08:15:40Z,1
01tfpNseevgyHG4I4H,Colin Stephanie Munoz,SYN-000002,Support,License,Synthetic support offering for benchmark workloads.,2022-01-09T09:31:24Z,1
01tVcftrCBIXeCkYVP,George Michael Martin,SYN-000003,Training,Seat,Synthetic training offering for benchmark workloads.,2023-10-08T23:54:16Z,1
01tehSnAF5tx1G7IVN,Anna Amanda Burgess,SYN-000004,Training,Subscription,Synthetic training offering for benchmark workloads.,2025-09-24T12:05:03Z,1
01tnFIvrye7TJuKI6Y,Ryan Dominique Smith,SYN-000005,Support,License,Synthetic support offering for benchmark workloads.,2021-07-10T03:29:39Z,1
01tURhthsLx6JyoQOA,Virtual Ember Data Platform Select Vector,SYN-000006,Data Platform,License,Synthetic data platform offering for benchmark workloads.,2023-04-15T01:53:33Z,1
01tyFDvfjAnoVc9Q1B,Thomas Richard Baker,SYN-000007,Support,Subscription,Synthetic support offering for benchmark workloads.,2025-10-20T20:08:21Z,1
01tKUFhZVuSwLH0YFY,Dynamic Orbit Data Platform Enterprise Nova,SYN-000008,Data Platform,Seat,Synthetic data platform offering for benchmark workloads.,2022-09-15T14:43:59Z,1
01tKASeQMf6eJe3A8K,Integrated Foundry Data Platform Professional Zenith,SYN-000009,Data Platform,Subscription,Synthetic data platform offering for benchmark workloads.,2021-10-01T17:01:24Z,1
01tbwEYr7q9wizHQ3D,Todd Matthew Cummings,SYN-000010,Hardware,Each,Synthetic hardware offering for benchmark workloads.,2024-10-12T03:02:57Z,1
01tE5PQcgk49jQkYPK,Corey Timothy Novak,SYN-000011,Training,License,Synthetic training offering for benchmark workloads.,2023-04-06T11:46:29Z,1
01tTNvOYUjuEQraQ3O,Casey Joseph Leonard,SYN-000012,Hardware,License,Synthetic hardware offering for benchmark workloads.,2026-05-18T09:41:23Z,1
01t9zr8VHPQu1LlI0K,Virtual Compass Data Platform Professional Horizon,SYN-000013,Data Platform,Each,Synthetic data platform offering for benchmark workloads.,2022-07-16T05:05:55Z,1
01t10q07GCeMRMXQCJ,Christine William Jones,SYN-000014,Support,Each,Synthetic support offering for benchmark workloads.,2021-08-14T16:25:31Z,1
01t7lGWe0GCEcFvQ4A,Dynamic Lattice Cloud Service Edge Aurora,SYN-000015,Cloud Service,Seat,Synthetic cloud service offering for benchmark workloads.,2022-06-05T02:47:05Z,1
01t2bA7wlnQeUCxIWS,Integrated Ember Cloud Service Foundation Ion,SYN-000016,Cloud Service,License,Synthetic cloud service offering for benchmark workloads.,2024-05-10T04:50:46Z,1
01t6YVKVUd3CfahQAX,Melissa Amanda King,SYN-000017,Hardware,Each,Synthetic hardware offering for benchmark workloads.,2025-10-27T04:51:11Z,1
01t264L3UVk4S01QTC,Rachel Michael Fleming,SYN-000018,Hardware,Each,Synthetic hardware offering for benchmark workloads.,2023-04-05T23:37:51Z,1
01tV2dvwb7kXQVhITI,Mark Mike Rasmussen,SYN-000019,Training,Subscription,Synthetic training offering for benchmark workloads.,2024-09-09T17:57:36Z,1
01tkl3rdZhto0MWIR8,Virtual Beacon Cloud Service Foundation Vector,SYN-000020,Cloud Service,License,Synthetic cloud service offering for benchmark workloads.,2021-08-05T13:56:22Z,1
01t7Wi3QdB9AjcFYKP,Adaptive Pioneer Cloud Service Select Cascade,SYN-000021,Cloud Service,Each,Synthetic cloud service offering for benchmark workloads.,2023-05-05T02:05:25Z,0
01tNG3h4vNcQBi8YQG,Sara David Diaz,SYN-000022,Hardware,Seat,Synthetic hardware offering for benchmark workloads.,2023-01-13T04:26:44Z,1
01tcw78vDX9RWoZQ06,Gene Frederick Campbell,SYN-000023,Hardware,Subscription,Synthetic hardware offering for benchmark workloads.,2022-12-26T04:17:57Z,1
01tTiYOuKc2VhIKABY,Modular Summit Data Platform Premier Cobalt,SYN-000024,Data Platform,Seat,Synthetic data platform offering for benchmark workloads.,2022-08-15T14:57:52Z,1
01tvrfAHswk6XJ6AVT,Precision Lattice Data Platform Select Nova,SYN-000025,Data Platform,Seat,Synthetic data platform offering for benchmark workloads.,2021-09-27T12:43:00Z,1
01t0gRllD3sYkehQJL,April William Grant,SYN-000026,Hardware,License,Synthetic hardware offering for benchmark workloads.,2021-06-06T04:22:40Z,1
01tQBzLTuDrA4rIY2R,Christopher Brent Hall,SYN-000027,Training,Subscription,Synthetic training offering for benchmark workloads.,2025-01-04T22:17:49Z,1
01t2EzMCSR6AFKDYFT,Adaptive Orbit Data Platform Professional Pulse,SYN-000028,Data Platform,License,Synthetic data platform offering for benchmark workloads.,2022-09-13T13:52:12Z,1
01tsmdSzMPxkDVuYGY,Dynamic Foundry Cloud Service Standard Atlas,SYN-000029,Cloud Service,License,Synthetic cloud service offering for benchmark workloads.,2025-06-23T00:08:42Z,1
01tXFPVYo6XqDczYVB,Integrated Beacon Cloud Service Core Ion,SYN-000030,Cloud Service,License,Synthetic cloud service offering for benchmark workloads.,2023-11-29T21:15:46Z,1
01t7hUvwBpp5PImQLG,Lauren William Pittman,SYN-000031,Advisory,Subscription,Synthetic advisory offering for benchmark workloads.,2025-07-27T17:46:33Z,1
01tRq8pE579FvdwIAM,Jeffrey Scott Harrington,SYN-000032,Hardware,Subscription,Synthetic hardware offering for benchmark workloads.,2025-04-29T23:34:25Z,1
01tFxFJHOHvc9HvARQ,Rapid Compass Data Platform Standard Ion,SYN-000033,Data Platform,Each,Synthetic data platform offering for benchmark workloads.,2025-06-30T09:54:33Z,1
01tAL3si8B03DPDQ9O,Unified Summit Data Platform Core Vector,SYN-000034,Data Platform,Each,Synthetic data platform offering for benchmark workloads.,2023-04-27T12:51:07Z,1
01tquqtjfoZD0qtA3P,Hannah Mike Garcia,SYN-000035,Training,Each,Synthetic training offering for benchmark workloads.,2025-06-23T05:31:53Z,1
01tJs4IP4KXGpqSYC5,Melissa Calvin Ramirez,SYN-000036,Advisory,License,Synthetic advisory offering for benchmark workloads.,2026-03-17T12:11:15Z,1
01tAi7cp22LvTrpYZA,Elastic Vertex Cloud Service Ultimate Vector,SYN-000037,Cloud Service,Each,Synthetic cloud service offering for benchmark workloads.,2024-11-23T02:53:20Z,1
01tWy4aSbWTH5MRAD6,Shane Troy Davis,SYN-000038,Support,Subscription,Synthetic support offering for benchmark workloads.,2025-12-17T23:31:15Z,1
01tTz3gcBmsMjInYD3,Jenny Felicia Hooper,SYN-000039,Training,Subscription,Synthetic training offering for benchmark workloads.,2022-04-30T11:44:50Z,1
01t4at7lw4j5FweYL1,Richard Robert Ray,SYN-000040,Advisory,Seat,Synthetic advisory offering for benchmark workloads.,2022-11-05T22:14:12Z,1
01tcUKXpM0WRALnA5M,Unified Pioneer Data Platform Ultimate Cobalt,SYN-000041,Data Platform,License,Synthetic data platform offering for benchmark workloads.,2022-12-07T10:54:09Z,1
01tsLqWnGdfONUtA8Q,Christopher Anthony Thompson,SYN-000042,Support,Subscription,Synthetic support offering for benchmark workloads.,2026-02-06T21:38:37Z,1
01tGZiKZgaKqDjfI4K,Holly Jill Mason,SYN-000043,Training,Subscription,Synthetic training offering for benchmark workloads.,2022-08-16T20:23:19Z,1
01tFpX2FRUqcRnqIM9,Keith Brandi Cervantes,SYN-000044,Advisory,Each,Synthetic advisory offering for benchmark workloads.,2024-05-16T00:19:46Z,1
01tAKxax5wNHmuXAAK,Lance Roger Tran,SYN-000045,Training,Seat,Synthetic training offering for benchmark workloads.,2026-04-10T06:10:40Z,1
01tPtwsyf9n0MWKYPH,Precision Ember Cloud Service Essential Aurora,SYN-000046,Cloud Service,Seat,Synthetic cloud service offering for benchmark workloads.,2024-07-20T21:21:43Z,1
01ttnIcUmf2LrF4AX4,Justin Lisa Monroe,SYN-000047,Advisory,License,Synthetic advisory offering for benchmark workloads.,2024-12-02T06:48:19Z,0
01tKbJWKm600cCgAJE,Renee Alejandro Bowen,SYN-000048,Support,Seat,Synthetic support offering for benchmark workloads.,2024-08-18T01:31:28Z,1
01t45T2r1s9UOtNILZ,Kelly Andrea Jordan,SYN-000049,Hardware,Each,Synthetic hardware offering for benchmark workloads.,2023-08-24T09:57:48Z,1
01toGBkQESLwGrGAB2,Suzanne Danielle Bryant,SYN-000050,Advisory,Seat,Synthetic advisory offering for benchmark workloads.,2023-01-03T13:06:30Z,1
01t5ehc5TO9L51fAY8,Erica Curtis Fuller,SYN-000051,Hardware,License,Synthetic hardware offering for benchmark workloads.,2023-12-06T16:01:18Z,1
01ttpCDj58dFUZxQW0,Modular Harbor Data Platform Standard Cascade,SYN-000052,Data Platform,Subscription,Synthetic data platform offering for benchmark workloads.,2026-06-11T11:31:44Z,1
01tib3QpzkDJ5ZXY0G,Precision Compass Data Platform Core Nova,SYN-000053,Data Platform,Subscription,Synthetic data platform offering for benchmark workloads.,2024-08-17T04:48:03Z,1
01tGCTC0Cocai7mYLU,Quantum Summit Cloud Service Enterprise Zenith,SYN-000054,Cloud Service,License,Synthetic cloud service offering for benchmark workloads.,2022-01-02T22:55:12Z,1
01tH9FF8fA9CZeKYBG,Unified Lattice Data Platform Professional Cobalt,SYN-000055,Data Platform,License,Synthetic data platform offering for benchmark workloads.,2022-07-31T15:20:28Z,0
01tABpW6ZnkU3r9I20,Adaptive Ember Data Platform Ultimate Nova,SYN-000056,Data Platform,License,Synthetic data platform offering for benchmark workloads.,2022-03-04T09:08:34Z,1
01tRmAU3fmNV1CqYPI,Connected Vertex Data Platform Edge Atlas,SYN-000057,Data Platform,Seat,Synthetic data platform offering for benchmark workloads.,2023-02-21T01:24:59Z,1
01tt2HXiQI7E9F1IRL,Krystal Jonathon Baker,SYN-000058,Support,Subscription,Synthetic support offering for benchmark workloads.,2022-09-08T06:12:57Z,1
01tcaoN6u2mHIFoQPB,Derek Rebecca Watson,SYN-000059,Advisory,Seat,Synthetic advisory offering for benchmark workloads.,2024-07-18T18:33:12Z,1
01t7uoJkYp0qlw7YJC,Jamie Jason Willis,SYN-000060,Support,Subscription,Synthetic support offering for benchmark workloads.,2026-03-11T12:51:22Z,1
01tJCv6SzssB7KyQZG,William Eric Hayes,SYN-000061,Advisory,Each,Synthetic advisory offering for benchmark workloads.,2022-08-14T21:02:33Z,1
01tUsi4SI5lcLBaYYX,Unified Harbor Data Platform Foundation Solstice,SYN-000062,Data Platform,License,Synthetic data platform offering for benchmark workloads.,2021-06-04T16:02:20Z,1
01tLFl0Q88j3GaOATF,Danny David Jordan,SYN-000063,Advisory,Seat,Synthetic advisory offering for benchmark workloads.,2022-10-03T18:00:43Z,1
01tJJToWew3jl1jYQN,Brett Dana Burke,SYN-000064,Hardware,License,Synthetic hardware offering for benchmark workloads.,2024-04-11T14:17:28Z,1
01tZQBSs1fvhCTNICA,Alyssa Patricia Barnes,SYN-000065,Training,Seat,Synthetic training offering for benchmark workloads.,2022-10-18T12:29:37Z,1
01twCEcgDDkMd9pACR,Randall Cameron Smith,SYN-000066,Training,Subscription,Synthetic training offering for benchmark workloads.,2024-01-16T14:12:50Z,1
01tDf1oeVcjAz1QI83,Laurie Julia Collier,SYN-000067,Support,Subscription,Synthetic support offering for benchmark workloads.,2025-12-04T02:58:20Z,1
01t2WPKVWsXQVDUQWP,Quantum Orbit Cloud Service Vertex Vector,SYN-000068,Cloud Service,License,Synthetic cloud service offering for benchmark workloads.,2021-01-03T05:18:18Z,1
01t3PUJZJM7z7ogYQW,Charles Brittany Marshall,SYN-000069,Training,License,Synthetic training offering for benchmark workloads.,2023-07-19T08:08:00Z,1
01tx6kM8gaCVxGVY0I,Adaptive Beacon Cloud Service Professional Nova,SYN-000070,Cloud Service,License,Synthetic cloud service offering for benchmark workloads.,2025-09-03T08:10:27Z,1
01t8oEVI4WFAWCXA5M,Connected Pioneer Cloud Service Standard Zenith,SYN-000071,Cloud Service,Subscription,Synthetic cloud service offering for benchmark workloads.,2026-06-19T15:16:30Z,1
01tnh7cbKXHRNwtAHZ,Elastic Harbor Cloud Service Core Horizon,SYN-000072,Cloud Service,Subscription,Synthetic cloud service offering for benchmark workloads.,2023-05-08T13:34:43Z,1
01tJkxkC77BNqpMI1D,Angela Lucas Cole,SYN-000073,Hardware,Subscription,Synthetic hardware offering for benchmark workloads.,2024-01-05T18:28:02Z,1
01tTxNhlNIdTR8YQIX,Deborah Daniel Rivera,SYN-000074,Advisory,Seat,Synthetic advisory offering for benchmark workloads.,2023-06-05T10:09:32Z,1
01taesqWUDciy5yISU,James James Moore,SYN-000075,Hardware,Seat,Synthetic hardware offering for benchmark workloads.,2022-10-13T23:01:01Z,1
01tY0Ii9UWBlOfvQCP,Rebecca Nathan Richardson,SYN-000076,Training,Seat,Synthetic training offering for benchmark workloads.,2021-12-14T04:48:04Z,0
01tW9QP1juoicgIQUZ,Virtual Vertex Cloud Service Enterprise Aurora,SYN-000077,Cloud Service,Subscription,Synthetic cloud service offering for benchmark workloads.,2022-03-19T10:23:04Z,0
01teaeCt6DWI9p4I4X,Connected Orbit Data Platform Scale Ion,SYN-000078,Data Platform,Subscription,Synthetic data platform offering for benchmark workloads.,2022-05-08T02:49:13Z,1
01txqvFsMP4bHGiIM8,Randy Pamela Young,SYN-000079,Support,Each,Synthetic support offering for benchmark workloads.,2024-04-04T13:42:52Z,1
01tfdIGGuNBWWCKI1L,Mary Anna Carlson,SYN-000080,Hardware,Each,Synthetic hardware offering for benchmark workloads.,2024-03-07T16:56:50Z,1
01t7NfeQ2lKQvYEI0O,Allen Patrick Cooper,SYN-000081,Training,Seat,Synthetic training offering for benchmark workloads.,2024-05-05T07:59:43Z,1
01tjyaSebi2TTnjA4L,Benjamin Justin Mitchell,SYN-000082,Advisory,Seat,Synthetic advisory offering for benchmark workloads.,2024-10-22T02:48:18Z,1
01tNxoTQ4jtr1L6AQ6,Scott Jordan Williams,SYN-000083,Hardware,License,Synthetic hardware offering for benchmark workloads.,2024-12-25T22:12:49Z,1
01tTVbIpQ0ISm2pYRV,Alyssa Christina Edwards,SYN-000084,Advisory,Each,Synthetic advisory offering for benchmark workloads.,2021-04-08T03:17:11Z,1
01tMLYCFxAL4ZXGYKU,Jenna Hannah Vance,SYN-000085,Support,License,Synthetic support offering for benchmark workloads.,2023-09-03T15:40:40Z,1
01tLLupYH2DWeh5IGW,Charles Lisa Day,SYN-000086,Training,Each,Synthetic training offering for benchmark workloads.,2021-02-04T17:26:02Z,1
01tHponlQrn8ajCQWE,Integrated Vertex Cloud Service Vertex Nova,SYN-000087,Cloud Service,Each,Synthetic cloud service offering for benchmark workloads.,2025-02-26T15:36:20Z,1
01thwlljDEzVPFeIOR,Clarence James Vargas,SYN-000088,Advisory,License,Synthetic advisory offering for benchmark workloads.,2022-10-20T18:53:59Z,1
01tXq0A5CBUXNaxY1K,Catherine Jennifer Hensley,SYN-000089,Support,Subscription,Synthetic support offering for benchmark workloads.,2026-04-26T19:55:31Z,1
01tow8y2sel8hLYA1C,Unified Beacon Cloud Service Select Pulse,SYN-000090,Cloud Service,Subscription,Synthetic cloud service offering for benchmark workloads.,2025-03-03T23:19:39Z,1
01t83HgB02KFAPlQZ2,Steven Jennifer Jimenez,SYN-000091,Support,Seat,Synthetic support offering for benchmark workloads.,2021-05-08T01:25:04Z,1
01tsmgmHr3RHO6MQV1,Connected Harbor Cloud Service Enterprise Ion,SYN-000092,Cloud Service,Seat,Synthetic cloud service offering for benchmark workloads.,2024-12-13T08:06:01Z,1
01tzg9LgIxoHoakYCC,William Judith Bryan,SYN-000093,Training,Seat,Synthetic training offering for benchmark workloads.,2024-11-09T02:30:30Z,1
01tAMQSRO2UkPuWIWX,Amanda Kristen Wells,SYN-000094,Advisory,License,Synthetic advisory offering for benchmark workloads.,2022-10-05T09:30:49Z,1
01tmkTmUIaKve6qAOP,Robert James Jenkins,SYN-000095,Training,Each,Synthetic training offering for benchmark workloads.,2022-08-01T10:13:17Z,1
01tHvx2HKNjnSrwQW0,Quantum Ember Cloud Service Enterprise Vector,SYN-000096,Cloud Service,Seat,Synthetic cloud service offering for benchmark workloads.,2023-06-04T22:11:21Z,1
01tweIfmxoL6ZPIA4Z,Kellie Mark Vaughn,SYN-000097,Hardware,Seat,Synthetic hardware offering for benchmark workloads.,2021-05-05T00:06:47Z,1
01tKlzapJSynAF7IIM,Brent Matthew Little,SYN-000098,Advisory,License,Synthetic advisory offering for benchmark workloads.,2024-04-08T08:22:15Z,1
01tiYJRAccTSvbuYWS,Jacob Emily Mcdowell,SYN-000099,Advisory,Subscription,Synthetic advisory offering for benchmark workloads.,2025-09-05T17:33:06Z,0
01tF1U6IygSY9tvA1Q,Elastic Beacon Data Platform Foundation Cobalt,SYN-000100,Data Platform,Seat,Synthetic data platform offering for benchmark workloads.,2025-06-08T03:56:52Z,1
01tTLO3VWSQ2BwfY01,Thomas Bryan Smith,SYN-000101,Advisory,License,Synthetic advisory offering for benchmark workloads.,2022-12-10T14:57:23Z,1
01tK4wWzmqn0gSVI9U,Open Harbor Cloud Service Ultimate Zenith,SYN-000102,Cloud Service,Each,Synthetic cloud service offering for benchmark workloads.,2025-01-18T06:15:17Z,1
01tCUKpIG176gAIICH,Katherine Andrew Gill,SYN-000103,Advisory,Seat,Synthetic advisory offering for benchmark workloads.,2022-10-24T09:09:41Z,1
01tuDJ2JWNbzA2jA3S,Robert Joshua Hansen,SYN-000104,Hardware,Seat,Synthetic hardware offering for benchmark workloads.,2026-05-25T19:42:34Z,0
01tBDs3hhpdYBGwI2D,Virtual Lattice Cloud Service Scale Atlas,SYN-000105,Cloud Service,License,Synthetic cloud service offering for benchmark workloads.,2026-05-17T03:22:31Z,1
01tZc2wMFiWA0yCYI6,Victoria Pamela Rice,SYN-000106,Training,Subscription,Synthetic training offering for benchmark workloads.,2023-03-29T23:14:51Z,1
01tv9oAk6JoaaNjQCS,Bradley Stacey Young,SYN-000107,Advisory,Subscription,Synthetic advisory offering for benchmark workloads.,2024-12-01T23:58:00Z,0
01toErtMLFCN4nLAFG,Ricky Melissa Bennett,SYN-000108,Hardware,Each,Synthetic hardware offering for benchmark workloads.,2021-09-16T05:54:57Z,1
01taG1hPSd1cWC7Y2A,Open Foundry Cloud Service Select Ion,SYN-000109,Cloud Service,Subscription,Synthetic cloud service offering for benchmark workloads.,2024-06-24T02:58:10Z,1
01t7U5ipBfHp1PQIKM,Angelica Kathleen Clark,SYN-000110,Training,Seat,Synthetic training offering for benchmark workloads.,2025-07-09T00:02:00Z,1
01tx8wrqOMLNvV7YOZ,Rapid Pioneer Data Platform Essential Cascade,SYN-000111,Data Platform,Seat,Synthetic data platform offering for benchmark workloads.,2024-05-02T21:09:05Z,1
01tIDHvdLE9QNSjY85,Michelle James Smith,SYN-000112,Support,Each,Synthetic support offering for benchmark workloads.,2026-05-21T17:59:56Z,1
01taxYZ2MCJ1bDrY7X,Connected Compass Cloud Service Standard Vector,SYN-000113,Cloud Service,Subscription,Synthetic cloud service offering for benchmark workloads.,2021-12-21T18:13:33Z,1
01tRE18SLT5MS5yAMK,Brandon Kelly Gutierrez,SYN-000114,Hardware,License,Synthetic hardware offering for benchmark workloads.,2023-03-29T17:24:31Z,1
01tSnOrHzEYjRlsIDJ,Lisa Taylor Norton,SYN-000115,Hardware,Seat,Synthetic hardware offering for benchmark workloads.,2022-02-09T07:45:53Z,1
01tVDQv03vu3kAWAII,Open Ember Cloud Service Professional Zenith,SYN-000116,Cloud Service,License,Synthetic cloud service offering for benchmark workloads.,2025-11-29T05:35:27Z,1
01tOD1lP4jnWx0CIDK,Paige Cassandra Nelson,SYN-000117,Hardware,Subscription,Synthetic hardware offering for benchmark workloads.,2025-05-02T22:21:43Z,1
01tOrC3Eh4EDJAvABF,Samuel John Peterson,SYN-000118,Support,Seat,Synthetic support offering for benchmark workloads.,2025-10-03T23:31:49Z,1
01tjRyBfxPJZEW0YDL,Virtual Foundry Data Platform Enterprise Atlas,SYN-000119,Data Platform,Subscription,Synthetic data platform offering for benchmark workloads.,2021-03-17T05:32:01Z,1
01tMUwUxqegRhgXQCH,Christopher Jennifer Cole,SYN-000120,Hardware,License,Synthetic hardware offering for benchmark workloads.,2023-03-30T09:00:37Z,1
01tjSACLq3F7ixDIVX,Bryan Melissa Hill,SYN-000121,Support,Each,Synthetic support offering for benchmark workloads.,2024-11-06T04:28:10Z,1
01tdhEbnzCx9gZmI0N,Integrated Harbor Data Platform Edge Aurora,SYN-000122,Data Platform,Each,Synthetic data platform offering for benchmark workloads.,2026-01-30T22:01:59Z,1
01tPg5AmqfQP9ppYVX,Timothy Ryan Oconnell,SYN-000123,Hardware,License,Synthetic hardware offering for benchmark workloads.,2025-04-06T03:19:45Z,0
01t5RWDmHRgJiIMYJP,Charles Wendy Aguilar,SYN-000124,Support,Each,Synthetic support offering for benchmark workloads.,2025-05-06T21:17:45Z,1
01tJfY8BqOSVuBTQYL,Edward James Webb,SYN-000125,Advisory,Subscription,Synthetic advisory offering for benchmark workloads.,2024-03-08T21:12:20Z,1
01tfvR6I8rYbw9YA75,Virtual Ember Data Platform Edge Meridian,SYN-000126,Data Platform,License,Synthetic data platform offering for benchmark workloads.,2025-11-07T07:57:52Z,0
01tdpEmNx9BOBAyYC2,Adaptive Vertex Data Platform Premier Vector,SYN-000127,Data Platform,Subscription,Synthetic data platform offering for benchmark workloads.,2022-08-04T17:57:52Z,1
01trSqsaQ6MiK9TAAL,Sarah Manuel Black,SYN-000128,Hardware,Subscription,Synthetic hardware offering for benchmark workloads.,2026-06-18T06:27:09Z,1
01tmXTTChMUKc8lAZ9,Jose Marcia Rose,SYN-000129,Hardware,License,Synthetic hardware offering for benchmark workloads.,2026-03-12T19:18:03Z,1
01tPmYvxIX0qsDOIHK,Open Beacon Cloud Service Essential Zenith,SYN-000130,Cloud Service,Subscription,Synthetic cloud service offering for benchmark workloads.,2026-05-03T09:38:49Z,1
01ti4FfLefoJftJAYI,Heather John Peters,SYN-000131,Hardware,Each,Synthetic hardware offering for benchmark workloads.,2022-12-05T16:14:02Z,1
01tASbpFFJhJzjoAQP,Rapid Harbor Data Platform Select Nova,SYN-000132,Data Platform,Subscription,Synthetic data platform offering for benchmark workloads.,2024-09-23T08:06:09Z,1
01t3Z3czK8R4Na6IU7,Gary Stephanie Cunningham,SYN-000133,Hardware,Seat,Synthetic hardware offering for benchmark workloads.,2022-06-03T09:23:55Z,1
01tYt0OB7MID1hWAG2,Adaptive Summit Cloud Service Enterprise Horizon,SYN-000134,Cloud Service,Each,Synthetic cloud service offering for benchmark workloads.,2025-09-15T20:32:12Z,1
01tDBFsgsRefO2HYYS,Dynamic Lattice Cloud Service Professional Pulse,SYN-000135,Cloud Service,Seat,Synthetic cloud service offering for benchmark workloads.,2023-11-18T08:38:29Z,1
01tFjJRl0Bl1V77YFI,Jason Samantha Callahan,SYN-000136,Advisory,Seat,Synthetic advisory offering for benchmark workloads.,2026-02-20T13:47:09Z,1
01t4NYEPhUw9BamICS,Jennifer Christian Juarez,SYN-000137,Advisory,Subscription,Synthetic advisory offering for benchmark workloads.,2021-11-17T06:41:12Z,1
01tBjvDXiBQe05pQ6K,Marcus Alyssa Morgan,SYN-000138,Training,Each,Synthetic training offering for benchmark workloads.,2022-09-07T16:51:20Z,1
01tdFNcK7rEYaAcQ98,Rapid Foundry Cloud Service Professional Aurora,SYN-000139,Cloud Service,License,Synthetic cloud service offering for benchmark workloads.,2022-10-12T13:10:14Z,1
01tAY0rfSqXmKmlI0S,Virtual Beacon Cloud Service Standard Ion,SYN-000140,Cloud Service,License,Synthetic cloud service offering for benchmark workloads.,2023-06-20T05:58:19Z,1
01t85nYRxCpN60QICS,Holly Thomas Patterson,SYN-000141,Training,Seat,Synthetic training offering for benchmark workloads.,2022-07-15T13:08:54Z,1
01tbDa8NhBMz25CILB,Douglas Darryl Bishop,SYN-000142,Hardware,Seat,Synthetic hardware offering for benchmark workloads.,2026-02-12T10:27:14Z,0
01tTnVkfEjkD1grILB,Catherine Albert Adkins,SYN-000143,Training,Seat,Synthetic training offering for benchmark workloads.,2026-05-16T04:01:00Z,1
01tP6t7BgPZZLjmA3O,Bill Carl Fry,SYN-000144,Support,Subscription,Synthetic support offering for benchmark workloads.,2024-11-28T21:11:51Z,1
01thBQZLD1IHHQYICZ,Precision Lattice Cloud Service Edge Cobalt,SYN-000145,Cloud Service,Subscription,Synthetic cloud service offering for benchmark workloads.,2026-04-14T12:56:56Z,1
01tNyyCG557IZVJAMV,Rapid Ember Data Platform Foundation Nova,SYN-000146,Data Platform,License,Synthetic data platform offering for benchmark workloads.,2024-01-24T17:22:29Z,1
01tnSmeh0qnccnoQDY,Unified Vertex Cloud Service Scale Zenith,SYN-000147,Cloud Service,License,Synthetic cloud service offering for benchmark workloads.,2022-04-20T13:36:06Z,1
01tCGhSYxgJztyAYCK,Judith James Wilson,SYN-000148,Training,Each,Synthetic training offering for benchmark workloads.,2024-07-10T00:31:15Z,1
01tsCLKAaTcpDt3ARN,William Jacob Trevino,SYN-000149,Support,Subscription,Synthetic support offering for benchmark workloads.,2022-11-13T04:45:20Z,1
01taeOXPP6XFFqPILJ,Kiara Sandra Murphy,SYN-000150,Hardware,Seat,Synthetic hardware offering for benchmark workloads.,2025-04-21T15:13:03Z,1
01tCRyGDRzBg7uOANM,Alyssa Darryl Barnes,SYN-000151,Hardware,Seat,Synthetic hardware offering for benchmark workloads.,2023-11-04T04:41:40Z,1
01tQzRS8NwN7EaTIA6,Jaclyn Emily Stewart,SYN-000152,Support,Seat,Synthetic support offering for benchmark workloads.,2021-06-06T13:26:04Z,1
01tmpCk8Z1bGpy6A1T,Jennifer Julie Foster,SYN-000153,Training,License,Synthetic training offering for benchmark workloads.,2022-12-29T00:54:04Z,1
01tnwaV2txjKBLPYKN,Christopher Lisa Martinez,SYN-000154,Training,Subscription,Synthetic training offering for benchmark workloads.,2024-01-13T06:26:48Z,0
01tzS9ohU8JW5tuYDD,Dawn James Mccoy,SYN-000155,Advisory,Seat,Synthetic advisory offering for benchmark workloads.,2025-09-26T04:53:48Z,1
01tQEBdIawGRa0EI2M,Brian Kenneth Johnston,SYN-000156,Training,Each,Synthetic training offering for benchmark workloads.,2021-03-13T14:03:10Z,1
01tPHiS44NBUdL8I3C,Samantha Anthony Drake,SYN-000157,Support,Subscription,Synthetic support offering for benchmark workloads.,2026-05-16T09:56:59Z,1
01ticCsbXrjWF9FAH9,Modular Orbit Data Platform Professional Vector,SYN-000158,Data Platform,License,Synthetic data platform offering for benchmark workloads.,2021-12-15T03:48:16Z,1
01tFgTvcjvryYPbIQU,David Joe Rush,SYN-000159,Support,Seat,Synthetic support offering for benchmark workloads.,2025-07-18T04:55:00Z,1
01tSN9ryyEsSczxIUK,Jennifer Curtis Cruz,SYN-000160,Support,Each,Synthetic support offering for benchmark workloads.,2023-10-02T08:59:34Z,1
01tBFNGrwq1AKgWQZM,Ryan William Lawson,SYN-000161,Support,License,Synthetic support offering for benchmark workloads.,2023-06-05T01:13:46Z,1
01tEaTYFbf62XyrIGE,Anthony Casey Little,SYN-000162,Training,Each,Synthetic training offering for benchmark workloads.,2026-02-25T10:52:32Z,1
01t1WVbvQg0mCR8IQ5,Dynamic Compass Cloud Service Ultimate Nova,SYN-000163,Cloud Service,License,Synthetic cloud service offering for benchmark workloads.,2021-08-24T03:06:14Z,1
01tumnfMgDuHzp5IGE,Elastic Summit Data Platform Edge Atlas,SYN-000164,Data Platform,License,Synthetic data platform offering for benchmark workloads.,2022-01-03T10:55:21Z,1
01t8I3IcAgR0TlmYMW,Bruce Renee Cardenas,SYN-000165,Advisory,Each,Synthetic advisory offering for benchmark workloads.,2023-05-16T07:20:07Z,0
01tkY3ak5ZCRBHjYRC,Jonathan Jermaine Miller,SYN-000166,Hardware,Seat,Synthetic hardware offering for benchmark workloads.,2022-02-21T14:13:03Z,1
01tvZzWWmOWS6buIKU,Quantum Vertex Data Platform Ultimate Atlas,SYN-000167,Data Platform,Seat,Synthetic data platform offering for benchmark workloads.,2023-01-25T06:29:21Z,1
01t395c3btyYidWQZR,Christine Katie Williams,SYN-000168,Hardware,Each,Synthetic hardware offering for benchmark workloads.,2021-11-03T23:19:24Z,1
01tzXDuwSIeVNvXQKW,Zachary Gary Jones,SYN-000169,Support,Subscription,Synthetic support offering for benchmark workloads.,2022-10-04T05:17:19Z,1
01t7aWrLJOCiWZaA9Z,Dynamic Beacon Data Platform Select Aurora,SYN-000170,Data Platform,Subscription,Synthetic data platform offering for benchmark workloads.,2024-12-24T02:18:00Z,1
01tKjpEkxySpvI7IVL,Michael Jeremy Monroe,SYN-000171,Hardware,License,Synthetic hardware offering for benchmark workloads.,2023-05-17T22:21:16Z,1
01tUA1X0YZmoxZ1A4X,Modular Harbor Data Platform Essential Vector,SYN-000172,Data Platform,Seat,Synthetic data platform offering for benchmark workloads.,2022-10-13T11:53:59Z,1
01tLlltcGPITOCRAMC,Precision Compass Cloud Service Premier Cascade,SYN-000173,Cloud Service,Each,Synthetic cloud service offering for benchmark workloads.,2024-06-23T23:43:10Z,1
01tLQO6rC3r5eZ7I1Z,Stephen Michael Owens,SYN-000174,Support,Each,Synthetic support offering for benchmark workloads.,2023-09-03T16:13:59Z,1
01tFkHMuj8shz13IXI,Jordan Catherine Sullivan,SYN-000175,Support,License,Synthetic support offering for benchmark workloads.,2021-07-26T14:14:09Z,1
01tEGaSJJp85Ed1I1V,Adaptive Ember Data Platform Enterprise Cobalt,SYN-000176,Data Platform,Each,Synthetic data platform offering for benchmark workloads.,2023-07-09T01:40:00Z,1
01t1YY42ogr623kA2T,Thomas Jonathan Kennedy,SYN-000177,Advisory,License,Synthetic advisory offering for benchmark workloads.,2021-03-06T21:29:08Z,1
01tdZ9S6FdDot0OA01,David Natalie Schultz,SYN-000178,Support,Each,Synthetic support offering for benchmark workloads.,2025-09-07T14:58:12Z,1
01tRVZczygwfQeVYDN,Modular Foundry Cloud Service Core Horizon,SYN-000179,Cloud Service,Subscription,Synthetic cloud service offering for benchmark workloads.,2025-04-16T23:51:56Z,1
01tPjohq4E615TII7M,Stephen Cynthia Hamilton,SYN-000180,Hardware,License,Synthetic hardware offering for benchmark workloads.,2025-04-05T15:01:29Z,1
